2026-02-27 19:22:54 [DEBUG] nexus.web.ssh_tunnel: Attempting SSH command: ssh -o StrictHostKeyChecking=no -R 80:127.0.0.1:24912 serveo.net -T -n with pattern: https:\/\/(\S*serveo\.net\S*)
2026-02-27 19:22:54 [DEBUG] nexus.web.ssh_tunnel: SSH tunnel started with PID: 3411
2026-02-27 19:22:56 [DEBUG] nexus.web.ssh_tunnel: [32mForwarding HTTP traffic from https://aec26a0abc24e0e3-77-91-198-255.serveousercontent.com
2026-02-27 19:23:04 [WARNING] nexus.web.ssh_tunnel: Timeout waiting for tunnel URL.
2026-02-27 19:23:04 [WARNING] nexus.web.proxypass: SSHTunnel failed to provide URL.
2026-02-27 19:23:04 [INFO] root: 🔎 Web mode ready for configuration
2026-02-27 19:23:04 [INFO] root: 🔗 Please visit http://127.0.0.1:24912
2026-02-27 19:27:54 [DEBUG] nexus.web.ssh_tunnel: Attempting SSH command: ssh -o StrictHostKeyChecking=no -R 80:127.0.0.1:24912 serveo.net -T -n with pattern: https:\/\/(\S*serveo\.net\S*)
2026-02-27 19:27:54 [DEBUG] nexus.web.ssh_tunnel: SSH tunnel started with PID: 3501
2026-02-27 19:27:55 [DEBUG] nexus.web.ssh_tunnel: [32mForwarding HTTP traffic from https://9d39053686124fc1-77-91-198-255.serveousercontent.com
2026-02-27 19:28:04 [WARNING] nexus.web.ssh_tunnel: Timeout waiting for tunnel URL.
2026-02-27 19:28:04 [WARNING] nexus.web.proxypass: SSHTunnel failed to provide URL.
2026-02-27 19:28:04 [INFO] root: 🔎 Web mode ready for configuration
2026-02-27 19:28:04 [INFO] root: 🔗 Please visit http://127.0.0.1:24912
2026-02-27 19:28:39 [ERROR] root: Unexpected exception in main loop: Event loop stopped before Future completed.
Traceback (most recent call last):
  File "/home/donotweb/Рабочий стол/Nexus - UserBot/Nexus-master/nexus/main.py", line 1095, in main
    self.loop.run_until_complete(self._main())
    ~~~~~~~~~~~~~~~~~~~~~~~~~~~~^^^^^^^^^^^^^^
  File "/usr/lib/python3.13/asyncio/base_events.py", line 723, in run_until_complete
    raise RuntimeError('Event loop stopped before Future completed.')
RuntimeError: Event loop stopped before Future completed.
2026-02-27 19:28:39 [INFO] root: Bye!
2026-02-27 19:28:39 [INFO] nexus.web.ssh_tunnel: Reconnecting SSH tunnel after failure...
2026-02-27 19:32:32 [DEBUG] nexus.web.ssh_tunnel: Attempting SSH command: ssh -o StrictHostKeyChecking=no -R 80:127.0.0.1:24912 serveo.net -T -n with pattern: https:\/\/(\S*serveo\.net\S*)
2026-02-27 19:32:32 [DEBUG] nexus.web.ssh_tunnel: SSH tunnel started with PID: 4276
2026-02-27 19:32:33 [DEBUG] nexus.web.ssh_tunnel: [32mForwarding HTTP traffic from https://98297542cc44dda0-77-91-198-255.serveousercontent.com
2026-02-27 19:32:42 [WARNING] nexus.web.ssh_tunnel: Timeout waiting for tunnel URL.
2026-02-27 19:32:42 [WARNING] nexus.web.proxypass: SSHTunnel failed to provide URL.
2026-02-27 19:32:42 [INFO] root: 🔎 Web mode ready for configuration
2026-02-27 19:32:42 [INFO] root: 🔗 Please visit http://127.0.0.1:24912
2026-02-27 19:33:05 [DEBUG] nexus.web.ssh_tunnel: Attempting SSH command: ssh -o StrictHostKeyChecking=no -R 80:127.0.0.1:24912 serveo.net -T -n with pattern: https:\/\/(\S*serveo\.net\S*)
2026-02-27 19:33:05 [DEBUG] nexus.web.ssh_tunnel: SSH tunnel started with PID: 4332
2026-02-27 19:33:05 [DEBUG] nexus.web.ssh_tunnel: [32mForwarding HTTP traffic from https://b896842679f99338-77-91-198-255.serveousercontent.com
2026-02-27 19:33:15 [WARNING] nexus.web.ssh_tunnel: Timeout waiting for tunnel URL.
2026-02-27 19:33:15 [WARNING] nexus.web.proxypass: SSHTunnel failed to provide URL.
2026-02-27 19:33:15 [INFO] root: 🔎 Web mode ready for configuration
2026-02-27 19:33:15 [INFO] root: 🔗 Please visit http://127.0.0.1:24912
2026-02-27 19:33:48 [DEBUG] nexus.web.root: Waiting for QR login to complete
2026-02-27 19:33:58 [DEBUG] nexus.web.root: Recreating QR login
2026-02-27 19:34:08 [DEBUG] nexus.web.root: Recreating QR login
2026-02-27 19:34:12 [DEBUG] nexus.web.root: QR login completed. 2FA needed: True
2026-02-27 19:34:42 [DEBUG] nexus.web.root: QR login cancelled, new session created
2026-02-27 19:34:45 [DEBUG] nexus.web.root: Waiting for QR login to complete
2026-02-27 19:34:55 [DEBUG] nexus.web.root: Recreating QR login
2026-02-27 19:35:04 [DEBUG] nexus.web.root: QR login cancelled, new session created
2026-02-27 19:35:08 [DEBUG] nexus.web.root: Waiting for QR login to complete
2026-02-27 19:35:18 [DEBUG] nexus.web.root: QR login completed. 2FA needed: True
2026-02-27 19:35:44 [DEBUG] nexus.web.root: 2FA code received for QR login: Rostik@2012*03*27
2026-02-27 19:35:45 [DEBUG] nexus.web.root: 2FA code accepted, logging in
2026-02-27 19:35:50 [ERROR] root: Exception on loading allowed beta testers ids: 404
2026-02-27 19:35:50 [INFO] root: Bye!
2026-02-28 15:19:49 [ERROR] root: Exception on loading allowed beta testers ids: 404
2026-02-28 15:19:49 [INFO] root: Bye!
2026-02-28 15:20:14 [ERROR] root: Exception on loading allowed beta testers ids: 404
2026-02-28 15:20:14 [INFO] root: Bye!
2026-02-28 15:24:55 [ERROR] root: Exception on loading allowed beta testers ids: 404
2026-02-28 15:24:55 [INFO] root: Bye!
2026-02-28 15:54:19 [DEBUG] nexus.database: Database file not found, creating new one...
2026-02-28 15:54:24 [DEBUG] urllib3.connectionpool: Starting new HTTPS connection (1): raw.githubusercontent.com:443
2026-02-28 15:54:24 [DEBUG] urllib3.connectionpool: https://raw.githubusercontent.com:443 "GET /DoNotWeb/assets/refs/heads/main/nexus/nexus_assets.png HTTP/1.1" 404 14
2026-02-28 15:54:26 [ERROR] root: Unexpected exception in main loop: Photo is too small (caused by EditPhotoRequest)
Traceback (most recent call last):
  File "/home/donotweb/Рабочий стол/Nexus/Nexus/nexus/main.py", line 1095, in main
    self.loop.run_until_complete(self._main())
    ~~~~~~~~~~~~~~~~~~~~~~~~~~~~^^^^^^^^^^^^^^
  File "/usr/lib/python3.13/asyncio/base_events.py", line 725, in run_until_complete
    return future.result()
           ~~~~~~~~~~~~~^^
  File "/home/donotweb/Рабочий стол/Nexus/Nexus/nexus/main.py", line 1061, in _main
    await asyncio.gather(*[self.amain_wrapper(client) for client in self.clients])
  File "/home/donotweb/Рабочий стол/Nexus/Nexus/nexus/main.py", line 895, in amain_wrapper
    while await self.amain(first, client):
          ^^^^^^^^^^^^^^^^^^^^^^^^^^^^^^^
  File "/home/donotweb/Рабочий стол/Nexus/Nexus/nexus/main.py", line 1003, in amain
    await db.init()
  File "/home/donotweb/Рабочий стол/Nexus/Nexus/nexus/database.py", line 137, in init
    self._assets, _ = await utils.asset_channel(
                      ^^^^^^^^^^^^^^^^^^^^^^^^^^
    ...<5 lines>...
    )
    ^
  File "/home/donotweb/Рабочий стол/Nexus/Nexus/nexus/utils.py", line 877, in asset_channel
    await set_avatar(client, peer, avatar)
  File "/home/donotweb/Рабочий стол/Nexus/Nexus/nexus/utils.py", line 739, in set_avatar
    res = await client(
          ^^^^^^^^^^^^^
    ...<4 lines>...
    )
    ^
  File "/var/data/python/lib/python3.13/site-packages/herokutl/client/users.py", line 30, in __call__
    return await self._call(self._sender, request, ordered=ordered)
           ^^^^^^^^^^^^^^^^^^^^^^^^^^^^^^^^^^^^^^^^^^^^^^^^^^^^^^^^
  File "/home/donotweb/Рабочий стол/Nexus/Nexus/nexus/tl_cache.py", line 722, in _call
    return await super()._call(
           ^^^^^^^^^^^^^^^^^^^^
    ...<4 lines>...
    )
    ^
  File "/var/data/python/lib/python3.13/site-packages/herokutl/client/users.py", line 92, in _call
    result = await future
             ^^^^^^^^^^^^
herokutl.errors.rpcerrorlist.PhotoCropSizeSmallError: Photo is too small (caused by EditPhotoRequest)
2026-02-28 15:54:26 [INFO] root: Bye!
2026-02-28 19:52:28 [DEBUG] nexus.database: Database file not found, creating new one...
2026-02-28 19:52:28 [DEBUG] root: Got DB
2026-02-28 19:52:28 [DEBUG] root: Loading logging config...
2026-02-28 19:52:29 [DEBUG] nexus.loader: Loading nexus.modules.translations from filesystem
2026-02-28 19:52:29 [DEBUG] nexus.loader: Loading nexus.modules.quickstart from filesystem
2026-02-28 19:52:29 [DEBUG] nexus.loader: Loading nexus.modules.terminal from filesystem
2026-02-28 19:52:29 [DEBUG] nexus.loader: Loading nexus.modules.presets from filesystem
2026-02-28 19:52:29 [DEBUG] nexus.loader: Loading nexus.modules.updater from filesystem
2026-02-28 19:52:29 [DEBUG] nexus.types: Config value was None, so it was reset to False
2026-02-28 19:52:29 [DEBUG] nexus.loader: Loading nexus.modules.test from filesystem
2026-02-28 19:52:29 [DEBUG] nexus.types: Config value was None, so it was reset to 
2026-02-28 19:52:29 [DEBUG] nexus.types: Config value was None, so it was reset to 
2026-02-28 19:52:29 [DEBUG] nexus.loader: Loading nexus.modules.nexus_config from filesystem
2026-02-28 19:52:29 [DEBUG] nexus.loader: Loading nexus.modules.help from filesystem
2026-02-28 19:52:29 [DEBUG] nexus.loader: Loading nexus.modules.settings from filesystem
2026-02-28 19:52:29 [DEBUG] nexus.loader: Loading nexus.modules.nexus_security from filesystem
2026-02-28 19:52:29 [DEBUG] nexus.loader: Loading nexus.modules.nexus_info from filesystem
2026-02-28 19:52:29 [DEBUG] nexus.loader: Loading nexus.modules.inline_stuff from filesystem
2026-02-28 19:52:29 [DEBUG] nexus.loader: Loading nexus.modules.api_protection from filesystem
2026-02-28 19:52:29 [DEBUG] nexus.loader: Loading nexus.modules.nexus_web from filesystem
2026-02-28 19:52:29 [DEBUG] nexus.loader: Loading nexus.modules.nexus_settings from filesystem
2026-02-28 19:52:29 [DEBUG] nexus.loader: Loading nexus.modules.translate from filesystem
2026-02-28 19:52:29 [DEBUG] nexus.loader: Loading nexus.modules.executor from filesystem
2026-02-28 19:52:29 [DEBUG] nexus.loader: Loading nexus.modules.loader from filesystem
2026-02-28 19:52:29 [DEBUG] nexus.types: Config value was None, so it was reset to False
2026-02-28 19:52:29 [DEBUG] nexus.loader: Loading nexus.modules.eval from filesystem
2026-02-28 19:52:29 [DEBUG] nexus.loader: Loading nexus.modules.nexus_backup from filesystem
2026-02-28 19:52:29 [DEBUG] nexus.types: Config value was None, so it was reset to False
2026-02-28 19:52:29 [DEBUG] nexus.types: Config value was None, so it was reset to 
2026-02-28 19:52:29 [DEBUG] nexus.types: Config value was None, so it was reset to 
2026-02-28 19:52:29 [DEBUG] nexus.types: Config value was None, so it was reset to False
2026-02-28 19:52:29 [INFO] nexus.inline.token_obtainment: Bot token not found in db, attempting search in BotFather
2026-02-28 19:52:29 [DEBUG] urllib3.connectionpool: Starting new HTTPS connection (1): ubguard.donotweb.life:443
2026-02-28 19:52:29 [DEBUG] nexus.tl_cache: Saved hashable_entity @BotFather to cache
2026-02-28 19:52:29 [DEBUG] nexus.tl_cache: Saved resolved_entity id 93372553 to cache
2026-02-28 19:52:29 [DEBUG] nexus.tl_cache: Saved resolved_entity username @BotFather to cache
2026-02-28 19:52:33 [DEBUG] nexus.inline.token_obtainment: >> /token
2026-02-28 19:52:33 [DEBUG] nexus.inline.token_obtainment: << Choose a bot to get Bot API access token.
2026-02-28 19:52:35 [INFO] nexus.inline.token_obtainment: User doesn't have bot, attempting creating new one
2026-02-28 19:52:37 [DEBUG] nexus.inline.token_obtainment: >> /newbot
2026-02-28 19:52:37 [DEBUG] nexus.inline.token_obtainment: << Alright, a new bot. How are we going to call it? Please choose a name for your bot.
2026-02-28 19:52:40 [DEBUG] nexus.inline.token_obtainment: >> 🪐 Nexus userbot
2026-02-28 19:52:40 [DEBUG] nexus.inline.token_obtainment: << Good. Now let's choose a username for your bot. It must end in `bot`. Like this, for example: TetrisBot or tetris_bot.
2026-02-28 19:52:44 [DEBUG] nexus.inline.token_obtainment: >> @nexus_z1xiat_bot
2026-02-28 19:52:44 [DEBUG] nexus.inline.token_obtainment: << Done! Congratulations on your new bot. You will find it at t.me/nexus_z1xiat_bot. You can now add a description, about section and profile picture for your bot, see /help for a list of commands. By the way, when you've finished creating your cool bot, ping our Bot Support if you want a better username for it. Just make sure the bot is fully operational before you do this.

Use this token to access the HTTP API:
7953447963:AAHeyLertvZL9YqnsKm3WNm2ygiCWL0iSAE
Keep your token secure and store it safely, it can be used by anyone to control your bot.

For a description of the Bot API, see this page: https://core.telegram.org/bots/api
2026-02-28 19:52:49 [DEBUG] nexus.inline.token_obtainment: >> /setuserpic
2026-02-28 19:52:49 [DEBUG] nexus.inline.token_obtainment: << Choose a bot to change profile photo.
2026-02-28 19:52:52 [DEBUG] nexus.inline.token_obtainment: >> @nexus_z1xiat_bot
2026-02-28 19:52:52 [DEBUG] nexus.inline.token_obtainment: << OK. Send me the new profile photo for the bot.
2026-02-28 19:52:56 [DEBUG] PIL.PngImagePlugin: STREAM b'IHDR' 16 13
2026-02-28 19:52:56 [DEBUG] PIL.PngImagePlugin: STREAM b'pHYs' 41 9
2026-02-28 19:52:56 [DEBUG] PIL.PngImagePlugin: STREAM b'IDAT' 62 8192
2026-02-28 19:52:59 [DEBUG] nexus.loader: Reloaded 98 commands, 0 inline handlers, 3 callback handlers and 2 watchers
2026-02-28 19:52:59 [DEBUG] nexus.inline.token_obtainment: >> <Photo>
2026-02-28 19:52:59 [DEBUG] nexus.inline.token_obtainment: << Success! Profile photo updated. /help
2026-02-28 19:53:01 [INFO] nexus.inline.token_obtainment: Bot token not found in db, attempting search in BotFather
2026-02-28 19:53:04 [DEBUG] nexus.inline.token_obtainment: >> /token
2026-02-28 19:53:04 [DEBUG] nexus.inline.token_obtainment: << Choose a bot to get Bot API access token.
2026-02-28 19:53:09 [DEBUG] nexus.inline.token_obtainment: >> @nexus_z1xiat_bot
2026-02-28 19:53:09 [DEBUG] nexus.inline.token_obtainment: << You can use this token to access HTTP API:
7953447963:AAHeyLertvZL9YqnsKm3WNm2ygiCWL0iSAE

For a description of the Bot API, see this page: https://core.telegram.org/bots/api
2026-02-28 19:53:12 [DEBUG] nexus.inline.token_obtainment: >> /setinline
2026-02-28 19:53:12 [DEBUG] nexus.inline.token_obtainment: << Choose a bot to change inline queries status.
2026-02-28 19:53:17 [DEBUG] nexus.inline.token_obtainment: >> @nexus_z1xiat_bot
2026-02-28 19:53:17 [DEBUG] nexus.inline.token_obtainment: << This will enable inline queries for your bot. https://core.telegram.org/bots/inline. Use /empty to disable.

To enable inline mode, please send me the placeholder message for queries to your bot. People will see this placeholder whenever they type @nexus_z1xiat_bot in the message field – in any chat. Tell them what they can get from your bot (e.g., Search GIFs...).
2026-02-28 19:53:22 [DEBUG] nexus.inline.token_obtainment: >> user@nexus:~$
2026-02-28 19:53:22 [DEBUG] nexus.inline.token_obtainment: << Success! Inline settings updated. /help
2026-02-28 19:53:25 [DEBUG] nexus.inline.token_obtainment: >> /setinlinefeedback
2026-02-28 19:53:25 [DEBUG] nexus.inline.token_obtainment: << Choose a bot to change inline feedback settings.
2026-02-28 19:53:28 [DEBUG] nexus.inline.token_obtainment: >> @nexus_z1xiat_bot
2026-02-28 19:53:28 [DEBUG] nexus.inline.token_obtainment: << This will change inline feedback settings for @nexus_z1xiat_bot.
Current value is: Disabled.
2026-02-28 19:53:29 [DEBUG] nexus.loader: Reloaded 98 commands, 0 inline handlers, 3 callback handlers and 2 watchers
2026-02-28 19:53:33 [DEBUG] nexus.inline.token_obtainment: >> Enabled
2026-02-28 19:53:33 [DEBUG] nexus.inline.token_obtainment: << Success! Inline feedback settings updated. /help
2026-02-28 19:53:35 [DEBUG] urllib3.connectionpool: Starting new HTTPS connection (1): ubguard.donotweb.life:443
2026-02-28 19:53:35 [DEBUG] nexus.inline.core: Dispatcher(binding bot) failed, creating default Dispatcher
Traceback (most recent call last):
  File "/home/donotweb/Рабочий стол/Nexus/Nexus/nexus/inline/core.py", line 144, in register_manager
    self._dp = Dispatcher(self.bot)
               ~~~~~~~~~~^^^^^^^^^^
TypeError: Dispatcher.__init__() takes 1 positional argument but 2 were given
2026-02-28 19:53:39 [DEBUG] nexus.loader: Removing command dllangpack of module Translations for update
2026-02-28 19:53:39 [DEBUG] nexus.loader: Removing command setlang of module Translations for update
2026-02-28 19:53:39 [DEBUG] nexus.loader: Removing command apt of module TerminalMod for update
2026-02-28 19:53:39 [DEBUG] nexus.loader: Removing command pip of module TerminalMod for update
2026-02-28 19:53:39 [DEBUG] nexus.loader: Removing command terminal of module TerminalMod for update
2026-02-28 19:53:39 [DEBUG] nexus.loader: Removing command terminate of module TerminalMod for update
2026-02-28 19:53:39 [ERROR] nexus.loader: Failed to send mod init complete signal for <nexus.modules.updater.UpdaterMod object at 0x7fbc1cead010> due to Can't load due to repo init error, attempting unload
Traceback (most recent call last):
  File "<core nexus.modules.updater>", line 480, in client_ready
    git.Repo()
    ~~~~~~~~^^
  File "/var/data/python/lib/python3.13/site-packages/git/repo/base.py", line 224, in __init__
    self.working_dir: Optional[PathLike] = self._working_tree_dir or self.common_dir
                                                                     ^^^^^^^^^^^^^^^
  File "/var/data/python/lib/python3.13/site-packages/git/repo/base.py", line 307, in common_dir
    raise InvalidGitRepositoryError()
git.exc.InvalidGitRepositoryError

The above exception was the direct cause of the following exception:

Traceback (most recent call last):
  File "/home/donotweb/Рабочий стол/Nexus/Nexus/nexus/loader.py", line 1047, in send_ready_one
    await mod.client_ready()
  File "<core nexus.modules.updater>", line 482, in client_ready
    raise loader.LoadError("Can't load due to repo init error") from e
nexus.types.LoadError: Can't load due to repo init error
2026-02-28 19:53:39 [ERROR] nexus.loader: Failed to send mod init complete signal due to Can't load due to repo init error
Traceback (most recent call last):
  File "<core nexus.modules.updater>", line 480, in client_ready
    git.Repo()
    ~~~~~~~~^^
  File "/var/data/python/lib/python3.13/site-packages/git/repo/base.py", line 224, in __init__
    self.working_dir: Optional[PathLike] = self._working_tree_dir or self.common_dir
                                                                     ^^^^^^^^^^^^^^^
  File "/var/data/python/lib/python3.13/site-packages/git/repo/base.py", line 307, in common_dir
    raise InvalidGitRepositoryError()
git.exc.InvalidGitRepositoryError

The above exception was the direct cause of the following exception:

Traceback (most recent call last):
  File "/home/donotweb/Рабочий стол/Nexus/Nexus/nexus/loader.py", line 1014, in send_ready_one_wrapper
    await self.send_ready_one(*args, **kwargs)
  File "/home/donotweb/Рабочий стол/Nexus/Nexus/nexus/loader.py", line 1047, in send_ready_one
    await mod.client_ready()
  File "<core nexus.modules.updater>", line 482, in client_ready
    raise loader.LoadError("Can't load due to repo init error") from e
nexus.types.LoadError: Can't load due to repo init error
2026-02-28 19:53:39 [DEBUG] nexus.loader: Removing command config of module NexusConfigMod for update
2026-02-28 19:53:39 [DEBUG] nexus.loader: Removing command fconfig of module NexusConfigMod for update
2026-02-28 19:53:39 [DEBUG] nexus.loader: Removing command help of module Help for update
2026-02-28 19:53:39 [DEBUG] nexus.loader: Removing command helphide of module Help for update
2026-02-28 19:53:39 [DEBUG] nexus.loader: Removing command support of module Help for update
2026-02-28 19:53:39 [DEBUG] nexus.loader: Removing command addalias of module CoreMod for update
2026-02-28 19:53:39 [DEBUG] nexus.loader: Removing command aliases of module CoreMod for update
2026-02-28 19:53:39 [DEBUG] nexus.loader: Removing command blacklist of module CoreMod for update
2026-02-28 19:53:39 [DEBUG] nexus.loader: Removing command blacklistuser of module CoreMod for update
2026-02-28 19:53:39 [DEBUG] nexus.loader: Removing command cleardb of module CoreMod for update
2026-02-28 19:53:39 [DEBUG] nexus.loader: Removing command delalias of module CoreMod for update
2026-02-28 19:53:39 [DEBUG] nexus.loader: Removing command installation of module CoreMod for update
2026-02-28 19:53:39 [DEBUG] nexus.loader: Removing command nexus of module CoreMod for update
2026-02-28 19:53:39 [DEBUG] nexus.loader: Removing command setprefix of module CoreMod for update
2026-02-28 19:53:39 [DEBUG] nexus.loader: Removing command unblacklist of module CoreMod for update
2026-02-28 19:53:39 [DEBUG] nexus.loader: Removing command unblacklistuser of module CoreMod for update
2026-02-28 19:53:39 [DEBUG] nexus.loader: Removing command delsgroup of module NexusSecurityMod for update
2026-02-28 19:53:39 [DEBUG] nexus.loader: Removing command inlinesec of module NexusSecurityMod for update
2026-02-28 19:53:39 [DEBUG] nexus.loader: Removing command newsgroup of module NexusSecurityMod for update
2026-02-28 19:53:39 [DEBUG] nexus.loader: Removing command owneradd of module NexusSecurityMod for update
2026-02-28 19:53:39 [DEBUG] nexus.loader: Removing command ownerlist of module NexusSecurityMod for update
2026-02-28 19:53:39 [DEBUG] nexus.loader: Removing command ownerrm of module NexusSecurityMod for update
2026-02-28 19:53:39 [DEBUG] nexus.loader: Removing command security of module NexusSecurityMod for update
2026-02-28 19:53:39 [DEBUG] nexus.loader: Removing command sgroup of module NexusSecurityMod for update
2026-02-28 19:53:39 [DEBUG] nexus.loader: Removing command sgroupadd of module NexusSecurityMod for update
2026-02-28 19:53:39 [DEBUG] nexus.loader: Removing command sgroupdel of module NexusSecurityMod for update
2026-02-28 19:53:39 [DEBUG] nexus.loader: Removing command sgroups of module NexusSecurityMod for update
2026-02-28 19:53:39 [DEBUG] nexus.loader: Removing command tsec of module NexusSecurityMod for update
2026-02-28 19:53:39 [DEBUG] nexus.loader: Removing command tsecclr of module NexusSecurityMod for update
2026-02-28 19:53:39 [DEBUG] nexus.loader: Removing command tsecrm of module NexusSecurityMod for update
2026-02-28 19:53:39 [DEBUG] nexus.loader: Removing command info of module NexusInfoMod for update
2026-02-28 19:53:39 [DEBUG] nexus.loader: Removing command insfont of module NexusInfoMod for update
2026-02-28 19:53:39 [DEBUG] nexus.loader: Removing command nexusinfo of module NexusInfoMod for update
2026-02-28 19:53:39 [DEBUG] nexus.loader: Removing command setinfo of module NexusInfoMod for update
2026-02-28 19:53:39 [DEBUG] nexus.loader: Removing command switchinfo of module NexusInfoMod for update
2026-02-28 19:53:39 [DEBUG] nexus.loader: Removing command ch_bot_token of module InlineStuff for update
2026-02-28 19:53:39 [DEBUG] nexus.loader: Removing command ch_nexus_bot of module InlineStuff for update
2026-02-28 19:53:39 [DEBUG] nexus.loader: Removing watcher <bound method InlineStuff.gallery_watcher of <nexus.modules.inline_stuff.InlineStuff object at 0x7fbc1c35da90>> for update
2026-02-28 19:53:39 [ERROR] nexus.loader: Failed to send mod init complete signal due to 'property' object is not callable
Traceback (most recent call last):
  File "/home/donotweb/Рабочий стол/Nexus/Nexus/nexus/loader.py", line 1014, in send_ready_one_wrapper
    await self.send_ready_one(*args, **kwargs)
  File "/home/donotweb/Рабочий стол/Nexus/Nexus/nexus/loader.py", line 1072, in send_ready_one
    for _, method in utils.iter_attrs(mod):
                     ~~~~~~~~~~~~~~~~^^^^^
  File "/home/donotweb/Рабочий стол/Nexus/Nexus/nexus/utils.py", line 1706, in <genexpr>
    return ((attr, getattr(obj, attr)) for attr in dir(obj))
                   ~~~~~~~^^^^^^^^^^^
TypeError: 'property' object is not callable
2026-02-28 19:53:39 [DEBUG] nexus.loader: Removing command addacc of module NexusWebMod for update
2026-02-28 19:53:39 [DEBUG] nexus.loader: Removing command weburl of module NexusWebMod for update
2026-02-28 19:53:39 [DEBUG] nexus.loader: Removing command enable_core_protection of module NexusSettingsMod for update
2026-02-28 19:53:39 [DEBUG] nexus.loader: Removing command invoke of module NexusSettingsMod for update
2026-02-28 19:53:39 [DEBUG] nexus.loader: Removing command nonickchat of module NexusSettingsMod for update
2026-02-28 19:53:39 [DEBUG] nexus.loader: Removing command nonickchats of module NexusSettingsMod for update
2026-02-28 19:53:39 [DEBUG] nexus.loader: Removing command nonickcmd of module NexusSettingsMod for update
2026-02-28 19:53:39 [DEBUG] nexus.loader: Removing command nonickcmds of module NexusSettingsMod for update
2026-02-28 19:53:39 [DEBUG] nexus.loader: Removing command nonickuser of module NexusSettingsMod for update
2026-02-28 19:53:39 [DEBUG] nexus.loader: Removing command nonickusers of module NexusSettingsMod for update
2026-02-28 19:53:39 [DEBUG] nexus.loader: Removing command remove_core_protection of module NexusSettingsMod for update
2026-02-28 19:53:39 [DEBUG] nexus.loader: Removing command settings of module NexusSettingsMod for update
2026-02-28 19:53:39 [DEBUG] nexus.loader: Removing command uninstall_nexus of module NexusSettingsMod for update
2026-02-28 19:53:39 [DEBUG] nexus.loader: Removing command watcherbl of module NexusSettingsMod for update
2026-02-28 19:53:39 [DEBUG] nexus.loader: Removing command watcher of module NexusSettingsMod for update
2026-02-28 19:53:39 [DEBUG] nexus.loader: Removing command watchers of module NexusSettingsMod for update
2026-02-28 19:53:39 [DEBUG] nexus.loader: Removing command tr of module Translator for update
2026-02-28 19:53:39 [DEBUG] nexus.loader: Removing command exec of module Executor for update
2026-02-28 19:53:39 [DEBUG] nexus.loader: Started loop for method <function LoaderMod._config_autosaver at 0x7fbc1c2a58a0>
2026-02-28 19:53:39 [DEBUG] nexus.loader: Added module <nexus.modules.loader.LoaderMod object at 0x7fbc1c35ea50> to method <nexus.loader.InfiniteLoop object at 0x7fbc1c3f9590>
2026-02-28 19:53:39 [DEBUG] nexus.loader: Removing command addrepo of module LoaderMod for update
2026-02-28 19:53:39 [DEBUG] nexus.loader: Removing command clearmodules of module LoaderMod for update
2026-02-28 19:53:39 [DEBUG] nexus.loader: Removing command delrepo of module LoaderMod for update
2026-02-28 19:53:39 [DEBUG] nexus.loader: Removing command dlm of module LoaderMod for update
2026-02-28 19:53:39 [DEBUG] nexus.loader: Removing command loadmod of module LoaderMod for update
2026-02-28 19:53:39 [DEBUG] nexus.loader: Removing command ml of module LoaderMod for update
2026-02-28 19:53:39 [DEBUG] nexus.loader: Removing command unloadmod of module LoaderMod for update
2026-02-28 19:53:39 [DEBUG] nexus.loader: Removing command e of module Evaluator for update
2026-02-28 19:53:39 [DEBUG] nexus.loader: Removing command ebf of module Evaluator for update
2026-02-28 19:53:39 [DEBUG] nexus.loader: Removing command ec of module Evaluator for update
2026-02-28 19:53:39 [DEBUG] nexus.loader: Removing command ecpp of module Evaluator for update
2026-02-28 19:53:39 [DEBUG] nexus.loader: Removing command enode of module Evaluator for update
2026-02-28 19:53:39 [DEBUG] nexus.loader: Removing command ephp of module Evaluator for update
2026-02-28 19:53:39 [DEBUG] nexus.loader: Removing command eruby of module Evaluator for update
2026-02-28 19:53:39 [DEBUG] nexus.modules.loader: Loading modules: {}
2026-02-28 19:53:39 [DEBUG] urllib3.connectionpool: Starting new HTTPS connection (1): raw.githubusercontent.com:443
2026-02-28 19:53:39 [ERROR] nexus.loader: Failed to send mod init complete signal for <nexus.modules.presets.Presets object at 0x7fbc1ceac980> due to Telegram server says - Bad Request: failed to get HTTP URL content, attempting unload
Traceback (most recent call last):
  File "/home/donotweb/Рабочий стол/Nexus/Nexus/nexus/loader.py", line 1047, in send_ready_one
    await mod.client_ready()
  File "<core nexus.modules.presets>", line 128, in client_ready
    await self._menu()
  File "<core nexus.modules.presets>", line 131, in _menu
    await self.inline.bot.send_photo(
    ...<4 lines>...
    )
  File "/var/data/python/lib/python3.13/site-packages/aiogram/client/bot.py", line 2920, in send_photo
    return await self(call, request_timeout=request_timeout)
           ^^^^^^^^^^^^^^^^^^^^^^^^^^^^^^^^^^^^^^^^^^^^^^^^^
  File "/var/data/python/lib/python3.13/site-packages/aiogram/client/bot.py", line 478, in __call__
    return await self.session(self, method, timeout=request_timeout)
           ^^^^^^^^^^^^^^^^^^^^^^^^^^^^^^^^^^^^^^^^^^^^^^^^^^^^^^^^^
  File "/var/data/python/lib/python3.13/site-packages/aiogram/client/session/base.py", line 254, in __call__
    return cast(TelegramType, await middleware(bot, method))
                              ^^^^^^^^^^^^^^^^^^^^^^^^^^^^^
  File "/var/data/python/lib/python3.13/site-packages/aiogram/client/session/aiohttp.py", line 185, in make_request
    response = self.check_response(
        bot=bot, method=method, status_code=resp.status, content=raw_result
    )
  File "/var/data/python/lib/python3.13/site-packages/aiogram/client/session/base.py", line 120, in check_response
    raise TelegramBadRequest(method=method, message=description)
aiogram.exceptions.TelegramBadRequest: Telegram server says - Bad Request: failed to get HTTP URL content
2026-02-28 19:53:39 [ERROR] nexus.loader: Failed to send mod init complete signal due to Telegram server says - Bad Request: failed to get HTTP URL content
Traceback (most recent call last):
  File "/home/donotweb/Рабочий стол/Nexus/Nexus/nexus/loader.py", line 1014, in send_ready_one_wrapper
    await self.send_ready_one(*args, **kwargs)
  File "/home/donotweb/Рабочий стол/Nexus/Nexus/nexus/loader.py", line 1047, in send_ready_one
    await mod.client_ready()
  File "<core nexus.modules.presets>", line 128, in client_ready
    await self._menu()
  File "<core nexus.modules.presets>", line 131, in _menu
    await self.inline.bot.send_photo(
    ...<4 lines>...
    )
  File "/var/data/python/lib/python3.13/site-packages/aiogram/client/bot.py", line 2920, in send_photo
    return await self(call, request_timeout=request_timeout)
           ^^^^^^^^^^^^^^^^^^^^^^^^^^^^^^^^^^^^^^^^^^^^^^^^^
  File "/var/data/python/lib/python3.13/site-packages/aiogram/client/bot.py", line 478, in __call__
    return await self.session(self, method, timeout=request_timeout)
           ^^^^^^^^^^^^^^^^^^^^^^^^^^^^^^^^^^^^^^^^^^^^^^^^^^^^^^^^^
  File "/var/data/python/lib/python3.13/site-packages/aiogram/client/session/base.py", line 254, in __call__
    return cast(TelegramType, await middleware(bot, method))
                              ^^^^^^^^^^^^^^^^^^^^^^^^^^^^^
  File "/var/data/python/lib/python3.13/site-packages/aiogram/client/session/aiohttp.py", line 185, in make_request
    response = self.check_response(
        bot=bot, method=method, status_code=resp.status, content=raw_result
    )
  File "/var/data/python/lib/python3.13/site-packages/aiogram/client/session/base.py", line 120, in check_response
    raise TelegramBadRequest(method=method, message=description)
aiogram.exceptions.TelegramBadRequest: Telegram server says - Bad Request: failed to get HTTP URL content
2026-02-28 19:53:39 [DEBUG] nexus.tl_cache: Saved hashable_entity nexus_talks to cache
2026-02-28 19:53:39 [DEBUG] nexus.tl_cache: Saved resolved_entity id 2850178142 to cache
2026-02-28 19:53:39 [DEBUG] nexus.tl_cache: Saved resolved_entity username @Nexus_Talks to cache
2026-02-28 19:53:39 [DEBUG] urllib3.connectionpool: https://raw.githubusercontent.com:443 "GET /DoNotWeb/modules/main/full.txt HTTP/1.1" 404 14
2026-02-28 19:53:39 [DEBUG] nexus.modules.loader: Can't load repo https://raw.githubusercontent.com/DoNotWeb/modules/main contents because of 404 status code
2026-02-28 19:53:39 [DEBUG] nexus.modules.loader: Modules: []
2026-02-28 19:53:39 [DEBUG] nexus._local_storage: Preloading modules from remote storage.
2026-02-28 19:53:40 [DEBUG] nexus.tl_cache: Saved hashable_entity nexus_talks to cache
2026-02-28 19:53:40 [DEBUG] nexus.tl_cache: Saved resolved_entity id 2850178142 to cache
2026-02-28 19:53:40 [DEBUG] nexus.tl_cache: Saved resolved_entity username @Nexus_Talks to cache
2026-02-28 19:53:40 [ERROR] nexus.loader: Failed to send mod init complete signal for <nexus.modules.nexus_backup.NexusBackupMod object at 0x7fbc1c35f230> due to Telegram server says - Bad Request: failed to get HTTP URL content, attempting unload
Traceback (most recent call last):
  File "/home/donotweb/Рабочий стол/Nexus/Nexus/nexus/loader.py", line 1047, in send_ready_one
    await mod.client_ready()
  File "<core nexus.modules.nexus_backup>", line 56, in client_ready
    await self.inline.bot.send_photo(
    ...<25 lines>...
    )
  File "/var/data/python/lib/python3.13/site-packages/aiogram/client/bot.py", line 2920, in send_photo
    return await self(call, request_timeout=request_timeout)
           ^^^^^^^^^^^^^^^^^^^^^^^^^^^^^^^^^^^^^^^^^^^^^^^^^
  File "/var/data/python/lib/python3.13/site-packages/aiogram/client/bot.py", line 478, in __call__
    return await self.session(self, method, timeout=request_timeout)
           ^^^^^^^^^^^^^^^^^^^^^^^^^^^^^^^^^^^^^^^^^^^^^^^^^^^^^^^^^
  File "/var/data/python/lib/python3.13/site-packages/aiogram/client/session/base.py", line 254, in __call__
    return cast(TelegramType, await middleware(bot, method))
                              ^^^^^^^^^^^^^^^^^^^^^^^^^^^^^
  File "/var/data/python/lib/python3.13/site-packages/aiogram/client/session/aiohttp.py", line 185, in make_request
    response = self.check_response(
        bot=bot, method=method, status_code=resp.status, content=raw_result
    )
  File "/var/data/python/lib/python3.13/site-packages/aiogram/client/session/base.py", line 120, in check_response
    raise TelegramBadRequest(method=method, message=description)
aiogram.exceptions.TelegramBadRequest: Telegram server says - Bad Request: failed to get HTTP URL content
2026-02-28 19:53:40 [ERROR] nexus.loader: Failed to send mod init complete signal due to Telegram server says - Bad Request: failed to get HTTP URL content
Traceback (most recent call last):
  File "/home/donotweb/Рабочий стол/Nexus/Nexus/nexus/loader.py", line 1014, in send_ready_one_wrapper
    await self.send_ready_one(*args, **kwargs)
  File "/home/donotweb/Рабочий стол/Nexus/Nexus/nexus/loader.py", line 1047, in send_ready_one
    await mod.client_ready()
  File "<core nexus.modules.nexus_backup>", line 56, in client_ready
    await self.inline.bot.send_photo(
    ...<25 lines>...
    )
  File "/var/data/python/lib/python3.13/site-packages/aiogram/client/bot.py", line 2920, in send_photo
    return await self(call, request_timeout=request_timeout)
           ^^^^^^^^^^^^^^^^^^^^^^^^^^^^^^^^^^^^^^^^^^^^^^^^^
  File "/var/data/python/lib/python3.13/site-packages/aiogram/client/bot.py", line 478, in __call__
    return await self.session(self, method, timeout=request_timeout)
           ^^^^^^^^^^^^^^^^^^^^^^^^^^^^^^^^^^^^^^^^^^^^^^^^^^^^^^^^^
  File "/var/data/python/lib/python3.13/site-packages/aiogram/client/session/base.py", line 254, in __call__
    return cast(TelegramType, await middleware(bot, method))
                              ^^^^^^^^^^^^^^^^^^^^^^^^^^^^^
  File "/var/data/python/lib/python3.13/site-packages/aiogram/client/session/aiohttp.py", line 185, in make_request
    response = self.check_response(
        bot=bot, method=method, status_code=resp.status, content=raw_result
    )
  File "/var/data/python/lib/python3.13/site-packages/aiogram/client/session/base.py", line 120, in check_response
    raise TelegramBadRequest(method=method, message=description)
aiogram.exceptions.TelegramBadRequest: Telegram server says - Bad Request: failed to get HTTP URL content
2026-02-28 19:53:41 [ERROR] nexus.loader: Failed to send mod init complete signal for <nexus.modules.quickstart.Quickstart object at 0x7fbc1ceac590> due to Telegram server says - Bad Request: failed to get HTTP URL content, attempting unload
Traceback (most recent call last):
  File "/home/donotweb/Рабочий стол/Nexus/Nexus/nexus/loader.py", line 1047, in send_ready_one
    await mod.client_ready()
  File "<core nexus.modules.quickstart>", line 40, in client_ready
    await self.request_join(
    ...<2 lines>...
    )
  File "/home/donotweb/Рабочий стол/Nexus/Nexus/nexus/types.py", line 399, in request_join
    await self.inline.bot.send_photo(
    ...<26 lines>...
    )
  File "/var/data/python/lib/python3.13/site-packages/aiogram/client/bot.py", line 2920, in send_photo
    return await self(call, request_timeout=request_timeout)
           ^^^^^^^^^^^^^^^^^^^^^^^^^^^^^^^^^^^^^^^^^^^^^^^^^
  File "/var/data/python/lib/python3.13/site-packages/aiogram/client/bot.py", line 478, in __call__
    return await self.session(self, method, timeout=request_timeout)
           ^^^^^^^^^^^^^^^^^^^^^^^^^^^^^^^^^^^^^^^^^^^^^^^^^^^^^^^^^
  File "/var/data/python/lib/python3.13/site-packages/aiogram/client/session/base.py", line 254, in __call__
    return cast(TelegramType, await middleware(bot, method))
                              ^^^^^^^^^^^^^^^^^^^^^^^^^^^^^
  File "/var/data/python/lib/python3.13/site-packages/aiogram/client/session/aiohttp.py", line 185, in make_request
    response = self.check_response(
        bot=bot, method=method, status_code=resp.status, content=raw_result
    )
  File "/var/data/python/lib/python3.13/site-packages/aiogram/client/session/base.py", line 120, in check_response
    raise TelegramBadRequest(method=method, message=description)
aiogram.exceptions.TelegramBadRequest: Telegram server says - Bad Request: failed to get HTTP URL content
2026-02-28 19:53:41 [ERROR] nexus.loader: Failed to send mod init complete signal due to Telegram server says - Bad Request: failed to get HTTP URL content
Traceback (most recent call last):
  File "/home/donotweb/Рабочий стол/Nexus/Nexus/nexus/loader.py", line 1014, in send_ready_one_wrapper
    await self.send_ready_one(*args, **kwargs)
  File "/home/donotweb/Рабочий стол/Nexus/Nexus/nexus/loader.py", line 1047, in send_ready_one
    await mod.client_ready()
  File "<core nexus.modules.quickstart>", line 40, in client_ready
    await self.request_join(
    ...<2 lines>...
    )
  File "/home/donotweb/Рабочий стол/Nexus/Nexus/nexus/types.py", line 399, in request_join
    await self.inline.bot.send_photo(
    ...<26 lines>...
    )
  File "/var/data/python/lib/python3.13/site-packages/aiogram/client/bot.py", line 2920, in send_photo
    return await self(call, request_timeout=request_timeout)
           ^^^^^^^^^^^^^^^^^^^^^^^^^^^^^^^^^^^^^^^^^^^^^^^^^
  File "/var/data/python/lib/python3.13/site-packages/aiogram/client/bot.py", line 478, in __call__
    return await self.session(self, method, timeout=request_timeout)
           ^^^^^^^^^^^^^^^^^^^^^^^^^^^^^^^^^^^^^^^^^^^^^^^^^^^^^^^^^
  File "/var/data/python/lib/python3.13/site-packages/aiogram/client/session/base.py", line 254, in __call__
    return cast(TelegramType, await middleware(bot, method))
                              ^^^^^^^^^^^^^^^^^^^^^^^^^^^^^
  File "/var/data/python/lib/python3.13/site-packages/aiogram/client/session/aiohttp.py", line 185, in make_request
    response = self.check_response(
        bot=bot, method=method, status_code=resp.status, content=raw_result
    )
  File "/var/data/python/lib/python3.13/site-packages/aiogram/client/session/base.py", line 120, in check_response
    raise TelegramBadRequest(method=method, message=description)
aiogram.exceptions.TelegramBadRequest: Telegram server says - Bad Request: failed to get HTTP URL content
2026-02-28 19:53:45 [DEBUG] urllib3.connectionpool: Starting new HTTPS connection (1): raw.githubusercontent.com:443
2026-02-28 19:53:45 [DEBUG] urllib3.connectionpool: https://raw.githubusercontent.com:443 "GET /DoNotWeb/assets/refs/heads/main/nexus/nexus_logs.png HTTP/1.1" 404 14
2026-02-28 19:53:47 [ERROR] nexus.loader: Failed to send mod init complete signal for <nexus.modules.test.TestMod object at 0x7fbc1cead2b0> due to Photo is too small (caused by EditPhotoRequest), attempting unload
Traceback (most recent call last):
  File "/home/donotweb/Рабочий стол/Nexus/Nexus/nexus/loader.py", line 1047, in send_ready_one
    await mod.client_ready()
  File "<core nexus.modules.test>", line 324, in client_ready
    chat, _ = await utils.asset_channel(
              ^^^^^^^^^^^^^^^^^^^^^^^^^^
    ...<6 lines>...
    )
    ^
  File "/home/donotweb/Рабочий стол/Nexus/Nexus/nexus/utils.py", line 877, in asset_channel
    await set_avatar(client, peer, avatar)
  File "/home/donotweb/Рабочий стол/Nexus/Nexus/nexus/utils.py", line 739, in set_avatar
    res = await client(
          ^^^^^^^^^^^^^
    ...<4 lines>...
    )
    ^
  File "/var/data/python/lib/python3.13/site-packages/herokutl/client/users.py", line 30, in __call__
    return await self._call(self._sender, request, ordered=ordered)
           ^^^^^^^^^^^^^^^^^^^^^^^^^^^^^^^^^^^^^^^^^^^^^^^^^^^^^^^^
  File "/home/donotweb/Рабочий стол/Nexus/Nexus/nexus/tl_cache.py", line 722, in _call
    return await super()._call(
           ^^^^^^^^^^^^^^^^^^^^
    ...<4 lines>...
    )
    ^
  File "/var/data/python/lib/python3.13/site-packages/herokutl/client/users.py", line 92, in _call
    result = await future
             ^^^^^^^^^^^^
herokutl.errors.rpcerrorlist.PhotoCropSizeSmallError: Photo is too small (caused by EditPhotoRequest)
2026-02-28 19:53:47 [ERROR] nexus.loader: Failed to send mod init complete signal due to Photo is too small (caused by EditPhotoRequest)
Traceback (most recent call last):
  File "/home/donotweb/Рабочий стол/Nexus/Nexus/nexus/loader.py", line 1014, in send_ready_one_wrapper
    await self.send_ready_one(*args, **kwargs)
  File "/home/donotweb/Рабочий стол/Nexus/Nexus/nexus/loader.py", line 1047, in send_ready_one
    await mod.client_ready()
  File "<core nexus.modules.test>", line 324, in client_ready
    chat, _ = await utils.asset_channel(
              ^^^^^^^^^^^^^^^^^^^^^^^^^^
    ...<6 lines>...
    )
    ^
  File "/home/donotweb/Рабочий стол/Nexus/Nexus/nexus/utils.py", line 877, in asset_channel
    await set_avatar(client, peer, avatar)
  File "/home/donotweb/Рабочий стол/Nexus/Nexus/nexus/utils.py", line 739, in set_avatar
    res = await client(
          ^^^^^^^^^^^^^
    ...<4 lines>...
    )
    ^
  File "/var/data/python/lib/python3.13/site-packages/herokutl/client/users.py", line 30, in __call__
    return await self._call(self._sender, request, ordered=ordered)
           ^^^^^^^^^^^^^^^^^^^^^^^^^^^^^^^^^^^^^^^^^^^^^^^^^^^^^^^^
  File "/home/donotweb/Рабочий стол/Nexus/Nexus/nexus/tl_cache.py", line 722, in _call
    return await super()._call(
           ^^^^^^^^^^^^^^^^^^^^
    ...<4 lines>...
    )
    ^
  File "/var/data/python/lib/python3.13/site-packages/herokutl/client/users.py", line 92, in _call
    result = await future
             ^^^^^^^^^^^^
herokutl.errors.rpcerrorlist.PhotoCropSizeSmallError: Photo is too small (caused by EditPhotoRequest)
2026-02-28 19:53:47 [ERROR] root: Badge error
Traceback (most recent call last):
  File "/home/donotweb/Рабочий стол/Nexus/Nexus/nexus/main.py", line 903, in _badge
    repo = git.Repo()
  File "/var/data/python/lib/python3.13/site-packages/git/repo/base.py", line 224, in __init__
    self.working_dir: Optional[PathLike] = self._working_tree_dir or self.common_dir
                                                                     ^^^^^^^^^^^^^^^
  File "/var/data/python/lib/python3.13/site-packages/git/repo/base.py", line 307, in common_dir
    raise InvalidGitRepositoryError()
git.exc.InvalidGitRepositoryError
2026-02-28 19:53:59 [DEBUG] nexus.loader: Reloaded 78 commands, 0 inline handlers, 0 callback handlers and 2 watchers
2026-02-28 19:54:09 [DEBUG] nexus.modules.api_protection: Successfully installed ratelimiter
2026-02-28 19:54:29 [DEBUG] nexus.loader: Reloaded 78 commands, 0 inline handlers, 0 callback handlers and 2 watchers
2026-02-28 19:54:35 [DEBUG] urllib3.connectionpool: Starting new HTTPS connection (1): ubguard.donotweb.life:443
2026-02-28 19:54:59 [DEBUG] nexus.loader: Reloaded 78 commands, 0 inline handlers, 0 callback handlers and 2 watchers
2026-02-28 19:55:29 [DEBUG] nexus.loader: Reloaded 78 commands, 0 inline handlers, 0 callback handlers and 2 watchers
2026-02-28 19:55:36 [DEBUG] urllib3.connectionpool: Starting new HTTPS connection (1): ubguard.donotweb.life:443
2026-02-28 19:55:59 [DEBUG] nexus.loader: Reloaded 78 commands, 0 inline handlers, 0 callback handlers and 2 watchers
2026-02-28 19:56:29 [DEBUG] nexus.loader: Reloaded 78 commands, 0 inline handlers, 0 callback handlers and 2 watchers
2026-02-28 19:56:36 [DEBUG] urllib3.connectionpool: Starting new HTTPS connection (1): ubguard.donotweb.life:443
2026-02-28 19:56:59 [DEBUG] nexus.loader: Reloaded 78 commands, 0 inline handlers, 0 callback handlers and 2 watchers
2026-02-28 19:57:29 [DEBUG] nexus.loader: Reloaded 78 commands, 0 inline handlers, 0 callback handlers and 2 watchers
2026-02-28 19:57:37 [DEBUG] urllib3.connectionpool: Starting new HTTPS connection (1): ubguard.donotweb.life:443
2026-02-28 19:57:59 [DEBUG] nexus.loader: Reloaded 78 commands, 0 inline handlers, 0 callback handlers and 2 watchers
2026-02-28 19:58:30 [DEBUG] nexus.loader: Reloaded 78 commands, 0 inline handlers, 0 callback handlers and 2 watchers
2026-02-28 19:58:39 [DEBUG] urllib3.connectionpool: Starting new HTTPS connection (1): ubguard.donotweb.life:443
2026-02-28 19:59:00 [DEBUG] nexus.loader: Reloaded 78 commands, 0 inline handlers, 0 callback handlers and 2 watchers
2026-02-28 19:59:30 [DEBUG] nexus.loader: Reloaded 78 commands, 0 inline handlers, 0 callback handlers and 2 watchers
2026-02-28 19:59:40 [DEBUG] urllib3.connectionpool: Starting new HTTPS connection (1): ubguard.donotweb.life:443
2026-02-28 20:00:00 [DEBUG] nexus.loader: Reloaded 78 commands, 0 inline handlers, 0 callback handlers and 2 watchers
2026-02-28 20:00:30 [DEBUG] nexus.loader: Reloaded 78 commands, 0 inline handlers, 0 callback handlers and 2 watchers
2026-02-28 20:00:40 [DEBUG] urllib3.connectionpool: Starting new HTTPS connection (1): ubguard.donotweb.life:443
2026-02-28 20:01:00 [DEBUG] nexus.loader: Reloaded 78 commands, 0 inline handlers, 0 callback handlers and 2 watchers
2026-02-28 20:01:30 [DEBUG] nexus.loader: Reloaded 78 commands, 0 inline handlers, 0 callback handlers and 2 watchers
2026-02-28 20:01:33 [ERROR] root: Unexpected exception in main loop: Event loop stopped before Future completed.
Traceback (most recent call last):
  File "/home/donotweb/Рабочий стол/Nexus/Nexus/nexus/main.py", line 1095, in main
    self.loop.run_until_complete(self._main())
    ~~~~~~~~~~~~~~~~~~~~~~~~~~~~^^^^^^^^^^^^^^
  File "/usr/lib/python3.13/asyncio/base_events.py", line 723, in run_until_complete
    raise RuntimeError('Event loop stopped before Future completed.')
RuntimeError: Event loop stopped before Future completed.
2026-02-28 20:01:33 [INFO] root: Bye!
2026-02-28 20:01:39 [DEBUG] root: Got DB
2026-02-28 20:01:39 [DEBUG] root: Loading logging config...
2026-02-28 20:01:40 [ERROR] root: Unexpected exception in main loop: 'CommandDispatcher' object has no attribute '_external_bl_reload_loop'
Traceback (most recent call last):
  File "/home/donotweb/Рабочий стол/Nexus/Nexus/nexus/main.py", line 1095, in main
    self.loop.run_until_complete(self._main())
    ~~~~~~~~~~~~~~~~~~~~~~~~~~~~^^^^^^^^^^^^^^
  File "/usr/lib/python3.13/asyncio/base_events.py", line 725, in run_until_complete
    return future.result()
           ~~~~~~~~~~~~~^^
  File "/home/donotweb/Рабочий стол/Nexus/Nexus/nexus/main.py", line 1061, in _main
    await asyncio.gather(*[self.amain_wrapper(client) for client in self.clients])
  File "/home/donotweb/Рабочий стол/Nexus/Nexus/nexus/main.py", line 895, in amain_wrapper
    while await self.amain(first, client):
          ^^^^^^^^^^^^^^^^^^^^^^^^^^^^^^^
  File "/home/donotweb/Рабочий стол/Nexus/Nexus/nexus/main.py", line 1022, in amain
    await self._add_dispatcher(client, modules, db)
  File "/home/donotweb/Рабочий стол/Nexus/Nexus/nexus/main.py", line 967, in _add_dispatcher
    dispatcher = CommandDispatcher(modules, client, db)
  File "/home/donotweb/Рабочий стол/Nexus/Nexus/nexus/dispatcher.py", line 147, in __init__
    asyncio.ensure_future(self._external_bl_reload_loop())
                          ^^^^^^^^^^^^^^^^^^^^^^^^^^^^^
AttributeError: 'CommandDispatcher' object has no attribute '_external_bl_reload_loop'
2026-02-28 20:01:40 [INFO] root: Bye!
2026-02-28 20:06:45 [DEBUG] root: Got DB
2026-02-28 20:06:45 [DEBUG] root: Loading logging config...
2026-02-28 20:06:45 [DEBUG] nexus.loader: Loading nexus.modules.translations from filesystem
2026-02-28 20:06:45 [DEBUG] nexus.loader: Loading nexus.modules.quickstart from filesystem
2026-02-28 20:06:45 [DEBUG] nexus.loader: Loading nexus.modules.terminal from filesystem
2026-02-28 20:06:45 [DEBUG] nexus.loader: Loading nexus.modules.presets from filesystem
2026-02-28 20:06:45 [DEBUG] nexus.loader: Loading nexus.modules.updater from filesystem
2026-02-28 20:06:45 [DEBUG] nexus.types: Config value was None, so it was reset to False
2026-02-28 20:06:45 [DEBUG] nexus.loader: Loading nexus.modules.test from filesystem
2026-02-28 20:06:45 [DEBUG] nexus.types: Config value was None, so it was reset to 
2026-02-28 20:06:45 [DEBUG] nexus.types: Config value was None, so it was reset to 
2026-02-28 20:06:45 [DEBUG] nexus.loader: Loading nexus.modules.nexus_config from filesystem
2026-02-28 20:06:45 [DEBUG] nexus.loader: Loading nexus.modules.help from filesystem
2026-02-28 20:06:45 [DEBUG] nexus.loader: Loading nexus.modules.settings from filesystem
2026-02-28 20:06:45 [DEBUG] nexus.loader: Loading nexus.modules.nexus_security from filesystem
2026-02-28 20:06:45 [DEBUG] nexus.loader: Loading nexus.modules.nexus_info from filesystem
2026-02-28 20:06:45 [DEBUG] nexus.loader: Loading nexus.modules.inline_stuff from filesystem
2026-02-28 20:06:45 [DEBUG] nexus.loader: Loading nexus.modules.api_protection from filesystem
2026-02-28 20:06:45 [DEBUG] nexus.loader: Loading nexus.modules.nexus_web from filesystem
2026-02-28 20:06:45 [DEBUG] nexus.loader: Loading nexus.modules.nexus_settings from filesystem
2026-02-28 20:06:45 [DEBUG] nexus.loader: Loading nexus.modules.translate from filesystem
2026-02-28 20:06:45 [DEBUG] nexus.loader: Loading nexus.modules.executor from filesystem
2026-02-28 20:06:45 [DEBUG] nexus.loader: Loading nexus.modules.loader from filesystem
2026-02-28 20:06:45 [DEBUG] nexus.types: Config value was None, so it was reset to False
2026-02-28 20:06:45 [DEBUG] nexus.loader: Loading nexus.modules.eval from filesystem
2026-02-28 20:06:45 [DEBUG] nexus.loader: Loading nexus.modules.nexus_backup from filesystem
2026-02-28 20:06:45 [DEBUG] nexus.types: Config value was None, so it was reset to False
2026-02-28 20:06:45 [DEBUG] nexus.types: Config value was broken (['Лапокапканот', 30, '#000', '0|0', 'mm', '#000']), so it was reset to ['Лапокапканот', 30, '#000', '0|0', 'mm', 0, '#000']
2026-02-28 20:06:45 [DEBUG] nexus.inline.core: Dispatcher(binding bot) failed, creating default Dispatcher
Traceback (most recent call last):
  File "/home/donotweb/Рабочий стол/Nexus/Nexus/nexus/inline/core.py", line 144, in register_manager
    self._dp = Dispatcher(self.bot)
               ~~~~~~~~~~^^^^^^^^^^
TypeError: Dispatcher.__init__() takes 1 positional argument but 2 were given
2026-02-28 20:06:51 [ERROR] nexus.loader: Failed to send mod init complete signal for <nexus.modules.updater.UpdaterMod object at 0x7f2f2200cd70> due to Can't load due to repo init error, attempting unload
Traceback (most recent call last):
  File "<core nexus.modules.updater>", line 480, in client_ready
    git.Repo()
    ~~~~~~~~^^
  File "/var/data/python/lib/python3.13/site-packages/git/repo/base.py", line 224, in __init__
    self.working_dir: Optional[PathLike] = self._working_tree_dir or self.common_dir
                                                                     ^^^^^^^^^^^^^^^
  File "/var/data/python/lib/python3.13/site-packages/git/repo/base.py", line 307, in common_dir
    raise InvalidGitRepositoryError()
git.exc.InvalidGitRepositoryError

The above exception was the direct cause of the following exception:

Traceback (most recent call last):
  File "/home/donotweb/Рабочий стол/Nexus/Nexus/nexus/loader.py", line 1047, in send_ready_one
    await mod.client_ready()
  File "<core nexus.modules.updater>", line 482, in client_ready
    raise loader.LoadError("Can't load due to repo init error") from e
nexus.types.LoadError: Can't load due to repo init error
2026-02-28 20:06:51 [ERROR] nexus.loader: Failed to send mod init complete signal due to Can't load due to repo init error
Traceback (most recent call last):
  File "<core nexus.modules.updater>", line 480, in client_ready
    git.Repo()
    ~~~~~~~~^^
  File "/var/data/python/lib/python3.13/site-packages/git/repo/base.py", line 224, in __init__
    self.working_dir: Optional[PathLike] = self._working_tree_dir or self.common_dir
                                                                     ^^^^^^^^^^^^^^^
  File "/var/data/python/lib/python3.13/site-packages/git/repo/base.py", line 307, in common_dir
    raise InvalidGitRepositoryError()
git.exc.InvalidGitRepositoryError

The above exception was the direct cause of the following exception:

Traceback (most recent call last):
  File "/home/donotweb/Рабочий стол/Nexus/Nexus/nexus/loader.py", line 1014, in send_ready_one_wrapper
    await self.send_ready_one(*args, **kwargs)
  File "/home/donotweb/Рабочий стол/Nexus/Nexus/nexus/loader.py", line 1047, in send_ready_one
    await mod.client_ready()
  File "<core nexus.modules.updater>", line 482, in client_ready
    raise loader.LoadError("Can't load due to repo init error") from e
nexus.types.LoadError: Can't load due to repo init error
2026-02-28 20:06:51 [DEBUG] nexus.modules.loader: Loading modules: {}
2026-02-28 20:06:52 [DEBUG] urllib3.connectionpool: Starting new HTTPS connection (1): raw.githubusercontent.com:443
2026-02-28 20:06:52 [DEBUG] nexus.tl_cache: Saved hashable_entity nexus_talks to cache
2026-02-28 20:06:52 [DEBUG] nexus.tl_cache: Saved resolved_entity id 2850178142 to cache
2026-02-28 20:06:52 [DEBUG] nexus.tl_cache: Saved resolved_entity username @Nexus_Talks to cache
2026-02-28 20:06:52 [DEBUG] urllib3.connectionpool: https://raw.githubusercontent.com:443 "GET /DoNotWeb/modules/main/full.txt HTTP/1.1" 404 14
2026-02-28 20:06:52 [DEBUG] nexus.modules.loader: Can't load repo https://raw.githubusercontent.com/DoNotWeb/modules/main contents because of 404 status code
2026-02-28 20:06:52 [DEBUG] nexus.modules.loader: Modules: []
2026-02-28 20:06:52 [DEBUG] nexus._local_storage: Preloading modules from remote storage.
2026-02-28 20:06:52 [DEBUG] nexus.tl_cache: Saved hashable_entity nexus_talks to cache
2026-02-28 20:06:52 [DEBUG] nexus.tl_cache: Saved resolved_entity id 2850178142 to cache
2026-02-28 20:06:52 [DEBUG] nexus.tl_cache: Saved resolved_entity username @Nexus_Talks to cache
2026-02-28 20:06:52 [ERROR] nexus.loader: Failed to send mod init complete signal for <nexus.modules.nexus_backup.NexusBackupMod object at 0x7f2f2155eba0> due to Telegram server says - Bad Request: wrong type of the web page content, attempting unload
Traceback (most recent call last):
  File "/home/donotweb/Рабочий стол/Nexus/Nexus/nexus/loader.py", line 1047, in send_ready_one
    await mod.client_ready()
  File "<core nexus.modules.nexus_backup>", line 56, in client_ready
    await self.inline.bot.send_photo(
    ...<25 lines>...
    )
  File "/var/data/python/lib/python3.13/site-packages/aiogram/client/bot.py", line 2920, in send_photo
    return await self(call, request_timeout=request_timeout)
           ^^^^^^^^^^^^^^^^^^^^^^^^^^^^^^^^^^^^^^^^^^^^^^^^^
  File "/var/data/python/lib/python3.13/site-packages/aiogram/client/bot.py", line 478, in __call__
    return await self.session(self, method, timeout=request_timeout)
           ^^^^^^^^^^^^^^^^^^^^^^^^^^^^^^^^^^^^^^^^^^^^^^^^^^^^^^^^^
  File "/var/data/python/lib/python3.13/site-packages/aiogram/client/session/base.py", line 254, in __call__
    return cast(TelegramType, await middleware(bot, method))
                              ^^^^^^^^^^^^^^^^^^^^^^^^^^^^^
  File "/var/data/python/lib/python3.13/site-packages/aiogram/client/session/aiohttp.py", line 185, in make_request
    response = self.check_response(
        bot=bot, method=method, status_code=resp.status, content=raw_result
    )
  File "/var/data/python/lib/python3.13/site-packages/aiogram/client/session/base.py", line 120, in check_response
    raise TelegramBadRequest(method=method, message=description)
aiogram.exceptions.TelegramBadRequest: Telegram server says - Bad Request: wrong type of the web page content
2026-02-28 20:06:52 [ERROR] nexus.loader: Failed to send mod init complete signal due to Telegram server says - Bad Request: wrong type of the web page content
Traceback (most recent call last):
  File "/home/donotweb/Рабочий стол/Nexus/Nexus/nexus/loader.py", line 1014, in send_ready_one_wrapper
    await self.send_ready_one(*args, **kwargs)
  File "/home/donotweb/Рабочий стол/Nexus/Nexus/nexus/loader.py", line 1047, in send_ready_one
    await mod.client_ready()
  File "<core nexus.modules.nexus_backup>", line 56, in client_ready
    await self.inline.bot.send_photo(
    ...<25 lines>...
    )
  File "/var/data/python/lib/python3.13/site-packages/aiogram/client/bot.py", line 2920, in send_photo
    return await self(call, request_timeout=request_timeout)
           ^^^^^^^^^^^^^^^^^^^^^^^^^^^^^^^^^^^^^^^^^^^^^^^^^
  File "/var/data/python/lib/python3.13/site-packages/aiogram/client/bot.py", line 478, in __call__
    return await self.session(self, method, timeout=request_timeout)
           ^^^^^^^^^^^^^^^^^^^^^^^^^^^^^^^^^^^^^^^^^^^^^^^^^^^^^^^^^
  File "/var/data/python/lib/python3.13/site-packages/aiogram/client/session/base.py", line 254, in __call__
    return cast(TelegramType, await middleware(bot, method))
                              ^^^^^^^^^^^^^^^^^^^^^^^^^^^^^
  File "/var/data/python/lib/python3.13/site-packages/aiogram/client/session/aiohttp.py", line 185, in make_request
    response = self.check_response(
        bot=bot, method=method, status_code=resp.status, content=raw_result
    )
  File "/var/data/python/lib/python3.13/site-packages/aiogram/client/session/base.py", line 120, in check_response
    raise TelegramBadRequest(method=method, message=description)
aiogram.exceptions.TelegramBadRequest: Telegram server says - Bad Request: wrong type of the web page content
2026-02-28 20:06:52 [ERROR] nexus.loader: Failed to send mod init complete signal for <nexus.modules.quickstart.Quickstart object at 0x7f2f2200da90> due to Telegram server says - Bad Request: wrong type of the web page content, attempting unload
Traceback (most recent call last):
  File "/home/donotweb/Рабочий стол/Nexus/Nexus/nexus/loader.py", line 1047, in send_ready_one
    await mod.client_ready()
  File "<core nexus.modules.quickstart>", line 40, in client_ready
    await self.request_join(
    ...<2 lines>...
    )
  File "/home/donotweb/Рабочий стол/Nexus/Nexus/nexus/types.py", line 399, in request_join
    await self.inline.bot.send_photo(
    ...<26 lines>...
    )
  File "/var/data/python/lib/python3.13/site-packages/aiogram/client/bot.py", line 2920, in send_photo
    return await self(call, request_timeout=request_timeout)
           ^^^^^^^^^^^^^^^^^^^^^^^^^^^^^^^^^^^^^^^^^^^^^^^^^
  File "/var/data/python/lib/python3.13/site-packages/aiogram/client/bot.py", line 478, in __call__
    return await self.session(self, method, timeout=request_timeout)
           ^^^^^^^^^^^^^^^^^^^^^^^^^^^^^^^^^^^^^^^^^^^^^^^^^^^^^^^^^
  File "/var/data/python/lib/python3.13/site-packages/aiogram/client/session/base.py", line 254, in __call__
    return cast(TelegramType, await middleware(bot, method))
                              ^^^^^^^^^^^^^^^^^^^^^^^^^^^^^
  File "/var/data/python/lib/python3.13/site-packages/aiogram/client/session/aiohttp.py", line 185, in make_request
    response = self.check_response(
        bot=bot, method=method, status_code=resp.status, content=raw_result
    )
  File "/var/data/python/lib/python3.13/site-packages/aiogram/client/session/base.py", line 120, in check_response
    raise TelegramBadRequest(method=method, message=description)
aiogram.exceptions.TelegramBadRequest: Telegram server says - Bad Request: wrong type of the web page content
2026-02-28 20:06:52 [ERROR] nexus.loader: Failed to send mod init complete signal due to Telegram server says - Bad Request: wrong type of the web page content
Traceback (most recent call last):
  File "/home/donotweb/Рабочий стол/Nexus/Nexus/nexus/loader.py", line 1014, in send_ready_one_wrapper
    await self.send_ready_one(*args, **kwargs)
  File "/home/donotweb/Рабочий стол/Nexus/Nexus/nexus/loader.py", line 1047, in send_ready_one
    await mod.client_ready()
  File "<core nexus.modules.quickstart>", line 40, in client_ready
    await self.request_join(
    ...<2 lines>...
    )
  File "/home/donotweb/Рабочий стол/Nexus/Nexus/nexus/types.py", line 399, in request_join
    await self.inline.bot.send_photo(
    ...<26 lines>...
    )
  File "/var/data/python/lib/python3.13/site-packages/aiogram/client/bot.py", line 2920, in send_photo
    return await self(call, request_timeout=request_timeout)
           ^^^^^^^^^^^^^^^^^^^^^^^^^^^^^^^^^^^^^^^^^^^^^^^^^
  File "/var/data/python/lib/python3.13/site-packages/aiogram/client/bot.py", line 478, in __call__
    return await self.session(self, method, timeout=request_timeout)
           ^^^^^^^^^^^^^^^^^^^^^^^^^^^^^^^^^^^^^^^^^^^^^^^^^^^^^^^^^
  File "/var/data/python/lib/python3.13/site-packages/aiogram/client/session/base.py", line 254, in __call__
    return cast(TelegramType, await middleware(bot, method))
                              ^^^^^^^^^^^^^^^^^^^^^^^^^^^^^
  File "/var/data/python/lib/python3.13/site-packages/aiogram/client/session/aiohttp.py", line 185, in make_request
    response = self.check_response(
        bot=bot, method=method, status_code=resp.status, content=raw_result
    )
  File "/var/data/python/lib/python3.13/site-packages/aiogram/client/session/base.py", line 120, in check_response
    raise TelegramBadRequest(method=method, message=description)
aiogram.exceptions.TelegramBadRequest: Telegram server says - Bad Request: wrong type of the web page content
2026-02-28 20:06:52 [DEBUG] nexus.modules.test: Bot logging installed for -1003749634815
2026-02-28 20:06:52 [DEBUG] nexus.loader: Started loop for method <function TestMod.watchdog at 0x7f2f21626b60>
2026-02-28 20:06:52 [DEBUG] nexus.loader: Added module <nexus.modules.test.TestMod object at 0x7f2f2200d010> to method <nexus.loader.InfiniteLoop object at 0x7f2f220225d0>
2026-02-28 20:06:52 [ERROR] root: Badge error
Traceback (most recent call last):
  File "/home/donotweb/Рабочий стол/Nexus/Nexus/nexus/main.py", line 903, in _badge
    repo = git.Repo()
  File "/var/data/python/lib/python3.13/site-packages/git/repo/base.py", line 224, in __init__
    self.working_dir: Optional[PathLike] = self._working_tree_dir or self.common_dir
                                                                     ^^^^^^^^^^^^^^^
  File "/var/data/python/lib/python3.13/site-packages/git/repo/base.py", line 307, in common_dir
    raise InvalidGitRepositoryError()
git.exc.InvalidGitRepositoryError
2026-02-28 20:07:15 [DEBUG] nexus.loader: Reloaded 84 commands, 0 inline handlers, 0 callback handlers and 2 watchers
2026-02-28 20:07:21 [DEBUG] nexus.modules.api_protection: Successfully installed ratelimiter
2026-02-28 20:07:45 [DEBUG] nexus.loader: Reloaded 84 commands, 0 inline handlers, 0 callback handlers and 2 watchers
2026-02-28 20:08:15 [DEBUG] nexus.loader: Reloaded 84 commands, 0 inline handlers, 0 callback handlers and 2 watchers
2026-02-28 20:08:45 [DEBUG] nexus.loader: Reloaded 84 commands, 0 inline handlers, 0 callback handlers and 2 watchers
2026-02-28 20:09:15 [DEBUG] nexus.loader: Reloaded 84 commands, 0 inline handlers, 0 callback handlers and 2 watchers
2026-02-28 20:09:45 [DEBUG] nexus.loader: Reloaded 84 commands, 0 inline handlers, 0 callback handlers and 2 watchers
2026-02-28 20:10:04 [ERROR] root: Unexpected exception in main loop: Event loop stopped before Future completed.
Traceback (most recent call last):
  File "/home/donotweb/Рабочий стол/Nexus/Nexus/nexus/main.py", line 1095, in main
    self.loop.run_until_complete(self._main())
    ~~~~~~~~~~~~~~~~~~~~~~~~~~~~^^^^^^^^^^^^^^
  File "/usr/lib/python3.13/asyncio/base_events.py", line 723, in run_until_complete
    raise RuntimeError('Event loop stopped before Future completed.')
RuntimeError: Event loop stopped before Future completed.
2026-02-28 20:10:04 [INFO] root: Bye!
2026-02-28 20:10:10 [DEBUG] root: Got DB
2026-02-28 20:10:10 [DEBUG] root: Loading logging config...
2026-02-28 20:10:10 [DEBUG] nexus.loader: Loading nexus.modules.translations from filesystem
2026-02-28 20:10:10 [DEBUG] nexus.loader: Loading nexus.modules.quickstart from filesystem
2026-02-28 20:10:10 [DEBUG] nexus.loader: Loading nexus.modules.terminal from filesystem
2026-02-28 20:10:10 [DEBUG] nexus.loader: Loading nexus.modules.presets from filesystem
2026-02-28 20:10:10 [DEBUG] nexus.loader: Loading nexus.modules.updater from filesystem
2026-02-28 20:10:10 [DEBUG] nexus.types: Config value was None, so it was reset to False
2026-02-28 20:10:10 [DEBUG] nexus.loader: Loading nexus.modules.test from filesystem
2026-02-28 20:10:10 [DEBUG] nexus.types: Config value was None, so it was reset to 
2026-02-28 20:10:10 [DEBUG] nexus.types: Config value was None, so it was reset to 
2026-02-28 20:10:10 [DEBUG] nexus.loader: Loading nexus.modules.nexus_config from filesystem
2026-02-28 20:10:10 [DEBUG] nexus.loader: Loading nexus.modules.help from filesystem
2026-02-28 20:10:10 [DEBUG] nexus.loader: Loading nexus.modules.settings from filesystem
2026-02-28 20:10:10 [DEBUG] nexus.loader: Loading nexus.modules.nexus_security from filesystem
2026-02-28 20:10:10 [DEBUG] nexus.loader: Loading nexus.modules.nexus_info from filesystem
2026-02-28 20:10:10 [DEBUG] nexus.loader: Loading nexus.modules.inline_stuff from filesystem
2026-02-28 20:10:10 [DEBUG] nexus.loader: Loading nexus.modules.api_protection from filesystem
2026-02-28 20:10:10 [DEBUG] nexus.loader: Loading nexus.modules.nexus_web from filesystem
2026-02-28 20:10:10 [DEBUG] nexus.loader: Loading nexus.modules.nexus_settings from filesystem
2026-02-28 20:10:10 [DEBUG] nexus.loader: Loading nexus.modules.translate from filesystem
2026-02-28 20:10:10 [DEBUG] nexus.loader: Loading nexus.modules.executor from filesystem
2026-02-28 20:10:10 [DEBUG] nexus.loader: Loading nexus.modules.loader from filesystem
2026-02-28 20:10:10 [DEBUG] nexus.types: Config value was None, so it was reset to False
2026-02-28 20:10:10 [DEBUG] nexus.loader: Loading nexus.modules.eval from filesystem
2026-02-28 20:10:10 [DEBUG] nexus.loader: Loading nexus.modules.nexus_backup from filesystem
2026-02-28 20:10:10 [DEBUG] nexus.types: Config value was None, so it was reset to False
2026-02-28 20:10:10 [DEBUG] nexus.types: Config value was broken (['Лапокапканот', 30, '#000', '0|0', 'mm', '#000']), so it was reset to ['Лапокапканот', 30, '#000', '0|0', 'mm', 0, '#000']
2026-02-28 20:10:11 [ERROR] nexus.loader: Failed to send mod init complete signal for <nexus.modules.updater.UpdaterMod object at 0x7f57207f9160> due to Can't load due to repo init error, attempting unload
Traceback (most recent call last):
  File "<core nexus.modules.updater>", line 480, in client_ready
    git.Repo()
    ~~~~~~~~^^
  File "/var/data/python/lib/python3.13/site-packages/git/repo/base.py", line 224, in __init__
    self.working_dir: Optional[PathLike] = self._working_tree_dir or self.common_dir
                                                                     ^^^^^^^^^^^^^^^
  File "/var/data/python/lib/python3.13/site-packages/git/repo/base.py", line 307, in common_dir
    raise InvalidGitRepositoryError()
git.exc.InvalidGitRepositoryError

The above exception was the direct cause of the following exception:

Traceback (most recent call last):
  File "/home/donotweb/Рабочий стол/Nexus/Nexus/nexus/loader.py", line 1047, in send_ready_one
    await mod.client_ready()
  File "<core nexus.modules.updater>", line 482, in client_ready
    raise loader.LoadError("Can't load due to repo init error") from e
nexus.types.LoadError: Can't load due to repo init error
2026-02-28 20:10:11 [ERROR] nexus.loader: Failed to send mod init complete signal due to Can't load due to repo init error
Traceback (most recent call last):
  File "<core nexus.modules.updater>", line 480, in client_ready
    git.Repo()
    ~~~~~~~~^^
  File "/var/data/python/lib/python3.13/site-packages/git/repo/base.py", line 224, in __init__
    self.working_dir: Optional[PathLike] = self._working_tree_dir or self.common_dir
                                                                     ^^^^^^^^^^^^^^^
  File "/var/data/python/lib/python3.13/site-packages/git/repo/base.py", line 307, in common_dir
    raise InvalidGitRepositoryError()
git.exc.InvalidGitRepositoryError

The above exception was the direct cause of the following exception:

Traceback (most recent call last):
  File "/home/donotweb/Рабочий стол/Nexus/Nexus/nexus/loader.py", line 1014, in send_ready_one_wrapper
    await self.send_ready_one(*args, **kwargs)
  File "/home/donotweb/Рабочий стол/Nexus/Nexus/nexus/loader.py", line 1047, in send_ready_one
    await mod.client_ready()
  File "<core nexus.modules.updater>", line 482, in client_ready
    raise loader.LoadError("Can't load due to repo init error") from e
nexus.types.LoadError: Can't load due to repo init error
2026-02-28 20:10:11 [DEBUG] nexus.modules.loader: Loading modules: {}
2026-02-28 20:10:11 [DEBUG] urllib3.connectionpool: Starting new HTTPS connection (1): raw.githubusercontent.com:443
2026-02-28 20:10:11 [DEBUG] nexus.tl_cache: Saved hashable_entity nexus_talks to cache
2026-02-28 20:10:11 [DEBUG] nexus.tl_cache: Saved resolved_entity id 2850178142 to cache
2026-02-28 20:10:11 [DEBUG] nexus.tl_cache: Saved resolved_entity username @Nexus_Talks to cache
2026-02-28 20:10:11 [DEBUG] nexus.tl_cache: Saved hashable_entity nexus_talks to cache
2026-02-28 20:10:11 [DEBUG] nexus.tl_cache: Saved resolved_entity id 2850178142 to cache
2026-02-28 20:10:11 [DEBUG] nexus.tl_cache: Saved resolved_entity username @Nexus_Talks to cache
2026-02-28 20:10:11 [DEBUG] urllib3.connectionpool: https://raw.githubusercontent.com:443 "GET /DoNotWeb/modules/main/full.txt HTTP/1.1" 404 14
2026-02-28 20:10:11 [DEBUG] nexus.modules.loader: Can't load repo https://raw.githubusercontent.com/DoNotWeb/modules/main contents because of 404 status code
2026-02-28 20:10:11 [DEBUG] nexus.modules.loader: Modules: []
2026-02-28 20:10:11 [DEBUG] nexus._local_storage: Preloading modules from remote storage.
2026-02-28 20:10:11 [DEBUG] nexus.modules.test: Bot logging installed for -1003749634815
2026-02-28 20:10:11 [DEBUG] nexus.loader: Started loop for method <function TestMod.watchdog at 0x7f571fde6980>
2026-02-28 20:10:12 [DEBUG] nexus.loader: Added module <nexus.modules.test.TestMod object at 0x7f57207f8d70> to method <nexus.loader.InfiniteLoop object at 0x7f571fe0a490>
2026-02-28 20:10:12 [ERROR] nexus.loader: Failed to send mod init complete signal for <nexus.modules.nexus_backup.NexusBackupMod object at 0x7f571fb46a50> due to Telegram server says - Bad Request: wrong type of the web page content, attempting unload
Traceback (most recent call last):
  File "/home/donotweb/Рабочий стол/Nexus/Nexus/nexus/loader.py", line 1047, in send_ready_one
    await mod.client_ready()
  File "<core nexus.modules.nexus_backup>", line 56, in client_ready
    await self.inline.bot.send_photo(
    ...<25 lines>...
    )
  File "/var/data/python/lib/python3.13/site-packages/aiogram/client/bot.py", line 2920, in send_photo
    return await self(call, request_timeout=request_timeout)
           ^^^^^^^^^^^^^^^^^^^^^^^^^^^^^^^^^^^^^^^^^^^^^^^^^
  File "/var/data/python/lib/python3.13/site-packages/aiogram/client/bot.py", line 478, in __call__
    return await self.session(self, method, timeout=request_timeout)
           ^^^^^^^^^^^^^^^^^^^^^^^^^^^^^^^^^^^^^^^^^^^^^^^^^^^^^^^^^
  File "/var/data/python/lib/python3.13/site-packages/aiogram/client/session/base.py", line 254, in __call__
    return cast(TelegramType, await middleware(bot, method))
                              ^^^^^^^^^^^^^^^^^^^^^^^^^^^^^
  File "/var/data/python/lib/python3.13/site-packages/aiogram/client/session/aiohttp.py", line 185, in make_request
    response = self.check_response(
        bot=bot, method=method, status_code=resp.status, content=raw_result
    )
  File "/var/data/python/lib/python3.13/site-packages/aiogram/client/session/base.py", line 120, in check_response
    raise TelegramBadRequest(method=method, message=description)
aiogram.exceptions.TelegramBadRequest: Telegram server says - Bad Request: wrong type of the web page content
2026-02-28 20:10:12 [ERROR] nexus.loader: Failed to send mod init complete signal due to Telegram server says - Bad Request: wrong type of the web page content
Traceback (most recent call last):
  File "/home/donotweb/Рабочий стол/Nexus/Nexus/nexus/loader.py", line 1014, in send_ready_one_wrapper
    await self.send_ready_one(*args, **kwargs)
  File "/home/donotweb/Рабочий стол/Nexus/Nexus/nexus/loader.py", line 1047, in send_ready_one
    await mod.client_ready()
  File "<core nexus.modules.nexus_backup>", line 56, in client_ready
    await self.inline.bot.send_photo(
    ...<25 lines>...
    )
  File "/var/data/python/lib/python3.13/site-packages/aiogram/client/bot.py", line 2920, in send_photo
    return await self(call, request_timeout=request_timeout)
           ^^^^^^^^^^^^^^^^^^^^^^^^^^^^^^^^^^^^^^^^^^^^^^^^^
  File "/var/data/python/lib/python3.13/site-packages/aiogram/client/bot.py", line 478, in __call__
    return await self.session(self, method, timeout=request_timeout)
           ^^^^^^^^^^^^^^^^^^^^^^^^^^^^^^^^^^^^^^^^^^^^^^^^^^^^^^^^^
  File "/var/data/python/lib/python3.13/site-packages/aiogram/client/session/base.py", line 254, in __call__
    return cast(TelegramType, await middleware(bot, method))
                              ^^^^^^^^^^^^^^^^^^^^^^^^^^^^^
  File "/var/data/python/lib/python3.13/site-packages/aiogram/client/session/aiohttp.py", line 185, in make_request
    response = self.check_response(
        bot=bot, method=method, status_code=resp.status, content=raw_result
    )
  File "/var/data/python/lib/python3.13/site-packages/aiogram/client/session/base.py", line 120, in check_response
    raise TelegramBadRequest(method=method, message=description)
aiogram.exceptions.TelegramBadRequest: Telegram server says - Bad Request: wrong type of the web page content
2026-02-28 20:10:12 [ERROR] nexus.loader: Failed to send mod init complete signal for <nexus.modules.quickstart.Quickstart object at 0x7f57207f81a0> due to Telegram server says - Bad Request: wrong type of the web page content, attempting unload
Traceback (most recent call last):
  File "/home/donotweb/Рабочий стол/Nexus/Nexus/nexus/loader.py", line 1047, in send_ready_one
    await mod.client_ready()
  File "<core nexus.modules.quickstart>", line 40, in client_ready
    await self.request_join(
    ...<2 lines>...
    )
  File "/home/donotweb/Рабочий стол/Nexus/Nexus/nexus/types.py", line 399, in request_join
    await self.inline.bot.send_photo(
    ...<26 lines>...
    )
  File "/var/data/python/lib/python3.13/site-packages/aiogram/client/bot.py", line 2920, in send_photo
    return await self(call, request_timeout=request_timeout)
           ^^^^^^^^^^^^^^^^^^^^^^^^^^^^^^^^^^^^^^^^^^^^^^^^^
  File "/var/data/python/lib/python3.13/site-packages/aiogram/client/bot.py", line 478, in __call__
    return await self.session(self, method, timeout=request_timeout)
           ^^^^^^^^^^^^^^^^^^^^^^^^^^^^^^^^^^^^^^^^^^^^^^^^^^^^^^^^^
  File "/var/data/python/lib/python3.13/site-packages/aiogram/client/session/base.py", line 254, in __call__
    return cast(TelegramType, await middleware(bot, method))
                              ^^^^^^^^^^^^^^^^^^^^^^^^^^^^^
  File "/var/data/python/lib/python3.13/site-packages/aiogram/client/session/aiohttp.py", line 185, in make_request
    response = self.check_response(
        bot=bot, method=method, status_code=resp.status, content=raw_result
    )
  File "/var/data/python/lib/python3.13/site-packages/aiogram/client/session/base.py", line 120, in check_response
    raise TelegramBadRequest(method=method, message=description)
aiogram.exceptions.TelegramBadRequest: Telegram server says - Bad Request: wrong type of the web page content
2026-02-28 20:10:12 [ERROR] nexus.loader: Failed to send mod init complete signal due to Telegram server says - Bad Request: wrong type of the web page content
Traceback (most recent call last):
  File "/home/donotweb/Рабочий стол/Nexus/Nexus/nexus/loader.py", line 1014, in send_ready_one_wrapper
    await self.send_ready_one(*args, **kwargs)
  File "/home/donotweb/Рабочий стол/Nexus/Nexus/nexus/loader.py", line 1047, in send_ready_one
    await mod.client_ready()
  File "<core nexus.modules.quickstart>", line 40, in client_ready
    await self.request_join(
    ...<2 lines>...
    )
  File "/home/donotweb/Рабочий стол/Nexus/Nexus/nexus/types.py", line 399, in request_join
    await self.inline.bot.send_photo(
    ...<26 lines>...
    )
  File "/var/data/python/lib/python3.13/site-packages/aiogram/client/bot.py", line 2920, in send_photo
    return await self(call, request_timeout=request_timeout)
           ^^^^^^^^^^^^^^^^^^^^^^^^^^^^^^^^^^^^^^^^^^^^^^^^^
  File "/var/data/python/lib/python3.13/site-packages/aiogram/client/bot.py", line 478, in __call__
    return await self.session(self, method, timeout=request_timeout)
           ^^^^^^^^^^^^^^^^^^^^^^^^^^^^^^^^^^^^^^^^^^^^^^^^^^^^^^^^^
  File "/var/data/python/lib/python3.13/site-packages/aiogram/client/session/base.py", line 254, in __call__
    return cast(TelegramType, await middleware(bot, method))
                              ^^^^^^^^^^^^^^^^^^^^^^^^^^^^^
  File "/var/data/python/lib/python3.13/site-packages/aiogram/client/session/aiohttp.py", line 185, in make_request
    response = self.check_response(
        bot=bot, method=method, status_code=resp.status, content=raw_result
    )
  File "/var/data/python/lib/python3.13/site-packages/aiogram/client/session/base.py", line 120, in check_response
    raise TelegramBadRequest(method=method, message=description)
aiogram.exceptions.TelegramBadRequest: Telegram server says - Bad Request: wrong type of the web page content
2026-02-28 20:10:12 [ERROR] root: Badge error
Traceback (most recent call last):
  File "/home/donotweb/Рабочий стол/Nexus/Nexus/nexus/main.py", line 903, in _badge
    repo = git.Repo()
  File "/var/data/python/lib/python3.13/site-packages/git/repo/base.py", line 224, in __init__
    self.working_dir: Optional[PathLike] = self._working_tree_dir or self.common_dir
                                                                     ^^^^^^^^^^^^^^^
  File "/var/data/python/lib/python3.13/site-packages/git/repo/base.py", line 307, in common_dir
    raise InvalidGitRepositoryError()
git.exc.InvalidGitRepositoryError
2026-02-28 20:10:40 [DEBUG] nexus.loader: Reloaded 84 commands, 0 inline handlers, 0 callback handlers and 2 watchers
2026-02-28 20:10:41 [DEBUG] nexus.modules.api_protection: Successfully installed ratelimiter
2026-02-28 20:10:54 [ERROR] root: Unexpected exception in main loop: Event loop stopped before Future completed.
Traceback (most recent call last):
  File "/home/donotweb/Рабочий стол/Nexus/Nexus/nexus/main.py", line 1095, in main
    self.loop.run_until_complete(self._main())
    ~~~~~~~~~~~~~~~~~~~~~~~~~~~~^^^^^^^^^^^^^^
  File "/usr/lib/python3.13/asyncio/base_events.py", line 723, in run_until_complete
    raise RuntimeError('Event loop stopped before Future completed.')
RuntimeError: Event loop stopped before Future completed.
2026-02-28 20:10:54 [INFO] root: Bye!
2026-02-28 20:12:42 [DEBUG] root: Got DB
2026-02-28 20:12:42 [DEBUG] root: Loading logging config...
2026-02-28 20:12:42 [DEBUG] nexus.loader: Loading nexus.modules.translations from filesystem
2026-02-28 20:12:42 [DEBUG] nexus.loader: Loading nexus.modules.quickstart from filesystem
2026-02-28 20:12:42 [DEBUG] nexus.loader: Loading nexus.modules.terminal from filesystem
2026-02-28 20:12:42 [DEBUG] nexus.loader: Loading nexus.modules.presets from filesystem
2026-02-28 20:12:42 [DEBUG] nexus.loader: Loading nexus.modules.updater from filesystem
2026-02-28 20:12:42 [DEBUG] nexus.types: Config value was None, so it was reset to False
2026-02-28 20:12:42 [DEBUG] nexus.loader: Loading nexus.modules.test from filesystem
2026-02-28 20:12:42 [DEBUG] nexus.types: Config value was None, so it was reset to 
2026-02-28 20:12:42 [DEBUG] nexus.types: Config value was None, so it was reset to 
2026-02-28 20:12:42 [DEBUG] nexus.loader: Loading nexus.modules.nexus_config from filesystem
2026-02-28 20:12:42 [DEBUG] nexus.loader: Loading nexus.modules.help from filesystem
2026-02-28 20:12:42 [DEBUG] nexus.loader: Loading nexus.modules.settings from filesystem
2026-02-28 20:12:42 [DEBUG] nexus.loader: Loading nexus.modules.nexus_security from filesystem
2026-02-28 20:12:42 [DEBUG] nexus.loader: Loading nexus.modules.nexus_info from filesystem
2026-02-28 20:12:42 [DEBUG] nexus.loader: Loading nexus.modules.inline_stuff from filesystem
2026-02-28 20:12:42 [DEBUG] nexus.loader: Loading nexus.modules.api_protection from filesystem
2026-02-28 20:12:42 [DEBUG] nexus.loader: Loading nexus.modules.nexus_web from filesystem
2026-02-28 20:12:42 [DEBUG] nexus.loader: Loading nexus.modules.nexus_settings from filesystem
2026-02-28 20:12:42 [DEBUG] nexus.loader: Loading nexus.modules.translate from filesystem
2026-02-28 20:12:42 [DEBUG] nexus.loader: Loading nexus.modules.executor from filesystem
2026-02-28 20:12:42 [DEBUG] nexus.loader: Loading nexus.modules.loader from filesystem
2026-02-28 20:12:42 [DEBUG] nexus.types: Config value was None, so it was reset to False
2026-02-28 20:12:42 [DEBUG] nexus.loader: Loading nexus.modules.eval from filesystem
2026-02-28 20:12:42 [DEBUG] nexus.loader: Loading nexus.modules.nexus_backup from filesystem
2026-02-28 20:12:42 [DEBUG] nexus.types: Config value was None, so it was reset to False
2026-02-28 20:12:42 [DEBUG] nexus.types: Config value was broken (['Лапокапканот', 30, '#000', '0|0', 'mm', '#000']), so it was reset to ['Лапокапканот', 30, '#000', '0|0', 'mm', 0, '#000']
2026-02-28 20:12:44 [ERROR] nexus.loader: Failed to send mod init complete signal for <nexus.modules.updater.UpdaterMod object at 0x7fb2863f9010> due to Can't load due to repo init error, attempting unload
Traceback (most recent call last):
  File "<core nexus.modules.updater>", line 480, in client_ready
    git.Repo()
    ~~~~~~~~^^
  File "/var/data/python/lib/python3.13/site-packages/git/repo/base.py", line 224, in __init__
    self.working_dir: Optional[PathLike] = self._working_tree_dir or self.common_dir
                                                                     ^^^^^^^^^^^^^^^
  File "/var/data/python/lib/python3.13/site-packages/git/repo/base.py", line 307, in common_dir
    raise InvalidGitRepositoryError()
git.exc.InvalidGitRepositoryError

The above exception was the direct cause of the following exception:

Traceback (most recent call last):
  File "/home/donotweb/Рабочий стол/Nexus/Nexus/nexus/loader.py", line 1047, in send_ready_one
    await mod.client_ready()
  File "<core nexus.modules.updater>", line 482, in client_ready
    raise loader.LoadError("Can't load due to repo init error") from e
nexus.types.LoadError: Can't load due to repo init error
2026-02-28 20:12:44 [ERROR] nexus.loader: Failed to send mod init complete signal due to Can't load due to repo init error
Traceback (most recent call last):
  File "<core nexus.modules.updater>", line 480, in client_ready
    git.Repo()
    ~~~~~~~~^^
  File "/var/data/python/lib/python3.13/site-packages/git/repo/base.py", line 224, in __init__
    self.working_dir: Optional[PathLike] = self._working_tree_dir or self.common_dir
                                                                     ^^^^^^^^^^^^^^^
  File "/var/data/python/lib/python3.13/site-packages/git/repo/base.py", line 307, in common_dir
    raise InvalidGitRepositoryError()
git.exc.InvalidGitRepositoryError

The above exception was the direct cause of the following exception:

Traceback (most recent call last):
  File "/home/donotweb/Рабочий стол/Nexus/Nexus/nexus/loader.py", line 1014, in send_ready_one_wrapper
    await self.send_ready_one(*args, **kwargs)
  File "/home/donotweb/Рабочий стол/Nexus/Nexus/nexus/loader.py", line 1047, in send_ready_one
    await mod.client_ready()
  File "<core nexus.modules.updater>", line 482, in client_ready
    raise loader.LoadError("Can't load due to repo init error") from e
nexus.types.LoadError: Can't load due to repo init error
2026-02-28 20:12:44 [DEBUG] nexus.modules.loader: Loading modules: {}
2026-02-28 20:12:44 [DEBUG] urllib3.connectionpool: Starting new HTTPS connection (1): raw.githubusercontent.com:443
2026-02-28 20:12:44 [ERROR] nexus.loader: Failed to send mod init complete signal for <nexus.modules.nexus_backup.NexusBackupMod object at 0x7fb28574aba0> due to Telegram server says - Bad Request: wrong type of the web page content, attempting unload
Traceback (most recent call last):
  File "/home/donotweb/Рабочий стол/Nexus/Nexus/nexus/loader.py", line 1047, in send_ready_one
    await mod.client_ready()
  File "<core nexus.modules.nexus_backup>", line 56, in client_ready
    await self.inline.bot.send_photo(
    ...<25 lines>...
    )
  File "/var/data/python/lib/python3.13/site-packages/aiogram/client/bot.py", line 2920, in send_photo
    return await self(call, request_timeout=request_timeout)
           ^^^^^^^^^^^^^^^^^^^^^^^^^^^^^^^^^^^^^^^^^^^^^^^^^
  File "/var/data/python/lib/python3.13/site-packages/aiogram/client/bot.py", line 478, in __call__
    return await self.session(self, method, timeout=request_timeout)
           ^^^^^^^^^^^^^^^^^^^^^^^^^^^^^^^^^^^^^^^^^^^^^^^^^^^^^^^^^
  File "/var/data/python/lib/python3.13/site-packages/aiogram/client/session/base.py", line 254, in __call__
    return cast(TelegramType, await middleware(bot, method))
                              ^^^^^^^^^^^^^^^^^^^^^^^^^^^^^
  File "/var/data/python/lib/python3.13/site-packages/aiogram/client/session/aiohttp.py", line 185, in make_request
    response = self.check_response(
        bot=bot, method=method, status_code=resp.status, content=raw_result
    )
  File "/var/data/python/lib/python3.13/site-packages/aiogram/client/session/base.py", line 120, in check_response
    raise TelegramBadRequest(method=method, message=description)
aiogram.exceptions.TelegramBadRequest: Telegram server says - Bad Request: wrong type of the web page content
2026-02-28 20:12:44 [ERROR] nexus.loader: Failed to send mod init complete signal due to Telegram server says - Bad Request: wrong type of the web page content
Traceback (most recent call last):
  File "/home/donotweb/Рабочий стол/Nexus/Nexus/nexus/loader.py", line 1014, in send_ready_one_wrapper
    await self.send_ready_one(*args, **kwargs)
  File "/home/donotweb/Рабочий стол/Nexus/Nexus/nexus/loader.py", line 1047, in send_ready_one
    await mod.client_ready()
  File "<core nexus.modules.nexus_backup>", line 56, in client_ready
    await self.inline.bot.send_photo(
    ...<25 lines>...
    )
  File "/var/data/python/lib/python3.13/site-packages/aiogram/client/bot.py", line 2920, in send_photo
    return await self(call, request_timeout=request_timeout)
           ^^^^^^^^^^^^^^^^^^^^^^^^^^^^^^^^^^^^^^^^^^^^^^^^^
  File "/var/data/python/lib/python3.13/site-packages/aiogram/client/bot.py", line 478, in __call__
    return await self.session(self, method, timeout=request_timeout)
           ^^^^^^^^^^^^^^^^^^^^^^^^^^^^^^^^^^^^^^^^^^^^^^^^^^^^^^^^^
  File "/var/data/python/lib/python3.13/site-packages/aiogram/client/session/base.py", line 254, in __call__
    return cast(TelegramType, await middleware(bot, method))
                              ^^^^^^^^^^^^^^^^^^^^^^^^^^^^^
  File "/var/data/python/lib/python3.13/site-packages/aiogram/client/session/aiohttp.py", line 185, in make_request
    response = self.check_response(
        bot=bot, method=method, status_code=resp.status, content=raw_result
    )
  File "/var/data/python/lib/python3.13/site-packages/aiogram/client/session/base.py", line 120, in check_response
    raise TelegramBadRequest(method=method, message=description)
aiogram.exceptions.TelegramBadRequest: Telegram server says - Bad Request: wrong type of the web page content
2026-02-28 20:12:44 [DEBUG] nexus.tl_cache: Saved hashable_entity nexus_talks to cache
2026-02-28 20:12:44 [DEBUG] nexus.tl_cache: Saved resolved_entity id 2850178142 to cache
2026-02-28 20:12:44 [DEBUG] nexus.tl_cache: Saved resolved_entity username @Nexus_Talks to cache
2026-02-28 20:12:44 [DEBUG] urllib3.connectionpool: https://raw.githubusercontent.com:443 "GET /DoNotWeb/modules/main/full.txt HTTP/1.1" 404 14
2026-02-28 20:12:44 [DEBUG] nexus.modules.loader: Can't load repo https://raw.githubusercontent.com/DoNotWeb/modules/main contents because of 404 status code
2026-02-28 20:12:44 [DEBUG] nexus.modules.loader: Modules: []
2026-02-28 20:12:44 [DEBUG] nexus._local_storage: Preloading modules from remote storage.
2026-02-28 20:12:44 [DEBUG] nexus.tl_cache: Saved hashable_entity nexus_talks to cache
2026-02-28 20:12:44 [DEBUG] nexus.tl_cache: Saved resolved_entity id 2850178142 to cache
2026-02-28 20:12:44 [DEBUG] nexus.tl_cache: Saved resolved_entity username @Nexus_Talks to cache
2026-02-28 20:12:44 [DEBUG] nexus.modules.test: Bot logging installed for -1003749634815
2026-02-28 20:12:44 [DEBUG] nexus.loader: Started loop for method <function TestMod.watchdog at 0x7fb2859eeb60>
2026-02-28 20:12:44 [DEBUG] nexus.loader: Added module <nexus.modules.test.TestMod object at 0x7fb2863f96a0> to method <nexus.loader.InfiniteLoop object at 0x7fb285a0e710>
2026-02-28 20:12:45 [ERROR] nexus.loader: Failed to send mod init complete signal for <nexus.modules.quickstart.Quickstart object at 0x7fb2863f8050> due to Telegram server says - Bad Request: wrong type of the web page content, attempting unload
Traceback (most recent call last):
  File "/home/donotweb/Рабочий стол/Nexus/Nexus/nexus/loader.py", line 1047, in send_ready_one
    await mod.client_ready()
  File "<core nexus.modules.quickstart>", line 40, in client_ready
    await self.request_join(
    ...<2 lines>...
    )
  File "/home/donotweb/Рабочий стол/Nexus/Nexus/nexus/types.py", line 399, in request_join
    await self.inline.bot.send_photo(
    ...<26 lines>...
    )
  File "/var/data/python/lib/python3.13/site-packages/aiogram/client/bot.py", line 2920, in send_photo
    return await self(call, request_timeout=request_timeout)
           ^^^^^^^^^^^^^^^^^^^^^^^^^^^^^^^^^^^^^^^^^^^^^^^^^
  File "/var/data/python/lib/python3.13/site-packages/aiogram/client/bot.py", line 478, in __call__
    return await self.session(self, method, timeout=request_timeout)
           ^^^^^^^^^^^^^^^^^^^^^^^^^^^^^^^^^^^^^^^^^^^^^^^^^^^^^^^^^
  File "/var/data/python/lib/python3.13/site-packages/aiogram/client/session/base.py", line 254, in __call__
    return cast(TelegramType, await middleware(bot, method))
                              ^^^^^^^^^^^^^^^^^^^^^^^^^^^^^
  File "/var/data/python/lib/python3.13/site-packages/aiogram/client/session/aiohttp.py", line 185, in make_request
    response = self.check_response(
        bot=bot, method=method, status_code=resp.status, content=raw_result
    )
  File "/var/data/python/lib/python3.13/site-packages/aiogram/client/session/base.py", line 120, in check_response
    raise TelegramBadRequest(method=method, message=description)
aiogram.exceptions.TelegramBadRequest: Telegram server says - Bad Request: wrong type of the web page content
2026-02-28 20:12:45 [ERROR] nexus.loader: Failed to send mod init complete signal due to Telegram server says - Bad Request: wrong type of the web page content
Traceback (most recent call last):
  File "/home/donotweb/Рабочий стол/Nexus/Nexus/nexus/loader.py", line 1014, in send_ready_one_wrapper
    await self.send_ready_one(*args, **kwargs)
  File "/home/donotweb/Рабочий стол/Nexus/Nexus/nexus/loader.py", line 1047, in send_ready_one
    await mod.client_ready()
  File "<core nexus.modules.quickstart>", line 40, in client_ready
    await self.request_join(
    ...<2 lines>...
    )
  File "/home/donotweb/Рабочий стол/Nexus/Nexus/nexus/types.py", line 399, in request_join
    await self.inline.bot.send_photo(
    ...<26 lines>...
    )
  File "/var/data/python/lib/python3.13/site-packages/aiogram/client/bot.py", line 2920, in send_photo
    return await self(call, request_timeout=request_timeout)
           ^^^^^^^^^^^^^^^^^^^^^^^^^^^^^^^^^^^^^^^^^^^^^^^^^
  File "/var/data/python/lib/python3.13/site-packages/aiogram/client/bot.py", line 478, in __call__
    return await self.session(self, method, timeout=request_timeout)
           ^^^^^^^^^^^^^^^^^^^^^^^^^^^^^^^^^^^^^^^^^^^^^^^^^^^^^^^^^
  File "/var/data/python/lib/python3.13/site-packages/aiogram/client/session/base.py", line 254, in __call__
    return cast(TelegramType, await middleware(bot, method))
                              ^^^^^^^^^^^^^^^^^^^^^^^^^^^^^
  File "/var/data/python/lib/python3.13/site-packages/aiogram/client/session/aiohttp.py", line 185, in make_request
    response = self.check_response(
        bot=bot, method=method, status_code=resp.status, content=raw_result
    )
  File "/var/data/python/lib/python3.13/site-packages/aiogram/client/session/base.py", line 120, in check_response
    raise TelegramBadRequest(method=method, message=description)
aiogram.exceptions.TelegramBadRequest: Telegram server says - Bad Request: wrong type of the web page content
2026-02-28 20:12:45 [ERROR] root: Badge error
Traceback (most recent call last):
  File "/home/donotweb/Рабочий стол/Nexus/Nexus/nexus/main.py", line 903, in _badge
    repo = git.Repo()
  File "/var/data/python/lib/python3.13/site-packages/git/repo/base.py", line 224, in __init__
    self.working_dir: Optional[PathLike] = self._working_tree_dir or self.common_dir
                                                                     ^^^^^^^^^^^^^^^
  File "/var/data/python/lib/python3.13/site-packages/git/repo/base.py", line 307, in common_dir
    raise InvalidGitRepositoryError()
git.exc.InvalidGitRepositoryError
2026-02-28 20:12:49 [ERROR] root: Unexpected exception in main loop: Event loop stopped before Future completed.
Traceback (most recent call last):
  File "/home/donotweb/Рабочий стол/Nexus/Nexus/nexus/main.py", line 1095, in main
    self.loop.run_until_complete(self._main())
    ~~~~~~~~~~~~~~~~~~~~~~~~~~~~^^^^^^^^^^^^^^
  File "/usr/lib/python3.13/asyncio/base_events.py", line 723, in run_until_complete
    raise RuntimeError('Event loop stopped before Future completed.')
RuntimeError: Event loop stopped before Future completed.
2026-02-28 20:12:49 [INFO] root: Bye!
2026-02-28 21:02:53 [DEBUG] root: Got DB
2026-02-28 21:02:53 [DEBUG] root: Loading logging config...
2026-02-28 21:02:53 [DEBUG] nexus.loader: Loading nexus.modules.translations from filesystem
2026-02-28 21:02:53 [DEBUG] nexus.loader: Loading nexus.modules.quickstart from filesystem
2026-02-28 21:02:53 [DEBUG] nexus.loader: Loading nexus.modules.terminal from filesystem
2026-02-28 21:02:53 [DEBUG] nexus.loader: Loading nexus.modules.presets from filesystem
2026-02-28 21:02:53 [DEBUG] nexus.loader: Loading nexus.modules.updater from filesystem
2026-02-28 21:02:53 [DEBUG] nexus.types: Config value was None, so it was reset to False
2026-02-28 21:02:53 [DEBUG] nexus.loader: Loading nexus.modules.test from filesystem
2026-02-28 21:02:53 [DEBUG] nexus.types: Config value was None, so it was reset to 
2026-02-28 21:02:53 [DEBUG] nexus.types: Config value was None, so it was reset to 
2026-02-28 21:02:53 [DEBUG] nexus.loader: Loading nexus.modules.nexus_config from filesystem
2026-02-28 21:02:53 [DEBUG] nexus.loader: Loading nexus.modules.help from filesystem
2026-02-28 21:02:53 [DEBUG] nexus.loader: Loading nexus.modules.settings from filesystem
2026-02-28 21:02:53 [DEBUG] nexus.loader: Loading nexus.modules.nexus_security from filesystem
2026-02-28 21:02:53 [DEBUG] nexus.loader: Loading nexus.modules.nexus_info from filesystem
2026-02-28 21:02:53 [DEBUG] nexus.loader: Loading nexus.modules.inline_stuff from filesystem
2026-02-28 21:02:53 [DEBUG] nexus.loader: Loading nexus.modules.api_protection from filesystem
2026-02-28 21:02:53 [DEBUG] nexus.loader: Loading nexus.modules.nexus_web from filesystem
2026-02-28 21:02:53 [DEBUG] nexus.loader: Loading nexus.modules.nexus_settings from filesystem
2026-02-28 21:02:53 [DEBUG] nexus.loader: Loading nexus.modules.translate from filesystem
2026-02-28 21:02:54 [DEBUG] nexus.loader: Loading nexus.modules.executor from filesystem
2026-02-28 21:02:54 [DEBUG] nexus.loader: Loading nexus.modules.loader from filesystem
2026-02-28 21:02:54 [DEBUG] nexus.types: Config value was None, so it was reset to False
2026-02-28 21:02:54 [DEBUG] nexus.loader: Loading nexus.modules.eval from filesystem
2026-02-28 21:02:54 [DEBUG] nexus.loader: Loading nexus.modules.nexus_backup from filesystem
2026-02-28 21:02:54 [DEBUG] nexus.types: Config value was None, so it was reset to False
2026-02-28 21:02:54 [DEBUG] nexus.types: Config value was broken (['Лапокапканот', 30, '#000', '0|0', 'mm', '#000']), so it was reset to ['Лапокапканот', 30, '#000', '0|0', 'mm', 0, '#000']
2026-02-28 21:02:55 [ERROR] nexus.loader: Failed to send mod init complete signal for <nexus.modules.updater.UpdaterMod object at 0x7f41770f0d70> due to Can't load due to repo init error, attempting unload
Traceback (most recent call last):
  File "<core nexus.modules.updater>", line 478, in client_ready
    git.Repo()
    ~~~~~~~~^^
  File "/var/data/python/lib/python3.13/site-packages/git/repo/base.py", line 224, in __init__
    self.working_dir: Optional[PathLike] = self._working_tree_dir or self.common_dir
                                                                     ^^^^^^^^^^^^^^^
  File "/var/data/python/lib/python3.13/site-packages/git/repo/base.py", line 307, in common_dir
    raise InvalidGitRepositoryError()
git.exc.InvalidGitRepositoryError

The above exception was the direct cause of the following exception:

Traceback (most recent call last):
  File "/home/donotweb/Рабочий стол/Nexus/nexus/loader.py", line 1047, in send_ready_one
    await mod.client_ready()
  File "<core nexus.modules.updater>", line 480, in client_ready
    raise loader.LoadError("Can't load due to repo init error") from e
nexus.types.LoadError: Can't load due to repo init error
2026-02-28 21:02:55 [ERROR] nexus.loader: Failed to send mod init complete signal due to Can't load due to repo init error
Traceback (most recent call last):
  File "<core nexus.modules.updater>", line 478, in client_ready
    git.Repo()
    ~~~~~~~~^^
  File "/var/data/python/lib/python3.13/site-packages/git/repo/base.py", line 224, in __init__
    self.working_dir: Optional[PathLike] = self._working_tree_dir or self.common_dir
                                                                     ^^^^^^^^^^^^^^^
  File "/var/data/python/lib/python3.13/site-packages/git/repo/base.py", line 307, in common_dir
    raise InvalidGitRepositoryError()
git.exc.InvalidGitRepositoryError

The above exception was the direct cause of the following exception:

Traceback (most recent call last):
  File "/home/donotweb/Рабочий стол/Nexus/nexus/loader.py", line 1014, in send_ready_one_wrapper
    await self.send_ready_one(*args, **kwargs)
  File "/home/donotweb/Рабочий стол/Nexus/nexus/loader.py", line 1047, in send_ready_one
    await mod.client_ready()
  File "<core nexus.modules.updater>", line 480, in client_ready
    raise loader.LoadError("Can't load due to repo init error") from e
nexus.types.LoadError: Can't load due to repo init error
2026-02-28 21:02:55 [DEBUG] nexus.modules.loader: Loading modules: {}
2026-02-28 21:02:55 [DEBUG] urllib3.connectionpool: Starting new HTTPS connection (1): raw.githubusercontent.com:443
2026-02-28 21:02:55 [DEBUG] nexus.tl_cache: Saved hashable_entity nexus_talks to cache
2026-02-28 21:02:55 [DEBUG] nexus.tl_cache: Saved resolved_entity id 2850178142 to cache
2026-02-28 21:02:55 [DEBUG] nexus.tl_cache: Saved resolved_entity username @Nexus_Talks to cache
2026-02-28 21:02:55 [DEBUG] nexus.tl_cache: Saved hashable_entity nexus_talks to cache
2026-02-28 21:02:55 [DEBUG] nexus.tl_cache: Saved resolved_entity id 2850178142 to cache
2026-02-28 21:02:55 [DEBUG] urllib3.connectionpool: https://raw.githubusercontent.com:443 "GET /DoNotWeb/modules/main/full.txt HTTP/1.1" 404 14
2026-02-28 21:02:55 [DEBUG] nexus.tl_cache: Saved resolved_entity username @Nexus_Talks to cache
2026-02-28 21:02:55 [DEBUG] nexus.modules.loader: Can't load repo https://raw.githubusercontent.com/DoNotWeb/modules/main contents because of 404 status code
2026-02-28 21:02:55 [DEBUG] nexus.modules.loader: Modules: []
2026-02-28 21:02:55 [DEBUG] nexus._local_storage: Preloading modules from remote storage.
2026-02-28 21:02:55 [ERROR] herokutl.herokutl.client.updates: Unhandled exception on handle_incoming
Traceback (most recent call last):
  File "/var/data/python/lib/python3.13/site-packages/herokutl/client/updates.py", line 571, in _dispatch_update
    await callback(event)
  File "/home/donotweb/Рабочий стол/Nexus/nexus/dispatcher.py", line 638, in handle_incoming
    chat_id in blacklist_chats
    ^^^^^^^
NameError: name 'chat_id' is not defined
2026-02-28 21:02:55 [ERROR] nexus.loader: Failed to send mod init complete signal for <nexus.modules.quickstart.Quickstart object at 0x7f41770f1a90> due to Telegram server says - Bad Request: wrong type of the web page content, attempting unload
Traceback (most recent call last):
  File "/home/donotweb/Рабочий стол/Nexus/nexus/loader.py", line 1047, in send_ready_one
    await mod.client_ready()
  File "<core nexus.modules.quickstart>", line 40, in client_ready
    await self.request_join(
    ...<2 lines>...
    )
  File "/home/donotweb/Рабочий стол/Nexus/nexus/types.py", line 399, in request_join
    await self.inline.bot.send_photo(
    ...<26 lines>...
    )
  File "/var/data/python/lib/python3.13/site-packages/aiogram/client/bot.py", line 2920, in send_photo
    return await self(call, request_timeout=request_timeout)
           ^^^^^^^^^^^^^^^^^^^^^^^^^^^^^^^^^^^^^^^^^^^^^^^^^
  File "/var/data/python/lib/python3.13/site-packages/aiogram/client/bot.py", line 478, in __call__
    return await self.session(self, method, timeout=request_timeout)
           ^^^^^^^^^^^^^^^^^^^^^^^^^^^^^^^^^^^^^^^^^^^^^^^^^^^^^^^^^
  File "/var/data/python/lib/python3.13/site-packages/aiogram/client/session/base.py", line 254, in __call__
    return cast(TelegramType, await middleware(bot, method))
                              ^^^^^^^^^^^^^^^^^^^^^^^^^^^^^
  File "/var/data/python/lib/python3.13/site-packages/aiogram/client/session/aiohttp.py", line 185, in make_request
    response = self.check_response(
        bot=bot, method=method, status_code=resp.status, content=raw_result
    )
  File "/var/data/python/lib/python3.13/site-packages/aiogram/client/session/base.py", line 120, in check_response
    raise TelegramBadRequest(method=method, message=description)
aiogram.exceptions.TelegramBadRequest: Telegram server says - Bad Request: wrong type of the web page content
2026-02-28 21:02:55 [ERROR] nexus.loader: Failed to send mod init complete signal due to Telegram server says - Bad Request: wrong type of the web page content
Traceback (most recent call last):
  File "/home/donotweb/Рабочий стол/Nexus/nexus/loader.py", line 1014, in send_ready_one_wrapper
    await self.send_ready_one(*args, **kwargs)
  File "/home/donotweb/Рабочий стол/Nexus/nexus/loader.py", line 1047, in send_ready_one
    await mod.client_ready()
  File "<core nexus.modules.quickstart>", line 40, in client_ready
    await self.request_join(
    ...<2 lines>...
    )
  File "/home/donotweb/Рабочий стол/Nexus/nexus/types.py", line 399, in request_join
    await self.inline.bot.send_photo(
    ...<26 lines>...
    )
  File "/var/data/python/lib/python3.13/site-packages/aiogram/client/bot.py", line 2920, in send_photo
    return await self(call, request_timeout=request_timeout)
           ^^^^^^^^^^^^^^^^^^^^^^^^^^^^^^^^^^^^^^^^^^^^^^^^^
  File "/var/data/python/lib/python3.13/site-packages/aiogram/client/bot.py", line 478, in __call__
    return await self.session(self, method, timeout=request_timeout)
           ^^^^^^^^^^^^^^^^^^^^^^^^^^^^^^^^^^^^^^^^^^^^^^^^^^^^^^^^^
  File "/var/data/python/lib/python3.13/site-packages/aiogram/client/session/base.py", line 254, in __call__
    return cast(TelegramType, await middleware(bot, method))
                              ^^^^^^^^^^^^^^^^^^^^^^^^^^^^^
  File "/var/data/python/lib/python3.13/site-packages/aiogram/client/session/aiohttp.py", line 185, in make_request
    response = self.check_response(
        bot=bot, method=method, status_code=resp.status, content=raw_result
    )
  File "/var/data/python/lib/python3.13/site-packages/aiogram/client/session/base.py", line 120, in check_response
    raise TelegramBadRequest(method=method, message=description)
aiogram.exceptions.TelegramBadRequest: Telegram server says - Bad Request: wrong type of the web page content
2026-02-28 21:02:55 [DEBUG] nexus.modules.test: Bot logging installed for -1003749634815
2026-02-28 21:02:55 [DEBUG] nexus.loader: Started loop for method <function TestMod.watchdog at 0x7f41766b7a60>
2026-02-28 21:02:55 [DEBUG] nexus.loader: Added module <nexus.modules.test.TestMod object at 0x7f41770f1010> to method <nexus.loader.InfiniteLoop object at 0x7f41766d2490>
2026-02-28 21:03:05 [DEBUG] urllib3.connectionpool: Starting new HTTPS connection (1): raw.githubusercontent.com:443
2026-02-28 21:03:05 [DEBUG] urllib3.connectionpool: https://raw.githubusercontent.com:443 "GET /DoNotWeb/assets/refs/heads/main/nexus/nexus_backups.png HTTP/1.1" 404 14
2026-02-28 21:03:06 [ERROR] root: Check that this is the only instance running. If that doesn't help, delete the file '/home/donotweb/Рабочий стол/Nexus/nexus-8467174655.session'
2026-02-28 21:03:06 [INFO] root: Bye!
2026-02-28 21:03:06 [DEBUG] nexus.utils: Failed to set avatar for asset channel
Traceback (most recent call last):
  File "/home/donotweb/Рабочий стол/Nexus/nexus/utils.py", line 878, in asset_channel
    await set_avatar(client, peer, avatar)
  File "/home/donotweb/Рабочий стол/Nexus/nexus/utils.py", line 739, in set_avatar
    res = await client(
          ^^^^^^^^^^^^^
    ...<4 lines>...
    )
    ^
  File "/var/data/python/lib/python3.13/site-packages/herokutl/client/users.py", line 30, in __call__
    return await self._call(self._sender, request, ordered=ordered)
           ^^^^^^^^^^^^^^^^^^^^^^^^^^^^^^^^^^^^^^^^^^^^^^^^^^^^^^^^
  File "/home/donotweb/Рабочий стол/Nexus/nexus/tl_cache.py", line 722, in _call
    return await super()._call(
           ^^^^^^^^^^^^^^^^^^^^
    ...<4 lines>...
    )
    ^
  File "/var/data/python/lib/python3.13/site-packages/herokutl/client/users.py", line 92, in _call
    result = await future
             ^^^^^^^^^^^^
herokutl.errors.rpcerrorlist.PhotoCropSizeSmallError: Photo is too small (caused by EditPhotoRequest)
2026-02-28 21:03:06 [DEBUG] nexus.loader: Started loop for method <function NexusBackupMod.handler at 0x7f41763b2200>
2026-02-28 21:03:06 [DEBUG] nexus.loader: Added module <nexus.modules.nexus_backup.NexusBackupMod object at 0x7f4176406ba0> to method <nexus.loader.InfiniteLoop object at 0x7f41763b9350>
2026-02-28 21:03:06 [ERROR] root: Badge error
Traceback (most recent call last):
  File "/home/donotweb/Рабочий стол/Nexus/nexus/main.py", line 907, in _badge
    repo = git.Repo()
  File "/var/data/python/lib/python3.13/site-packages/git/repo/base.py", line 224, in __init__
    self.working_dir: Optional[PathLike] = self._working_tree_dir or self.common_dir
                                                                     ^^^^^^^^^^^^^^^
  File "/var/data/python/lib/python3.13/site-packages/git/repo/base.py", line 307, in common_dir
    raise InvalidGitRepositoryError()
git.exc.InvalidGitRepositoryError
2026-02-28 21:03:23 [DEBUG] nexus.loader: Reloaded 91 commands, 0 inline handlers, 1 callback handlers and 2 watchers
2026-02-28 21:03:25 [DEBUG] nexus.modules.api_protection: Successfully installed ratelimiter
2026-02-28 21:03:36 [ERROR] root: Unexpected exception in main loop: [Errno 98] error while attempting to bind on address ('0.0.0.0', 24912): [errno 98] address already in use
Traceback (most recent call last):
  File "/home/donotweb/Рабочий стол/Nexus/nexus/main.py", line 1096, in main
    self.loop.run_until_complete(self._main())
    ~~~~~~~~~~~~~~~~~~~~~~~~~~~~^^^^^^^^^^^^^^
  File "/usr/lib/python3.13/asyncio/base_events.py", line 725, in run_until_complete
    return future.result()
           ~~~~~~~~~~~~~^^
  File "/home/donotweb/Рабочий стол/Nexus/nexus/main.py", line 1043, in _main
    ) and not (inital_web := await self._initial_setup()):
                             ^^^^^^^^^^^^^^^^^^^^^^^^^^^
  File "/home/donotweb/Рабочий стол/Nexus/nexus/main.py", line 795, in _initial_setup
    await self.web.start(
    ...<2 lines>...
    )
  File "/home/donotweb/Рабочий стол/Nexus/nexus/web/core.py", line 110, in start
    await site.start()
  File "/var/data/python/lib/python3.13/site-packages/aiohttp/web_runner.py", line 121, in start
    self._server = await loop.create_server(
                   ^^^^^^^^^^^^^^^^^^^^^^^^^
    ...<7 lines>...
    )
    ^
  File "/usr/lib/python3.13/asyncio/base_events.py", line 1630, in create_server
    raise OSError(err.errno, msg) from None
OSError: [Errno 98] error while attempting to bind on address ('0.0.0.0', 24912): [errno 98] address already in use
2026-02-28 21:03:36 [INFO] root: Bye!
2026-02-28 21:03:53 [DEBUG] nexus.loader: Reloaded 91 commands, 0 inline handlers, 1 callback handlers and 2 watchers
2026-02-28 21:04:06 [WARNING] herokutl.herokutl.client.updates: Cannot get difference since the account is likely misusing the session: attempt to write a readonly database
2026-02-28 21:04:06 [ERROR] root: Exception on event loop! Task exception was never retrieved
Traceback (most recent call last):
  File "/var/data/python/lib/python3.13/site-packages/herokutl/client/telegrambaseclient.py", line 733, in _disconnect_coro
    self._save_states_and_entities()
    ~~~~~~~~~~~~~~~~~~~~~~~~~~~~~~^^
  File "/var/data/python/lib/python3.13/site-packages/herokutl/client/telegrambaseclient.py", line 695, in _save_states_and_entities
    self.session.process_entities(types.contacts.ResolvedPeer(None, [types.InputPeerUser(0, self._mb_entity_cache.self_id)], []))
    ~~~~~~~~~~~~~~~~~~~~~~~~~~~~~^^^^^^^^^^^^^^^^^^^^^^^^^^^^^^^^^^^^^^^^^^^^^^^^^^^^^^^^^^^^^^^^^^^^^^^^^^^^^^^^^^^^^^^^^^^^^^^^
  File "/var/data/python/lib/python3.13/site-packages/herokutl/sessions/sqlite.py", line 301, in process_entities
    c.executemany(
    ~~~~~~~~~~~~~^
        'insert or replace into entities values (?,?,?,?,?,?)', rows)
        ^^^^^^^^^^^^^^^^^^^^^^^^^^^^^^^^^^^^^^^^^^^^^^^^^^^^^^^^^^^^^
sqlite3.OperationalError: attempt to write a readonly database
2026-02-28 21:04:06 [ERROR] root: Unexpected exception in main loop: attempt to write a readonly database
Traceback (most recent call last):
  File "/var/data/python/lib/python3.13/site-packages/herokutl/client/updates.py", line 38, in _run_until_disconnected
    raise self._updates_error
  File "/var/data/python/lib/python3.13/site-packages/herokutl/client/updates.py", line 308, in _update_loop
    diff = await self(get_diff)
           ^^^^^^^^^^^^^^^^^^^^
  File "/var/data/python/lib/python3.13/site-packages/herokutl/client/users.py", line 30, in __call__
    return await self._call(self._sender, request, ordered=ordered)
           ^^^^^^^^^^^^^^^^^^^^^^^^^^^^^^^^^^^^^^^^^^^^^^^^^^^^^^^^
  File "<core nexus.modules.api_protection>", line 203, in new_call
    return await old_call(sender, request, ordered, flood_sleep_threshold)
           ^^^^^^^^^^^^^^^^^^^^^^^^^^^^^^^^^^^^^^^^^^^^^^^^^^^^^^^^^^^^^^^
  File "/home/donotweb/Рабочий стол/Nexus/nexus/tl_cache.py", line 722, in _call
    return await super()._call(
           ^^^^^^^^^^^^^^^^^^^^
    ...<4 lines>...
    )
    ^
  File "/var/data/python/lib/python3.13/site-packages/herokutl/client/users.py", line 93, in _call
    self.session.process_entities(result)
    ~~~~~~~~~~~~~~~~~~~~~~~~~~~~~^^^^^^^^
  File "/var/data/python/lib/python3.13/site-packages/herokutl/sessions/sqlite.py", line 301, in process_entities
    c.executemany(
    ~~~~~~~~~~~~~^
        'insert or replace into entities values (?,?,?,?,?,?)', rows)
        ^^^^^^^^^^^^^^^^^^^^^^^^^^^^^^^^^^^^^^^^^^^^^^^^^^^^^^^^^^^^^
sqlite3.OperationalError: attempt to write a readonly database

During handling of the above exception, another exception occurred:

Traceback (most recent call last):
  File "/home/donotweb/Рабочий стол/Nexus/nexus/main.py", line 899, in amain_wrapper
    while await self.amain(first, client):
          ^^^^^^^^^^^^^^^^^^^^^^^^^^^^^^^
  File "/home/donotweb/Рабочий стол/Nexus/nexus/main.py", line 1032, in amain
    await client.run_until_disconnected()
  File "/var/data/python/lib/python3.13/site-packages/herokutl/client/updates.py", line 43, in _run_until_disconnected
    await self.disconnect()
  File "/var/data/python/lib/python3.13/site-packages/herokutl/client/telegrambaseclient.py", line 733, in _disconnect_coro
    self._save_states_and_entities()
    ~~~~~~~~~~~~~~~~~~~~~~~~~~~~~~^^
  File "/var/data/python/lib/python3.13/site-packages/herokutl/client/telegrambaseclient.py", line 695, in _save_states_and_entities
    self.session.process_entities(types.contacts.ResolvedPeer(None, [types.InputPeerUser(0, self._mb_entity_cache.self_id)], []))
    ~~~~~~~~~~~~~~~~~~~~~~~~~~~~~^^^^^^^^^^^^^^^^^^^^^^^^^^^^^^^^^^^^^^^^^^^^^^^^^^^^^^^^^^^^^^^^^^^^^^^^^^^^^^^^^^^^^^^^^^^^^^^^
  File "/var/data/python/lib/python3.13/site-packages/herokutl/sessions/sqlite.py", line 301, in process_entities
    c.executemany(
    ~~~~~~~~~~~~~^
        'insert or replace into entities values (?,?,?,?,?,?)', rows)
        ^^^^^^^^^^^^^^^^^^^^^^^^^^^^^^^^^^^^^^^^^^^^^^^^^^^^^^^^^^^^^
sqlite3.OperationalError: attempt to write a readonly database

During handling of the above exception, another exception occurred:

Traceback (most recent call last):
  File "/home/donotweb/Рабочий стол/Nexus/nexus/main.py", line 1096, in main
    self.loop.run_until_complete(self._main())
    ~~~~~~~~~~~~~~~~~~~~~~~~~~~~^^^^^^^^^^^^^^
  File "/usr/lib/python3.13/asyncio/base_events.py", line 725, in run_until_complete
    return future.result()
           ~~~~~~~~~~~~~^^
  File "/home/donotweb/Рабочий стол/Nexus/nexus/main.py", line 1062, in _main
    await asyncio.gather(*[self.amain_wrapper(client) for client in self.clients])
  File "/home/donotweb/Рабочий стол/Nexus/nexus/main.py", line 863, in amain_wrapper
    async with client:
               ^^^^^^
  File "/var/data/python/lib/python3.13/site-packages/herokutl/client/auth.py", line 677, in __aexit__
    await self.disconnect()
  File "/var/data/python/lib/python3.13/site-packages/herokutl/client/telegrambaseclient.py", line 733, in _disconnect_coro
    self._save_states_and_entities()
    ~~~~~~~~~~~~~~~~~~~~~~~~~~~~~~^^
  File "/var/data/python/lib/python3.13/site-packages/herokutl/client/telegrambaseclient.py", line 695, in _save_states_and_entities
    self.session.process_entities(types.contacts.ResolvedPeer(None, [types.InputPeerUser(0, self._mb_entity_cache.self_id)], []))
    ~~~~~~~~~~~~~~~~~~~~~~~~~~~~~^^^^^^^^^^^^^^^^^^^^^^^^^^^^^^^^^^^^^^^^^^^^^^^^^^^^^^^^^^^^^^^^^^^^^^^^^^^^^^^^^^^^^^^^^^^^^^^^
  File "/var/data/python/lib/python3.13/site-packages/herokutl/sessions/sqlite.py", line 301, in process_entities
    c.executemany(
    ~~~~~~~~~~~~~^
        'insert or replace into entities values (?,?,?,?,?,?)', rows)
        ^^^^^^^^^^^^^^^^^^^^^^^^^^^^^^^^^^^^^^^^^^^^^^^^^^^^^^^^^^^^^
sqlite3.OperationalError: attempt to write a readonly database
2026-02-28 21:04:06 [INFO] root: Bye!
2026-02-28 21:05:21 [DEBUG] nexus.web.ssh_tunnel: Attempting SSH command: ssh -o StrictHostKeyChecking=no -R 80:127.0.0.1:24912 serveo.net -T -n with pattern: https:\/\/(\S*serveo\.net\S*)
2026-02-28 21:05:21 [DEBUG] nexus.web.ssh_tunnel: SSH tunnel started with PID: 5208
2026-02-28 21:05:22 [DEBUG] nexus.web.ssh_tunnel: [32mForwarding HTTP traffic from https://d87c0e9081adbc3e-77-91-198-255.serveousercontent.com
2026-02-28 21:05:31 [WARNING] nexus.web.ssh_tunnel: Timeout waiting for tunnel URL.
2026-02-28 21:05:31 [WARNING] nexus.web.proxypass: SSHTunnel failed to provide URL.
2026-02-28 21:05:31 [INFO] root: 🔎 Web mode ready for configuration
2026-02-28 21:05:31 [INFO] root: 🔗 Please visit http://127.0.0.1:24912
2026-02-28 21:06:02 [ERROR] root: Unexpected exception in main loop: [Errno 98] error while attempting to bind on address ('0.0.0.0', 24912): [errno 98] address already in use
Traceback (most recent call last):
  File "/home/donotweb/Рабочий стол/Nexus/nexus/main.py", line 1096, in main
    self.loop.run_until_complete(self._main())
    ~~~~~~~~~~~~~~~~~~~~~~~~~~~~^^^^^^^^^^^^^^
  File "/usr/lib/python3.13/asyncio/base_events.py", line 725, in run_until_complete
    return future.result()
           ~~~~~~~~~~~~~^^
  File "/home/donotweb/Рабочий стол/Nexus/nexus/main.py", line 1043, in _main
    ) and not (inital_web := await self._initial_setup()):
                             ^^^^^^^^^^^^^^^^^^^^^^^^^^^
  File "/home/donotweb/Рабочий стол/Nexus/nexus/main.py", line 795, in _initial_setup
    await self.web.start(
    ...<2 lines>...
    )
  File "/home/donotweb/Рабочий стол/Nexus/nexus/web/core.py", line 110, in start
    await site.start()
  File "/var/data/python/lib/python3.13/site-packages/aiohttp/web_runner.py", line 121, in start
    self._server = await loop.create_server(
                   ^^^^^^^^^^^^^^^^^^^^^^^^^
    ...<7 lines>...
    )
    ^
  File "/usr/lib/python3.13/asyncio/base_events.py", line 1630, in create_server
    raise OSError(err.errno, msg) from None
OSError: [Errno 98] error while attempting to bind on address ('0.0.0.0', 24912): [errno 98] address already in use
2026-02-28 21:06:02 [INFO] root: Bye!
2026-02-28 21:06:37 [ERROR] root: Unexpected exception in main loop: [Errno 98] error while attempting to bind on address ('::', 24912, 0, 0): [errno 98] address already in use
Traceback (most recent call last):
  File "/home/donotweb/Рабочий стол/Nexus/nexus/main.py", line 1096, in main
    self.loop.run_until_complete(self._main())
    ~~~~~~~~~~~~~~~~~~~~~~~~~~~~^^^^^^^^^^^^^^
  File "/usr/lib/python3.13/asyncio/base_events.py", line 725, in run_until_complete
    return future.result()
           ~~~~~~~~~~~~~^^
  File "/home/donotweb/Рабочий стол/Nexus/nexus/main.py", line 1043, in _main
    ) and not (inital_web := await self._initial_setup()):
                             ^^^^^^^^^^^^^^^^^^^^^^^^^^^
  File "/home/donotweb/Рабочий стол/Nexus/nexus/main.py", line 795, in _initial_setup
    await self.web.start(
    ...<2 lines>...
    )
  File "/home/donotweb/Рабочий стол/Nexus/nexus/web/core.py", line 110, in start
    await site.start()
  File "/var/data/python/lib/python3.13/site-packages/aiohttp/web_runner.py", line 121, in start
    self._server = await loop.create_server(
                   ^^^^^^^^^^^^^^^^^^^^^^^^^
    ...<7 lines>...
    )
    ^
  File "/usr/lib/python3.13/asyncio/base_events.py", line 1630, in create_server
    raise OSError(err.errno, msg) from None
OSError: [Errno 98] error while attempting to bind on address ('::', 24912, 0, 0): [errno 98] address already in use
2026-02-28 21:06:37 [INFO] root: Bye!
2026-02-28 21:07:31 [ERROR] root: Unexpected exception in main loop: [Errno 98] error while attempting to bind on address ('0.0.0.0', 24912): [errno 98] address already in use
Traceback (most recent call last):
  File "/home/donotweb/Рабочий стол/Nexus/nexus/main.py", line 1096, in main
    self.loop.run_until_complete(self._main())
    ~~~~~~~~~~~~~~~~~~~~~~~~~~~~^^^^^^^^^^^^^^
  File "/usr/lib/python3.13/asyncio/base_events.py", line 725, in run_until_complete
    return future.result()
           ~~~~~~~~~~~~~^^
  File "/home/donotweb/Рабочий стол/Nexus/nexus/main.py", line 1043, in _main
    ) and not (inital_web := await self._initial_setup()):
                             ^^^^^^^^^^^^^^^^^^^^^^^^^^^
  File "/home/donotweb/Рабочий стол/Nexus/nexus/main.py", line 795, in _initial_setup
    await self.web.start(
    ...<2 lines>...
    )
  File "/home/donotweb/Рабочий стол/Nexus/nexus/web/core.py", line 110, in start
    await site.start()
  File "/var/data/python/lib/python3.13/site-packages/aiohttp/web_runner.py", line 121, in start
    self._server = await loop.create_server(
                   ^^^^^^^^^^^^^^^^^^^^^^^^^
    ...<7 lines>...
    )
    ^
  File "/usr/lib/python3.13/asyncio/base_events.py", line 1630, in create_server
    raise OSError(err.errno, msg) from None
OSError: [Errno 98] error while attempting to bind on address ('0.0.0.0', 24912): [errno 98] address already in use
2026-02-28 21:07:31 [INFO] root: Bye!
2026-02-28 21:15:45 [ERROR] root: Unexpected exception in main loop: [Errno 98] error while attempting to bind on address ('::', 24912, 0, 0): [errno 98] address already in use
Traceback (most recent call last):
  File "/home/donotweb/Рабочий стол/Nexus/nexus/main.py", line 1096, in main
    self.loop.run_until_complete(self._main())
    ~~~~~~~~~~~~~~~~~~~~~~~~~~~~^^^^^^^^^^^^^^
  File "/usr/lib/python3.13/asyncio/base_events.py", line 725, in run_until_complete
    return future.result()
           ~~~~~~~~~~~~~^^
  File "/home/donotweb/Рабочий стол/Nexus/nexus/main.py", line 1043, in _main
    ) and not (inital_web := await self._initial_setup()):
                             ^^^^^^^^^^^^^^^^^^^^^^^^^^^
  File "/home/donotweb/Рабочий стол/Nexus/nexus/main.py", line 795, in _initial_setup
    await self.web.start(
    ...<2 lines>...
    )
  File "/home/donotweb/Рабочий стол/Nexus/nexus/web/core.py", line 110, in start
    await site.start()
  File "/var/data/python/lib/python3.13/site-packages/aiohttp/web_runner.py", line 121, in start
    self._server = await loop.create_server(
                   ^^^^^^^^^^^^^^^^^^^^^^^^^
    ...<7 lines>...
    )
    ^
  File "/usr/lib/python3.13/asyncio/base_events.py", line 1630, in create_server
    raise OSError(err.errno, msg) from None
OSError: [Errno 98] error while attempting to bind on address ('::', 24912, 0, 0): [errno 98] address already in use
2026-02-28 21:15:45 [INFO] root: Bye!
2026-02-28 21:16:20 [DEBUG] nexus.web.ssh_tunnel: [0m
2026-02-28 21:16:20 [WARNING] nexus.web.ssh_tunnel: SSH tunnel disconnected without providing a URL.
2026-02-28 21:16:20 [INFO] nexus.web.ssh_tunnel: Reconnecting SSH tunnel after failure...
2026-02-28 21:16:22 [DEBUG] nexus.web.ssh_tunnel: Attempting SSH command: ssh -o StrictHostKeyChecking=no -R 80:127.0.0.1:24912 nokey@localhost.run with pattern: https:\/\/(\S*lhr\.life\S*)
2026-02-28 21:16:22 [DEBUG] nexus.web.ssh_tunnel: SSH tunnel started with PID: 5805
2026-02-28 21:16:24 [DEBUG] nexus.web.ssh_tunnel: authenticated as anonymous user
2026-02-28 21:16:24 [DEBUG] nexus.web.ssh_tunnel: 5544090e702334.lhr.life tunneled with tls termination, https://5544090e702334.lhr.life
2026-02-28 21:16:24 [DEBUG] nexus.web.ssh_tunnel: create an account and add your key for a longer lasting domain name. see https://localhost.run/docs/forever-free/ for more information.
2026-02-28 21:16:24 [DEBUG] nexus.web.ssh_tunnel: Open your tunnel address on your mobile with this QR:
2026-02-28 21:16:24 [DEBUG] nexus.web.ssh_tunnel: 
2026-02-28 21:16:24 [DEBUG] nexus.web.ssh_tunnel: [7m  [0m[7m  [0m[7m  [0m[7m  [0m[7m  [0m[7m  [0m[7m  [0m[7m  [0m[7m  [0m[7m  [0m[7m  [0m[7m  [0m[7m  [0m[7m  [0m[7m  [0m[7m  [0m[7m  [0m[7m  [0m[7m  [0m[7m  [0m[7m  [0m[7m  [0m[7m  [0m[7m  [0m[7m  [0m[7m  [0m[7m  [0m
2026-02-28 21:16:24 [DEBUG] nexus.web.ssh_tunnel: [7m  [0m[49m  [0m[49m  [0m[49m  [0m[49m  [0m[49m  [0m[49m  [0m[49m  [0m[7m  [0m[49m  [0m[49m  [0m[7m  [0m[7m  [0m[7m  [0m[49m  [0m[49m  [0m[49m  [0m[7m  [0m[7m  [0m[49m  [0m[49m  [0m[49m  [0m[49m  [0m[49m  [0m[49m  [0m[49m  [0m[7m  [0m
2026-02-28 21:16:24 [DEBUG] nexus.web.ssh_tunnel: [7m  [0m[49m  [0m[7m  [0m[7m  [0m[7m  [0m[7m  [0m[7m  [0m[49m  [0m[7m  [0m[7m  [0m[7m  [0m[7m  [0m[7m  [0m[7m  [0m[7m  [0m[49m  [0m[7m  [0m[49m  [0m[7m  [0m[49m  [0m[7m  [0m[7m  [0m[7m  [0m[7m  [0m[7m  [0m[49m  [0m[7m  [0m
2026-02-28 21:16:24 [DEBUG] nexus.web.ssh_tunnel: [7m  [0m[49m  [0m[7m  [0m[49m  [0m[49m  [0m[49m  [0m[7m  [0m[49m  [0m[7m  [0m[49m  [0m[7m  [0m[7m  [0m[49m  [0m[49m  [0m[7m  [0m[7m  [0m[49m  [0m[49m  [0m[7m  [0m[49m  [0m[7m  [0m[49m  [0m[49m  [0m[49m  [0m[7m  [0m[49m  [0m[7m  [0m
2026-02-28 21:16:24 [DEBUG] nexus.web.ssh_tunnel: [7m  [0m[49m  [0m[7m  [0m[49m  [0m[49m  [0m[49m  [0m[7m  [0m[49m  [0m[7m  [0m[49m  [0m[49m  [0m[7m  [0m[49m  [0m[7m  [0m[49m  [0m[49m  [0m[7m  [0m[49m  [0m[7m  [0m[49m  [0m[7m  [0m[49m  [0m[49m  [0m[49m  [0m[7m  [0m[49m  [0m[7m  [0m
2026-02-28 21:16:24 [DEBUG] nexus.web.ssh_tunnel: [7m  [0m[49m  [0m[7m  [0m[49m  [0m[49m  [0m[49m  [0m[7m  [0m[49m  [0m[7m  [0m[49m  [0m[49m  [0m[49m  [0m[49m  [0m[7m  [0m[49m  [0m[49m  [0m[49m  [0m[7m  [0m[7m  [0m[49m  [0m[7m  [0m[49m  [0m[49m  [0m[49m  [0m[7m  [0m[49m  [0m[7m  [0m
2026-02-28 21:16:24 [DEBUG] nexus.web.ssh_tunnel: [7m  [0m[49m  [0m[7m  [0m[7m  [0m[7m  [0m[7m  [0m[7m  [0m[49m  [0m[7m  [0m[7m  [0m[49m  [0m[7m  [0m[7m  [0m[49m  [0m[7m  [0m[49m  [0m[49m  [0m[7m  [0m[7m  [0m[49m  [0m[7m  [0m[7m  [0m[7m  [0m[7m  [0m[7m  [0m[49m  [0m[7m  [0m
2026-02-28 21:16:24 [DEBUG] nexus.web.ssh_tunnel: [7m  [0m[49m  [0m[49m  [0m[49m  [0m[49m  [0m[49m  [0m[49m  [0m[49m  [0m[7m  [0m[49m  [0m[7m  [0m[49m  [0m[7m  [0m[49m  [0m[7m  [0m[49m  [0m[7m  [0m[49m  [0m[7m  [0m[49m  [0m[49m  [0m[49m  [0m[49m  [0m[49m  [0m[49m  [0m[49m  [0m[7m  [0m
2026-02-28 21:16:24 [DEBUG] nexus.web.ssh_tunnel: [7m  [0m[7m  [0m[7m  [0m[7m  [0m[7m  [0m[7m  [0m[7m  [0m[7m  [0m[7m  [0m[7m  [0m[49m  [0m[7m  [0m[49m  [0m[7m  [0m[49m  [0m[49m  [0m[49m  [0m[7m  [0m[7m  [0m[7m  [0m[7m  [0m[7m  [0m[7m  [0m[7m  [0m[7m  [0m[7m  [0m[7m  [0m
2026-02-28 21:16:24 [DEBUG] nexus.web.ssh_tunnel: [7m  [0m[49m  [0m[49m  [0m[49m  [0m[49m  [0m[7m  [0m[7m  [0m[49m  [0m[7m  [0m[49m  [0m[7m  [0m[7m  [0m[7m  [0m[7m  [0m[7m  [0m[49m  [0m[49m  [0m[7m  [0m[49m  [0m[7m  [0m[7m  [0m[49m  [0m[49m  [0m[49m  [0m[7m  [0m[49m  [0m[7m  [0m
2026-02-28 21:16:24 [DEBUG] nexus.web.ssh_tunnel: [7m  [0m[49m  [0m[49m  [0m[7m  [0m[49m  [0m[49m  [0m[7m  [0m[7m  [0m[49m  [0m[49m  [0m[49m  [0m[7m  [0m[7m  [0m[7m  [0m[49m  [0m[7m  [0m[7m  [0m[49m  [0m[7m  [0m[7m  [0m[7m  [0m[7m  [0m[7m  [0m[7m  [0m[7m  [0m[7m  [0m[7m  [0m
2026-02-28 21:16:24 [DEBUG] nexus.web.ssh_tunnel: [7m  [0m[7m  [0m[7m  [0m[7m  [0m[49m  [0m[7m  [0m[49m  [0m[49m  [0m[7m  [0m[49m  [0m[7m  [0m[7m  [0m[7m  [0m[7m  [0m[7m  [0m[7m  [0m[49m  [0m[7m  [0m[7m  [0m[7m  [0m[7m  [0m[49m  [0m[49m  [0m[7m  [0m[7m  [0m[7m  [0m[7m  [0m
2026-02-28 21:16:24 [DEBUG] nexus.web.ssh_tunnel: [7m  [0m[7m  [0m[7m  [0m[49m  [0m[7m  [0m[7m  [0m[49m  [0m[7m  [0m[7m  [0m[49m  [0m[7m  [0m[7m  [0m[49m  [0m[49m  [0m[7m  [0m[7m  [0m[49m  [0m[49m  [0m[7m  [0m[7m  [0m[49m  [0m[7m  [0m[49m  [0m[49m  [0m[7m  [0m[49m  [0m[7m  [0m
2026-02-28 21:16:24 [DEBUG] nexus.web.ssh_tunnel: [7m  [0m[49m  [0m[49m  [0m[7m  [0m[7m  [0m[49m  [0m[7m  [0m[49m  [0m[7m  [0m[7m  [0m[49m  [0m[7m  [0m[49m  [0m[7m  [0m[49m  [0m[49m  [0m[49m  [0m[7m  [0m[7m  [0m[49m  [0m[7m  [0m[7m  [0m[49m  [0m[7m  [0m[7m  [0m[7m  [0m[7m  [0m
2026-02-28 21:16:24 [DEBUG] nexus.web.ssh_tunnel: [7m  [0m[7m  [0m[49m  [0m[7m  [0m[49m  [0m[7m  [0m[7m  [0m[7m  [0m[49m  [0m[7m  [0m[7m  [0m[49m  [0m[49m  [0m[7m  [0m[7m  [0m[49m  [0m[49m  [0m[7m  [0m[49m  [0m[7m  [0m[7m  [0m[49m  [0m[49m  [0m[7m  [0m[49m  [0m[49m  [0m[7m  [0m
2026-02-28 21:16:24 [DEBUG] nexus.web.ssh_tunnel: [7m  [0m[7m  [0m[49m  [0m[7m  [0m[49m  [0m[7m  [0m[7m  [0m[49m  [0m[7m  [0m[49m  [0m[49m  [0m[49m  [0m[7m  [0m[49m  [0m[49m  [0m[49m  [0m[7m  [0m[49m  [0m[49m  [0m[7m  [0m[7m  [0m[49m  [0m[7m  [0m[7m  [0m[7m  [0m[49m  [0m[7m  [0m
2026-02-28 21:16:24 [DEBUG] nexus.web.ssh_tunnel: [7m  [0m[49m  [0m[7m  [0m[49m  [0m[49m  [0m[7m  [0m[7m  [0m[7m  [0m[49m  [0m[7m  [0m[7m  [0m[7m  [0m[7m  [0m[49m  [0m[49m  [0m[7m  [0m[7m  [0m[7m  [0m[49m  [0m[7m  [0m[49m  [0m[7m  [0m[49m  [0m[7m  [0m[49m  [0m[49m  [0m[7m  [0m
2026-02-28 21:16:24 [DEBUG] nexus.web.ssh_tunnel: [7m  [0m[7m  [0m[7m  [0m[49m  [0m[49m  [0m[49m  [0m[49m  [0m[49m  [0m[49m  [0m[49m  [0m[49m  [0m[7m  [0m[49m  [0m[7m  [0m[49m  [0m[7m  [0m[49m  [0m[49m  [0m[49m  [0m[49m  [0m[49m  [0m[49m  [0m[49m  [0m[49m  [0m[49m  [0m[7m  [0m[7m  [0m
2026-02-28 21:16:24 [DEBUG] nexus.web.ssh_tunnel: [7m  [0m[7m  [0m[7m  [0m[7m  [0m[7m  [0m[7m  [0m[7m  [0m[7m  [0m[7m  [0m[49m  [0m[49m  [0m[49m  [0m[7m  [0m[49m  [0m[49m  [0m[7m  [0m[49m  [0m[49m  [0m[7m  [0m[7m  [0m[7m  [0m[49m  [0m[49m  [0m[7m  [0m[49m  [0m[49m  [0m[7m  [0m
2026-02-28 21:16:24 [DEBUG] nexus.web.ssh_tunnel: [7m  [0m[49m  [0m[49m  [0m[49m  [0m[49m  [0m[49m  [0m[49m  [0m[49m  [0m[7m  [0m[7m  [0m[7m  [0m[7m  [0m[49m  [0m[49m  [0m[7m  [0m[7m  [0m[7m  [0m[49m  [0m[7m  [0m[49m  [0m[7m  [0m[49m  [0m[7m  [0m[7m  [0m[7m  [0m[7m  [0m[7m  [0m
2026-02-28 21:16:24 [DEBUG] nexus.web.ssh_tunnel: [7m  [0m[49m  [0m[7m  [0m[7m  [0m[7m  [0m[7m  [0m[7m  [0m[49m  [0m[7m  [0m[7m  [0m[49m  [0m[49m  [0m[7m  [0m[49m  [0m[7m  [0m[49m  [0m[7m  [0m[49m  [0m[7m  [0m[7m  [0m[7m  [0m[49m  [0m[49m  [0m[49m  [0m[7m  [0m[49m  [0m[7m  [0m
2026-02-28 21:16:24 [DEBUG] nexus.web.ssh_tunnel: [7m  [0m[49m  [0m[7m  [0m[49m  [0m[49m  [0m[49m  [0m[7m  [0m[49m  [0m[7m  [0m[7m  [0m[49m  [0m[49m  [0m[49m  [0m[49m  [0m[49m  [0m[7m  [0m[49m  [0m[49m  [0m[49m  [0m[49m  [0m[49m  [0m[49m  [0m[49m  [0m[49m  [0m[49m  [0m[49m  [0m[7m  [0m
2026-02-28 21:16:24 [DEBUG] nexus.web.ssh_tunnel: [7m  [0m[49m  [0m[7m  [0m[49m  [0m[49m  [0m[49m  [0m[7m  [0m[49m  [0m[7m  [0m[49m  [0m[7m  [0m[7m  [0m[7m  [0m[49m  [0m[49m  [0m[7m  [0m[49m  [0m[7m  [0m[7m  [0m[49m  [0m[49m  [0m[7m  [0m[49m  [0m[7m  [0m[7m  [0m[49m  [0m[7m  [0m
2026-02-28 21:16:24 [DEBUG] nexus.web.ssh_tunnel: [7m  [0m[49m  [0m[7m  [0m[49m  [0m[49m  [0m[49m  [0m[7m  [0m[49m  [0m[7m  [0m[49m  [0m[49m  [0m[49m  [0m[49m  [0m[49m  [0m[49m  [0m[7m  [0m[7m  [0m[7m  [0m[7m  [0m[7m  [0m[7m  [0m[49m  [0m[7m  [0m[7m  [0m[49m  [0m[7m  [0m[7m  [0m
2026-02-28 21:16:24 [DEBUG] nexus.web.ssh_tunnel: [7m  [0m[49m  [0m[7m  [0m[7m  [0m[7m  [0m[7m  [0m[7m  [0m[49m  [0m[7m  [0m[49m  [0m[7m  [0m[49m  [0m[7m  [0m[7m  [0m[7m  [0m[7m  [0m[49m  [0m[7m  [0m[7m  [0m[7m  [0m[49m  [0m[49m  [0m[49m  [0m[7m  [0m[7m  [0m[49m  [0m[7m  [0m
2026-02-28 21:16:24 [DEBUG] nexus.web.ssh_tunnel: [7m  [0m[49m  [0m[49m  [0m[49m  [0m[49m  [0m[49m  [0m[49m  [0m[49m  [0m[7m  [0m[49m  [0m[49m  [0m[7m  [0m[7m  [0m[49m  [0m[7m  [0m[49m  [0m[49m  [0m[49m  [0m[49m  [0m[7m  [0m[49m  [0m[7m  [0m[49m  [0m[49m  [0m[7m  [0m[49m  [0m[7m  [0m
2026-02-28 21:16:24 [DEBUG] nexus.web.ssh_tunnel: [7m  [0m[7m  [0m[7m  [0m[7m  [0m[7m  [0m[7m  [0m[7m  [0m[7m  [0m[7m  [0m[7m  [0m[7m  [0m[7m  [0m[7m  [0m[7m  [0m[7m  [0m[7m  [0m[7m  [0m[7m  [0m[7m  [0m[7m  [0m[7m  [0m[7m  [0m[7m  [0m[7m  [0m[7m  [0m[7m  [0m[7m  [0m
2026-02-28 21:16:24 [DEBUG] nexus.web.ssh_tunnel: 
2026-02-28 21:17:18 [ERROR] root: Unexpected exception in main loop: Event loop stopped before Future completed.
Traceback (most recent call last):
  File "/home/donotweb/Рабочий стол/Nexus/nexus/main.py", line 1096, in main
    self.loop.run_until_complete(self._main())
    ~~~~~~~~~~~~~~~~~~~~~~~~~~~~^^^^^^^^^^^^^^
  File "/usr/lib/python3.13/asyncio/base_events.py", line 723, in run_until_complete
    raise RuntimeError('Event loop stopped before Future completed.')
RuntimeError: Event loop stopped before Future completed.
2026-02-28 21:17:18 [INFO] root: Bye!
2026-02-28 21:18:33 [DEBUG] nexus.database: Database file not found, creating new one...
2026-02-28 21:18:39 [DEBUG] urllib3.connectionpool: Starting new HTTPS connection (1): raw.githubusercontent.com:443
2026-02-28 21:18:40 [DEBUG] urllib3.connectionpool: https://raw.githubusercontent.com:443 "GET /DoNotWeb/assets/refs/heads/main/nexus/nexus_assets.png HTTP/1.1" 404 14
2026-02-28 21:18:42 [DEBUG] nexus.utils: Failed to set avatar for asset channel
Traceback (most recent call last):
  File "/home/donotweb/Рабочий стол/Nexus/nexus/utils.py", line 878, in asset_channel
    await set_avatar(client, peer, avatar)
  File "/home/donotweb/Рабочий стол/Nexus/nexus/utils.py", line 739, in set_avatar
    res = await client(
          ^^^^^^^^^^^^^
    ...<4 lines>...
    )
    ^
  File "/var/data/python/lib/python3.13/site-packages/herokutl/client/users.py", line 30, in __call__
    return await self._call(self._sender, request, ordered=ordered)
           ^^^^^^^^^^^^^^^^^^^^^^^^^^^^^^^^^^^^^^^^^^^^^^^^^^^^^^^^
  File "/home/donotweb/Рабочий стол/Nexus/nexus/tl_cache.py", line 722, in _call
    return await super()._call(
           ^^^^^^^^^^^^^^^^^^^^
    ...<4 lines>...
    )
    ^
  File "/var/data/python/lib/python3.13/site-packages/herokutl/client/users.py", line 92, in _call
    result = await future
             ^^^^^^^^^^^^
herokutl.errors.rpcerrorlist.PhotoCropSizeSmallError: Photo is too small (caused by EditPhotoRequest)
2026-02-28 21:19:17 [DEBUG] root: Got DB
2026-02-28 21:19:17 [DEBUG] root: Loading logging config...
2026-02-28 21:19:18 [DEBUG] nexus.loader: Loading nexus.modules.translations from filesystem
2026-02-28 21:19:18 [DEBUG] nexus.loader: Loading nexus.modules.quickstart from filesystem
2026-02-28 21:19:18 [DEBUG] nexus.loader: Loading nexus.modules.terminal from filesystem
2026-02-28 21:19:18 [DEBUG] nexus.loader: Loading nexus.modules.presets from filesystem
2026-02-28 21:19:18 [DEBUG] nexus.loader: Loading nexus.modules.updater from filesystem
2026-02-28 21:19:18 [DEBUG] nexus.types: Config value was None, so it was reset to False
2026-02-28 21:19:18 [DEBUG] nexus.loader: Loading nexus.modules.test from filesystem
2026-02-28 21:19:18 [DEBUG] nexus.types: Config value was None, so it was reset to 
2026-02-28 21:19:18 [DEBUG] nexus.types: Config value was None, so it was reset to 
2026-02-28 21:19:18 [DEBUG] nexus.loader: Loading nexus.modules.nexus_config from filesystem
2026-02-28 21:19:18 [DEBUG] nexus.loader: Loading nexus.modules.help from filesystem
2026-02-28 21:19:18 [DEBUG] nexus.loader: Loading nexus.modules.settings from filesystem
2026-02-28 21:19:18 [DEBUG] nexus.loader: Loading nexus.modules.nexus_security from filesystem
2026-02-28 21:19:18 [DEBUG] nexus.loader: Loading nexus.modules.nexus_info from filesystem
2026-02-28 21:19:18 [DEBUG] nexus.loader: Loading nexus.modules.inline_stuff from filesystem
2026-02-28 21:19:18 [DEBUG] nexus.loader: Loading nexus.modules.api_protection from filesystem
2026-02-28 21:19:18 [DEBUG] nexus.loader: Loading nexus.modules.nexus_web from filesystem
2026-02-28 21:19:18 [DEBUG] nexus.loader: Loading nexus.modules.nexus_settings from filesystem
2026-02-28 21:19:18 [DEBUG] nexus.loader: Loading nexus.modules.translate from filesystem
2026-02-28 21:19:18 [DEBUG] nexus.loader: Loading nexus.modules.executor from filesystem
2026-02-28 21:19:18 [DEBUG] nexus.loader: Loading nexus.modules.loader from filesystem
2026-02-28 21:19:18 [DEBUG] nexus.types: Config value was None, so it was reset to False
2026-02-28 21:19:18 [DEBUG] nexus.loader: Loading nexus.modules.eval from filesystem
2026-02-28 21:19:18 [DEBUG] nexus.loader: Loading nexus.modules.nexus_backup from filesystem
2026-02-28 21:19:18 [DEBUG] nexus.types: Config value was None, so it was reset to False
2026-02-28 21:19:18 [DEBUG] nexus.types: Config value was None, so it was reset to 
2026-02-28 21:19:18 [DEBUG] nexus.types: Config value was None, so it was reset to 
2026-02-28 21:19:18 [DEBUG] nexus.types: Config value was None, so it was reset to False
2026-02-28 21:19:18 [INFO] nexus.inline.token_obtainment: Bot token not found in db, attempting search in BotFather
2026-02-28 21:19:18 [ERROR] herokutl.herokutl.client.updates: Unhandled exception on handle_incoming
Traceback (most recent call last):
  File "/var/data/python/lib/python3.13/site-packages/herokutl/client/updates.py", line 571, in _dispatch_update
    await callback(event)
  File "/home/donotweb/Рабочий стол/Nexus/nexus/dispatcher.py", line 638, in handle_incoming
    chat_id in blacklist_chats
    ^^^^^^^
NameError: name 'chat_id' is not defined
2026-02-28 21:19:18 [DEBUG] nexus.tl_cache: Saved hashable_entity @BotFather to cache
2026-02-28 21:19:18 [DEBUG] nexus.tl_cache: Saved resolved_entity id 93372553 to cache
2026-02-28 21:19:18 [DEBUG] nexus.tl_cache: Saved resolved_entity username @BotFather to cache
2026-02-28 21:19:23 [ERROR] herokutl.herokutl.client.updates: Unhandled exception on handle_incoming
Traceback (most recent call last):
  File "/var/data/python/lib/python3.13/site-packages/herokutl/client/updates.py", line 571, in _dispatch_update
    await callback(event)
  File "/home/donotweb/Рабочий стол/Nexus/nexus/dispatcher.py", line 638, in handle_incoming
    chat_id in blacklist_chats
    ^^^^^^^
NameError: name 'chat_id' is not defined
2026-02-28 21:19:23 [DEBUG] nexus.inline.token_obtainment: >> /token
2026-02-28 21:19:23 [DEBUG] nexus.inline.token_obtainment: << Choose a bot to get Bot API access token.
2026-02-28 21:19:24 [INFO] nexus.inline.token_obtainment: User doesn't have bot, attempting creating new one
2026-02-28 21:19:26 [ERROR] herokutl.herokutl.client.updates: Unhandled exception on handle_incoming
Traceback (most recent call last):
  File "/var/data/python/lib/python3.13/site-packages/herokutl/client/updates.py", line 571, in _dispatch_update
    await callback(event)
  File "/home/donotweb/Рабочий стол/Nexus/nexus/dispatcher.py", line 638, in handle_incoming
    chat_id in blacklist_chats
    ^^^^^^^
NameError: name 'chat_id' is not defined
2026-02-28 21:19:26 [DEBUG] nexus.inline.token_obtainment: >> /newbot
2026-02-28 21:19:26 [DEBUG] nexus.inline.token_obtainment: << Alright, a new bot. How are we going to call it? Please choose a name for your bot.
2026-02-28 21:19:28 [ERROR] herokutl.herokutl.client.updates: Unhandled exception on handle_incoming
Traceback (most recent call last):
  File "/var/data/python/lib/python3.13/site-packages/herokutl/client/updates.py", line 571, in _dispatch_update
    await callback(event)
  File "/home/donotweb/Рабочий стол/Nexus/nexus/dispatcher.py", line 638, in handle_incoming
    chat_id in blacklist_chats
    ^^^^^^^
NameError: name 'chat_id' is not defined
2026-02-28 21:19:30 [ERROR] herokutl.herokutl.client.updates: Unhandled exception on handle_incoming
Traceback (most recent call last):
  File "/var/data/python/lib/python3.13/site-packages/herokutl/client/updates.py", line 571, in _dispatch_update
    await callback(event)
  File "/home/donotweb/Рабочий стол/Nexus/nexus/dispatcher.py", line 638, in handle_incoming
    chat_id in blacklist_chats
    ^^^^^^^
NameError: name 'chat_id' is not defined
2026-02-28 21:19:30 [ERROR] herokutl.herokutl.client.updates: Unhandled exception on handle_incoming
Traceback (most recent call last):
  File "/var/data/python/lib/python3.13/site-packages/herokutl/client/updates.py", line 571, in _dispatch_update
    await callback(event)
  File "/home/donotweb/Рабочий стол/Nexus/nexus/dispatcher.py", line 638, in handle_incoming
    chat_id in blacklist_chats
    ^^^^^^^
NameError: name 'chat_id' is not defined
2026-02-28 21:19:30 [ERROR] herokutl.herokutl.client.updates: Unhandled exception on handle_incoming
Traceback (most recent call last):
  File "/var/data/python/lib/python3.13/site-packages/herokutl/client/updates.py", line 571, in _dispatch_update
    await callback(event)
  File "/home/donotweb/Рабочий стол/Nexus/nexus/dispatcher.py", line 638, in handle_incoming
    chat_id in blacklist_chats
    ^^^^^^^
NameError: name 'chat_id' is not defined
2026-02-28 21:19:30 [ERROR] herokutl.herokutl.client.updates: Unhandled exception on handle_incoming
Traceback (most recent call last):
  File "/var/data/python/lib/python3.13/site-packages/herokutl/client/updates.py", line 571, in _dispatch_update
    await callback(event)
  File "/home/donotweb/Рабочий стол/Nexus/nexus/dispatcher.py", line 638, in handle_incoming
    chat_id in blacklist_chats
    ^^^^^^^
NameError: name 'chat_id' is not defined
2026-02-28 21:19:30 [DEBUG] nexus.inline.token_obtainment: >> 🪐 Nexus userbot
2026-02-28 21:19:30 [DEBUG] nexus.inline.token_obtainment: << Good. Now let's choose a username for your bot. It must end in `bot`. Like this, for example: TetrisBot or tetris_bot.
2026-02-28 21:19:33 [ERROR] herokutl.herokutl.client.updates: Unhandled exception on handle_incoming
Traceback (most recent call last):
  File "/var/data/python/lib/python3.13/site-packages/herokutl/client/updates.py", line 571, in _dispatch_update
    await callback(event)
  File "/home/donotweb/Рабочий стол/Nexus/nexus/dispatcher.py", line 638, in handle_incoming
    chat_id in blacklist_chats
    ^^^^^^^
NameError: name 'chat_id' is not defined
2026-02-28 21:19:35 [ERROR] herokutl.herokutl.client.updates: Unhandled exception on handle_incoming
Traceback (most recent call last):
  File "/var/data/python/lib/python3.13/site-packages/herokutl/client/updates.py", line 571, in _dispatch_update
    await callback(event)
  File "/home/donotweb/Рабочий стол/Nexus/nexus/dispatcher.py", line 638, in handle_incoming
    chat_id in blacklist_chats
    ^^^^^^^
NameError: name 'chat_id' is not defined
2026-02-28 21:19:35 [DEBUG] nexus.inline.token_obtainment: >> @DoNotWeb_Nexus_bot
2026-02-28 21:19:35 [DEBUG] nexus.inline.token_obtainment: << Done! Congratulations on your new bot. You will find it at t.me/DoNotWeb_Nexus_bot. You can now add a description, about section and profile picture for your bot, see /help for a list of commands. By the way, when you've finished creating your cool bot, ping our Bot Support if you want a better username for it. Just make sure the bot is fully operational before you do this.

Use this token to access the HTTP API:
8400205359:AAEUCfMeqaJRCZxieXrT8a698Uo9M56MHzk
Keep your token secure and store it safely, it can be used by anyone to control your bot.

For a description of the Bot API, see this page: https://core.telegram.org/bots/api
2026-02-28 21:19:36 [ERROR] herokutl.herokutl.client.updates: Unhandled exception on handle_incoming
Traceback (most recent call last):
  File "/var/data/python/lib/python3.13/site-packages/herokutl/client/updates.py", line 571, in _dispatch_update
    await callback(event)
  File "/home/donotweb/Рабочий стол/Nexus/nexus/dispatcher.py", line 638, in handle_incoming
    chat_id in blacklist_chats
    ^^^^^^^
NameError: name 'chat_id' is not defined
2026-02-28 21:19:38 [ERROR] herokutl.herokutl.client.updates: Unhandled exception on handle_incoming
Traceback (most recent call last):
  File "/var/data/python/lib/python3.13/site-packages/herokutl/client/updates.py", line 571, in _dispatch_update
    await callback(event)
  File "/home/donotweb/Рабочий стол/Nexus/nexus/dispatcher.py", line 638, in handle_incoming
    chat_id in blacklist_chats
    ^^^^^^^
NameError: name 'chat_id' is not defined
2026-02-28 21:19:38 [ERROR] herokutl.herokutl.client.updates: Unhandled exception on handle_incoming
Traceback (most recent call last):
  File "/var/data/python/lib/python3.13/site-packages/herokutl/client/updates.py", line 571, in _dispatch_update
    await callback(event)
  File "/home/donotweb/Рабочий стол/Nexus/nexus/dispatcher.py", line 638, in handle_incoming
    chat_id in blacklist_chats
    ^^^^^^^
NameError: name 'chat_id' is not defined
2026-02-28 21:19:38 [ERROR] herokutl.herokutl.client.updates: Unhandled exception on handle_incoming
Traceback (most recent call last):
  File "/var/data/python/lib/python3.13/site-packages/herokutl/client/updates.py", line 571, in _dispatch_update
    await callback(event)
  File "/home/donotweb/Рабочий стол/Nexus/nexus/dispatcher.py", line 638, in handle_incoming
    chat_id in blacklist_chats
    ^^^^^^^
NameError: name 'chat_id' is not defined
2026-02-28 21:19:38 [DEBUG] nexus.inline.token_obtainment: >> /setuserpic
2026-02-28 21:19:38 [DEBUG] nexus.inline.token_obtainment: << Choose a bot to change profile photo.
2026-02-28 21:19:41 [ERROR] herokutl.herokutl.client.updates: Unhandled exception on handle_incoming
Traceback (most recent call last):
  File "/var/data/python/lib/python3.13/site-packages/herokutl/client/updates.py", line 571, in _dispatch_update
    await callback(event)
  File "/home/donotweb/Рабочий стол/Nexus/nexus/dispatcher.py", line 638, in handle_incoming
    chat_id in blacklist_chats
    ^^^^^^^
NameError: name 'chat_id' is not defined
2026-02-28 21:19:41 [ERROR] herokutl.herokutl.client.updates: Unhandled exception on handle_incoming
Traceback (most recent call last):
  File "/var/data/python/lib/python3.13/site-packages/herokutl/client/updates.py", line 571, in _dispatch_update
    await callback(event)
  File "/home/donotweb/Рабочий стол/Nexus/nexus/dispatcher.py", line 638, in handle_incoming
    chat_id in blacklist_chats
    ^^^^^^^
NameError: name 'chat_id' is not defined
2026-02-28 21:19:43 [ERROR] herokutl.herokutl.client.updates: Unhandled exception on handle_incoming
Traceback (most recent call last):
  File "/var/data/python/lib/python3.13/site-packages/herokutl/client/updates.py", line 571, in _dispatch_update
    await callback(event)
  File "/home/donotweb/Рабочий стол/Nexus/nexus/dispatcher.py", line 638, in handle_incoming
    chat_id in blacklist_chats
    ^^^^^^^
NameError: name 'chat_id' is not defined
2026-02-28 21:19:43 [DEBUG] nexus.inline.token_obtainment: >> @DoNotWeb_Nexus_bot
2026-02-28 21:19:43 [DEBUG] nexus.inline.token_obtainment: << OK. Send me the new profile photo for the bot.
2026-02-28 21:19:46 [ERROR] herokutl.herokutl.client.updates: Unhandled exception on handle_incoming
Traceback (most recent call last):
  File "/var/data/python/lib/python3.13/site-packages/herokutl/client/updates.py", line 571, in _dispatch_update
    await callback(event)
  File "/home/donotweb/Рабочий стол/Nexus/nexus/dispatcher.py", line 638, in handle_incoming
    chat_id in blacklist_chats
    ^^^^^^^
NameError: name 'chat_id' is not defined
2026-02-28 21:19:46 [DEBUG] PIL.PngImagePlugin: STREAM b'IHDR' 16 13
2026-02-28 21:19:46 [DEBUG] PIL.PngImagePlugin: STREAM b'pHYs' 41 9
2026-02-28 21:19:46 [DEBUG] PIL.PngImagePlugin: STREAM b'IDAT' 62 8192
2026-02-28 21:19:47 [ERROR] herokutl.herokutl.client.updates: Unhandled exception on handle_incoming
Traceback (most recent call last):
  File "/var/data/python/lib/python3.13/site-packages/herokutl/client/updates.py", line 571, in _dispatch_update
    await callback(event)
  File "/home/donotweb/Рабочий стол/Nexus/nexus/dispatcher.py", line 638, in handle_incoming
    chat_id in blacklist_chats
    ^^^^^^^
NameError: name 'chat_id' is not defined
2026-02-28 21:19:48 [DEBUG] nexus.loader: Reloaded 98 commands, 0 inline handlers, 3 callback handlers and 2 watchers
2026-02-28 21:19:48 [ERROR] herokutl.herokutl.client.updates: Unhandled exception on handle_incoming
Traceback (most recent call last):
  File "/var/data/python/lib/python3.13/site-packages/herokutl/client/updates.py", line 571, in _dispatch_update
    await callback(event)
  File "/home/donotweb/Рабочий стол/Nexus/nexus/dispatcher.py", line 638, in handle_incoming
    chat_id in blacklist_chats
    ^^^^^^^
NameError: name 'chat_id' is not defined
2026-02-28 21:19:49 [ERROR] herokutl.herokutl.client.updates: Unhandled exception on handle_incoming
Traceback (most recent call last):
  File "/var/data/python/lib/python3.13/site-packages/herokutl/client/updates.py", line 571, in _dispatch_update
    await callback(event)
  File "/home/donotweb/Рабочий стол/Nexus/nexus/dispatcher.py", line 638, in handle_incoming
    chat_id in blacklist_chats
    ^^^^^^^
NameError: name 'chat_id' is not defined
2026-02-28 21:19:50 [ERROR] herokutl.herokutl.client.updates: Unhandled exception on handle_incoming
Traceback (most recent call last):
  File "/var/data/python/lib/python3.13/site-packages/herokutl/client/updates.py", line 571, in _dispatch_update
    await callback(event)
  File "/home/donotweb/Рабочий стол/Nexus/nexus/dispatcher.py", line 638, in handle_incoming
    chat_id in blacklist_chats
    ^^^^^^^
NameError: name 'chat_id' is not defined
2026-02-28 21:19:50 [DEBUG] nexus.inline.token_obtainment: >> <Photo>
2026-02-28 21:19:50 [DEBUG] nexus.inline.token_obtainment: << Success! Profile photo updated. /help
2026-02-28 21:19:50 [ERROR] herokutl.herokutl.client.updates: Unhandled exception on handle_incoming
Traceback (most recent call last):
  File "/var/data/python/lib/python3.13/site-packages/herokutl/client/updates.py", line 571, in _dispatch_update
    await callback(event)
  File "/home/donotweb/Рабочий стол/Nexus/nexus/dispatcher.py", line 638, in handle_incoming
    chat_id in blacklist_chats
    ^^^^^^^
NameError: name 'chat_id' is not defined
2026-02-28 21:19:50 [ERROR] herokutl.herokutl.client.updates: Unhandled exception on handle_incoming
Traceback (most recent call last):
  File "/var/data/python/lib/python3.13/site-packages/herokutl/client/updates.py", line 571, in _dispatch_update
    await callback(event)
  File "/home/donotweb/Рабочий стол/Nexus/nexus/dispatcher.py", line 638, in handle_incoming
    chat_id in blacklist_chats
    ^^^^^^^
NameError: name 'chat_id' is not defined
2026-02-28 21:19:50 [ERROR] herokutl.herokutl.client.updates: Unhandled exception on handle_incoming
Traceback (most recent call last):
  File "/var/data/python/lib/python3.13/site-packages/herokutl/client/updates.py", line 571, in _dispatch_update
    await callback(event)
  File "/home/donotweb/Рабочий стол/Nexus/nexus/dispatcher.py", line 638, in handle_incoming
    chat_id in blacklist_chats
    ^^^^^^^
NameError: name 'chat_id' is not defined
2026-02-28 21:19:50 [ERROR] herokutl.herokutl.client.updates: Unhandled exception on handle_incoming
Traceback (most recent call last):
  File "/var/data/python/lib/python3.13/site-packages/herokutl/client/updates.py", line 571, in _dispatch_update
    await callback(event)
  File "/home/donotweb/Рабочий стол/Nexus/nexus/dispatcher.py", line 638, in handle_incoming
    chat_id in blacklist_chats
    ^^^^^^^
NameError: name 'chat_id' is not defined
2026-02-28 21:19:51 [ERROR] herokutl.herokutl.client.updates: Unhandled exception on handle_incoming
Traceback (most recent call last):
  File "/var/data/python/lib/python3.13/site-packages/herokutl/client/updates.py", line 571, in _dispatch_update
    await callback(event)
  File "/home/donotweb/Рабочий стол/Nexus/nexus/dispatcher.py", line 638, in handle_incoming
    chat_id in blacklist_chats
    ^^^^^^^
NameError: name 'chat_id' is not defined
2026-02-28 21:19:51 [INFO] nexus.inline.token_obtainment: Bot token not found in db, attempting search in BotFather
2026-02-28 21:19:52 [ERROR] herokutl.herokutl.client.updates: Unhandled exception on handle_incoming
Traceback (most recent call last):
  File "/var/data/python/lib/python3.13/site-packages/herokutl/client/updates.py", line 571, in _dispatch_update
    await callback(event)
  File "/home/donotweb/Рабочий стол/Nexus/nexus/dispatcher.py", line 638, in handle_incoming
    chat_id in blacklist_chats
    ^^^^^^^
NameError: name 'chat_id' is not defined
2026-02-28 21:19:53 [ERROR] herokutl.herokutl.client.updates: Unhandled exception on handle_incoming
Traceback (most recent call last):
  File "/var/data/python/lib/python3.13/site-packages/herokutl/client/updates.py", line 571, in _dispatch_update
    await callback(event)
  File "/home/donotweb/Рабочий стол/Nexus/nexus/dispatcher.py", line 638, in handle_incoming
    chat_id in blacklist_chats
    ^^^^^^^
NameError: name 'chat_id' is not defined
2026-02-28 21:19:53 [DEBUG] nexus.inline.token_obtainment: >> /token
2026-02-28 21:19:53 [DEBUG] nexus.inline.token_obtainment: << Choose a bot to get Bot API access token.
2026-02-28 21:19:56 [ERROR] herokutl.herokutl.client.updates: Unhandled exception on handle_incoming
Traceback (most recent call last):
  File "/var/data/python/lib/python3.13/site-packages/herokutl/client/updates.py", line 571, in _dispatch_update
    await callback(event)
  File "/home/donotweb/Рабочий стол/Nexus/nexus/dispatcher.py", line 638, in handle_incoming
    chat_id in blacklist_chats
    ^^^^^^^
NameError: name 'chat_id' is not defined
2026-02-28 21:19:57 [ERROR] herokutl.herokutl.client.updates: Unhandled exception on handle_incoming
Traceback (most recent call last):
  File "/var/data/python/lib/python3.13/site-packages/herokutl/client/updates.py", line 571, in _dispatch_update
    await callback(event)
  File "/home/donotweb/Рабочий стол/Nexus/nexus/dispatcher.py", line 638, in handle_incoming
    chat_id in blacklist_chats
    ^^^^^^^
NameError: name 'chat_id' is not defined
2026-02-28 21:19:57 [DEBUG] nexus.inline.token_obtainment: >> @DoNotWeb_Nexus_bot
2026-02-28 21:19:57 [DEBUG] nexus.inline.token_obtainment: << You can use this token to access HTTP API:
8400205359:AAEUCfMeqaJRCZxieXrT8a698Uo9M56MHzk

For a description of the Bot API, see this page: https://core.telegram.org/bots/api
2026-02-28 21:20:01 [ERROR] herokutl.herokutl.client.updates: Unhandled exception on handle_incoming
Traceback (most recent call last):
  File "/var/data/python/lib/python3.13/site-packages/herokutl/client/updates.py", line 571, in _dispatch_update
    await callback(event)
  File "/home/donotweb/Рабочий стол/Nexus/nexus/dispatcher.py", line 638, in handle_incoming
    chat_id in blacklist_chats
    ^^^^^^^
NameError: name 'chat_id' is not defined
2026-02-28 21:20:01 [DEBUG] nexus.inline.token_obtainment: >> /setinline
2026-02-28 21:20:01 [DEBUG] nexus.inline.token_obtainment: << Choose a bot to change inline queries status.
2026-02-28 21:20:02 [ERROR] herokutl.herokutl.client.updates: Unhandled exception on handle_incoming
Traceback (most recent call last):
  File "/var/data/python/lib/python3.13/site-packages/herokutl/client/updates.py", line 571, in _dispatch_update
    await callback(event)
  File "/home/donotweb/Рабочий стол/Nexus/nexus/dispatcher.py", line 638, in handle_incoming
    chat_id in blacklist_chats
    ^^^^^^^
NameError: name 'chat_id' is not defined
2026-02-28 21:20:03 [ERROR] herokutl.herokutl.client.updates: Unhandled exception on handle_incoming
Traceback (most recent call last):
  File "/var/data/python/lib/python3.13/site-packages/herokutl/client/updates.py", line 571, in _dispatch_update
    await callback(event)
  File "/home/donotweb/Рабочий стол/Nexus/nexus/dispatcher.py", line 638, in handle_incoming
    chat_id in blacklist_chats
    ^^^^^^^
NameError: name 'chat_id' is not defined
2026-02-28 21:20:03 [DEBUG] nexus.web.ssh_tunnel: ea22932b489e9a.lhr.life tunneled with tls termination, https://ea22932b489e9a.lhr.life
2026-02-28 21:20:03 [DEBUG] nexus.web.ssh_tunnel: create an account and add your key for a longer lasting domain name. see https://localhost.run/docs/forever-free/ for more information.
2026-02-28 21:20:03 [DEBUG] nexus.web.ssh_tunnel: Open your tunnel address on your mobile with this QR:
2026-02-28 21:20:03 [DEBUG] nexus.web.ssh_tunnel: 
2026-02-28 21:20:03 [DEBUG] nexus.web.ssh_tunnel: [7m  [0m[7m  [0m[7m  [0m[7m  [0m[7m  [0m[7m  [0m[7m  [0m[7m  [0m[7m  [0m[7m  [0m[7m  [0m[7m  [0m[7m  [0m[7m  [0m[7m  [0m[7m  [0m[7m  [0m[7m  [0m[7m  [0m[7m  [0m[7m  [0m[7m  [0m[7m  [0m[7m  [0m[7m  [0m[7m  [0m[7m  [0m
2026-02-28 21:20:03 [DEBUG] nexus.web.ssh_tunnel: [7m  [0m[49m  [0m[49m  [0m[49m  [0m[49m  [0m[49m  [0m[49m  [0m[49m  [0m[7m  [0m[49m  [0m[49m  [0m[49m  [0m[49m  [0m[7m  [0m[7m  [0m[7m  [0m[49m  [0m[49m  [0m[7m  [0m[49m  [0m[49m  [0m[49m  [0m[49m  [0m[49m  [0m[49m  [0m[49m  [0m[7m  [0m
2026-02-28 21:20:03 [DEBUG] nexus.web.ssh_tunnel: [7m  [0m[49m  [0m[7m  [0m[7m  [0m[7m  [0m[7m  [0m[7m  [0m[49m  [0m[7m  [0m[7m  [0m[7m  [0m[7m  [0m[49m  [0m[49m  [0m[49m  [0m[49m  [0m[7m  [0m[49m  [0m[7m  [0m[49m  [0m[7m  [0m[7m  [0m[7m  [0m[7m  [0m[7m  [0m[49m  [0m[7m  [0m
2026-02-28 21:20:03 [DEBUG] nexus.web.ssh_tunnel: [7m  [0m[49m  [0m[7m  [0m[49m  [0m[49m  [0m[49m  [0m[7m  [0m[49m  [0m[7m  [0m[7m  [0m[49m  [0m[7m  [0m[49m  [0m[7m  [0m[7m  [0m[7m  [0m[7m  [0m[49m  [0m[7m  [0m[49m  [0m[7m  [0m[49m  [0m[49m  [0m[49m  [0m[7m  [0m[49m  [0m[7m  [0m
2026-02-28 21:20:03 [DEBUG] nexus.web.ssh_tunnel: [7m  [0m[49m  [0m[7m  [0m[49m  [0m[49m  [0m[49m  [0m[7m  [0m[49m  [0m[7m  [0m[7m  [0m[7m  [0m[49m  [0m[49m  [0m[7m  [0m[49m  [0m[7m  [0m[49m  [0m[7m  [0m[7m  [0m[49m  [0m[7m  [0m[49m  [0m[49m  [0m[49m  [0m[7m  [0m[49m  [0m[7m  [0m
2026-02-28 21:20:03 [DEBUG] nexus.web.ssh_tunnel: [7m  [0m[49m  [0m[7m  [0m[49m  [0m[49m  [0m[49m  [0m[7m  [0m[49m  [0m[7m  [0m[7m  [0m[7m  [0m[49m  [0m[49m  [0m[49m  [0m[49m  [0m[49m  [0m[7m  [0m[7m  [0m[7m  [0m[49m  [0m[7m  [0m[49m  [0m[49m  [0m[49m  [0m[7m  [0m[49m  [0m[7m  [0m
2026-02-28 21:20:03 [DEBUG] nexus.web.ssh_tunnel: [7m  [0m[49m  [0m[7m  [0m[7m  [0m[7m  [0m[7m  [0m[7m  [0m[49m  [0m[7m  [0m[7m  [0m[49m  [0m[7m  [0m[49m  [0m[7m  [0m[49m  [0m[49m  [0m[49m  [0m[7m  [0m[7m  [0m[49m  [0m[7m  [0m[7m  [0m[7m  [0m[7m  [0m[7m  [0m[49m  [0m[7m  [0m
2026-02-28 21:20:03 [DEBUG] nexus.web.ssh_tunnel: [7m  [0m[49m  [0m[49m  [0m[49m  [0m[49m  [0m[49m  [0m[49m  [0m[49m  [0m[7m  [0m[49m  [0m[7m  [0m[49m  [0m[7m  [0m[49m  [0m[7m  [0m[49m  [0m[7m  [0m[49m  [0m[7m  [0m[49m  [0m[49m  [0m[49m  [0m[49m  [0m[49m  [0m[49m  [0m[49m  [0m[7m  [0m
2026-02-28 21:20:03 [DEBUG] nexus.web.ssh_tunnel: [7m  [0m[7m  [0m[7m  [0m[7m  [0m[7m  [0m[7m  [0m[7m  [0m[7m  [0m[7m  [0m[49m  [0m[49m  [0m[7m  [0m[7m  [0m[49m  [0m[7m  [0m[49m  [0m[49m  [0m[7m  [0m[7m  [0m[7m  [0m[7m  [0m[7m  [0m[7m  [0m[7m  [0m[7m  [0m[7m  [0m[7m  [0m
2026-02-28 21:20:03 [DEBUG] nexus.web.ssh_tunnel: [7m  [0m[49m  [0m[49m  [0m[7m  [0m[49m  [0m[49m  [0m[7m  [0m[49m  [0m[7m  [0m[7m  [0m[49m  [0m[7m  [0m[7m  [0m[49m  [0m[7m  [0m[49m  [0m[7m  [0m[7m  [0m[7m  [0m[49m  [0m[7m  [0m[7m  [0m[7m  [0m[7m  [0m[7m  [0m[49m  [0m[7m  [0m
2026-02-28 21:20:03 [DEBUG] nexus.web.ssh_tunnel: [7m  [0m[49m  [0m[7m  [0m[49m  [0m[7m  [0m[7m  [0m[49m  [0m[7m  [0m[7m  [0m[49m  [0m[7m  [0m[49m  [0m[7m  [0m[7m  [0m[49m  [0m[49m  [0m[49m  [0m[7m  [0m[7m  [0m[7m  [0m[49m  [0m[49m  [0m[49m  [0m[49m  [0m[7m  [0m[7m  [0m[7m  [0m
2026-02-28 21:20:03 [DEBUG] nexus.web.ssh_tunnel: [7m  [0m[7m  [0m[7m  [0m[7m  [0m[7m  [0m[49m  [0m[7m  [0m[49m  [0m[7m  [0m[49m  [0m[49m  [0m[7m  [0m[7m  [0m[49m  [0m[7m  [0m[7m  [0m[7m  [0m[49m  [0m[49m  [0m[49m  [0m[7m  [0m[7m  [0m[7m  [0m[7m  [0m[7m  [0m[49m  [0m[7m  [0m
2026-02-28 21:20:03 [DEBUG] nexus.web.ssh_tunnel: [7m  [0m[7m  [0m[49m  [0m[49m  [0m[7m  [0m[7m  [0m[49m  [0m[7m  [0m[49m  [0m[7m  [0m[7m  [0m[7m  [0m[7m  [0m[7m  [0m[49m  [0m[7m  [0m[49m  [0m[7m  [0m[49m  [0m[49m  [0m[49m  [0m[7m  [0m[49m  [0m[49m  [0m[49m  [0m[7m  [0m[7m  [0m
2026-02-28 21:20:03 [DEBUG] nexus.web.ssh_tunnel: [7m  [0m[49m  [0m[7m  [0m[7m  [0m[49m  [0m[7m  [0m[7m  [0m[49m  [0m[7m  [0m[49m  [0m[49m  [0m[49m  [0m[7m  [0m[7m  [0m[7m  [0m[7m  [0m[49m  [0m[49m  [0m[49m  [0m[49m  [0m[49m  [0m[49m  [0m[49m  [0m[49m  [0m[49m  [0m[7m  [0m[7m  [0m
2026-02-28 21:20:03 [DEBUG] nexus.web.ssh_tunnel: [7m  [0m[49m  [0m[49m  [0m[49m  [0m[7m  [0m[7m  [0m[7m  [0m[7m  [0m[49m  [0m[7m  [0m[49m  [0m[49m  [0m[7m  [0m[49m  [0m[49m  [0m[49m  [0m[49m  [0m[49m  [0m[49m  [0m[7m  [0m[49m  [0m[7m  [0m[49m  [0m[7m  [0m[7m  [0m[7m  [0m[7m  [0m
2026-02-28 21:20:03 [DEBUG] nexus.web.ssh_tunnel: [7m  [0m[49m  [0m[49m  [0m[7m  [0m[49m  [0m[49m  [0m[7m  [0m[49m  [0m[49m  [0m[49m  [0m[7m  [0m[7m  [0m[7m  [0m[7m  [0m[49m  [0m[49m  [0m[49m  [0m[49m  [0m[7m  [0m[49m  [0m[7m  [0m[49m  [0m[49m  [0m[7m  [0m[7m  [0m[7m  [0m[7m  [0m
2026-02-28 21:20:03 [DEBUG] nexus.web.ssh_tunnel: [7m  [0m[49m  [0m[7m  [0m[49m  [0m[49m  [0m[7m  [0m[7m  [0m[7m  [0m[49m  [0m[49m  [0m[49m  [0m[7m  [0m[7m  [0m[49m  [0m[49m  [0m[49m  [0m[49m  [0m[7m  [0m[7m  [0m[7m  [0m[7m  [0m[7m  [0m[7m  [0m[49m  [0m[49m  [0m[49m  [0m[7m  [0m
2026-02-28 21:20:03 [DEBUG] nexus.web.ssh_tunnel: [7m  [0m[49m  [0m[7m  [0m[7m  [0m[49m  [0m[7m  [0m[7m  [0m[49m  [0m[49m  [0m[7m  [0m[7m  [0m[49m  [0m[49m  [0m[49m  [0m[49m  [0m[7m  [0m[49m  [0m[49m  [0m[49m  [0m[49m  [0m[49m  [0m[49m  [0m[7m  [0m[49m  [0m[49m  [0m[49m  [0m[7m  [0m
2026-02-28 21:20:03 [DEBUG] nexus.web.ssh_tunnel: [7m  [0m[7m  [0m[7m  [0m[7m  [0m[7m  [0m[7m  [0m[7m  [0m[7m  [0m[7m  [0m[49m  [0m[7m  [0m[7m  [0m[49m  [0m[7m  [0m[7m  [0m[7m  [0m[7m  [0m[49m  [0m[7m  [0m[7m  [0m[7m  [0m[49m  [0m[49m  [0m[7m  [0m[7m  [0m[7m  [0m[7m  [0m
2026-02-28 21:20:03 [DEBUG] nexus.web.ssh_tunnel: [7m  [0m[49m  [0m[49m  [0m[49m  [0m[49m  [0m[49m  [0m[49m  [0m[49m  [0m[7m  [0m[7m  [0m[49m  [0m[49m  [0m[7m  [0m[49m  [0m[49m  [0m[49m  [0m[49m  [0m[49m  [0m[7m  [0m[49m  [0m[7m  [0m[49m  [0m[7m  [0m[49m  [0m[49m  [0m[7m  [0m[7m  [0m
2026-02-28 21:20:03 [DEBUG] nexus.web.ssh_tunnel: [7m  [0m[49m  [0m[7m  [0m[7m  [0m[7m  [0m[7m  [0m[7m  [0m[49m  [0m[7m  [0m[7m  [0m[49m  [0m[7m  [0m[49m  [0m[7m  [0m[49m  [0m[49m  [0m[49m  [0m[49m  [0m[7m  [0m[7m  [0m[7m  [0m[49m  [0m[49m  [0m[49m  [0m[49m  [0m[7m  [0m[7m  [0m
2026-02-28 21:20:03 [DEBUG] nexus.web.ssh_tunnel: [7m  [0m[49m  [0m[7m  [0m[49m  [0m[49m  [0m[49m  [0m[7m  [0m[49m  [0m[7m  [0m[49m  [0m[49m  [0m[7m  [0m[49m  [0m[7m  [0m[49m  [0m[7m  [0m[49m  [0m[49m  [0m[49m  [0m[49m  [0m[49m  [0m[49m  [0m[7m  [0m[49m  [0m[49m  [0m[7m  [0m[7m  [0m
2026-02-28 21:20:03 [DEBUG] nexus.web.ssh_tunnel: [7m  [0m[49m  [0m[7m  [0m[49m  [0m[49m  [0m[49m  [0m[7m  [0m[49m  [0m[7m  [0m[49m  [0m[49m  [0m[7m  [0m[7m  [0m[49m  [0m[49m  [0m[49m  [0m[49m  [0m[7m  [0m[7m  [0m[7m  [0m[7m  [0m[49m  [0m[7m  [0m[49m  [0m[7m  [0m[49m  [0m[7m  [0m
2026-02-28 21:20:03 [DEBUG] nexus.web.ssh_tunnel: [7m  [0m[49m  [0m[7m  [0m[49m  [0m[49m  [0m[49m  [0m[7m  [0m[49m  [0m[7m  [0m[7m  [0m[49m  [0m[7m  [0m[49m  [0m[7m  [0m[49m  [0m[7m  [0m[49m  [0m[7m  [0m[49m  [0m[49m  [0m[7m  [0m[49m  [0m[49m  [0m[49m  [0m[49m  [0m[49m  [0m[7m  [0m
2026-02-28 21:20:03 [DEBUG] nexus.web.ssh_tunnel: [7m  [0m[49m  [0m[7m  [0m[7m  [0m[7m  [0m[7m  [0m[7m  [0m[49m  [0m[7m  [0m[49m  [0m[7m  [0m[7m  [0m[49m  [0m[49m  [0m[49m  [0m[7m  [0m[7m  [0m[49m  [0m[49m  [0m[7m  [0m[7m  [0m[7m  [0m[7m  [0m[7m  [0m[49m  [0m[7m  [0m[7m  [0m
2026-02-28 21:20:03 [DEBUG] nexus.web.ssh_tunnel: [7m  [0m[49m  [0m[49m  [0m[49m  [0m[49m  [0m[49m  [0m[49m  [0m[49m  [0m[7m  [0m[49m  [0m[7m  [0m[7m  [0m[49m  [0m[49m  [0m[49m  [0m[7m  [0m[7m  [0m[7m  [0m[7m  [0m[7m  [0m[49m  [0m[49m  [0m[49m  [0m[49m  [0m[49m  [0m[49m  [0m[7m  [0m
2026-02-28 21:20:03 [DEBUG] nexus.web.ssh_tunnel: [7m  [0m[7m  [0m[7m  [0m[7m  [0m[7m  [0m[7m  [0m[7m  [0m[7m  [0m[7m  [0m[7m  [0m[7m  [0m[7m  [0m[7m  [0m[7m  [0m[7m  [0m[7m  [0m[7m  [0m[7m  [0m[7m  [0m[7m  [0m[7m  [0m[7m  [0m[7m  [0m[7m  [0m[7m  [0m[7m  [0m[7m  [0m
2026-02-28 21:20:03 [DEBUG] nexus.web.ssh_tunnel: 
2026-02-28 21:20:05 [ERROR] herokutl.herokutl.client.updates: Unhandled exception on handle_incoming
Traceback (most recent call last):
  File "/var/data/python/lib/python3.13/site-packages/herokutl/client/updates.py", line 571, in _dispatch_update
    await callback(event)
  File "/home/donotweb/Рабочий стол/Nexus/nexus/dispatcher.py", line 638, in handle_incoming
    chat_id in blacklist_chats
    ^^^^^^^
NameError: name 'chat_id' is not defined
2026-02-28 21:20:05 [DEBUG] nexus.inline.token_obtainment: >> @DoNotWeb_Nexus_bot
2026-02-28 21:20:05 [DEBUG] nexus.inline.token_obtainment: << This will enable inline queries for your bot. https://core.telegram.org/bots/inline. Use /empty to disable.

To enable inline mode, please send me the placeholder message for queries to your bot. People will see this placeholder whenever they type @DoNotWeb_Nexus_bot in the message field – in any chat. Tell them what they can get from your bot (e.g., Search GIFs...).
2026-02-28 21:20:07 [ERROR] herokutl.herokutl.client.updates: Unhandled exception on handle_incoming
Traceback (most recent call last):
  File "/var/data/python/lib/python3.13/site-packages/herokutl/client/updates.py", line 571, in _dispatch_update
    await callback(event)
  File "/home/donotweb/Рабочий стол/Nexus/nexus/dispatcher.py", line 638, in handle_incoming
    chat_id in blacklist_chats
    ^^^^^^^
NameError: name 'chat_id' is not defined
2026-02-28 21:20:07 [ERROR] herokutl.herokutl.client.updates: Unhandled exception on handle_incoming
Traceback (most recent call last):
  File "/var/data/python/lib/python3.13/site-packages/herokutl/client/updates.py", line 571, in _dispatch_update
    await callback(event)
  File "/home/donotweb/Рабочий стол/Nexus/nexus/dispatcher.py", line 638, in handle_incoming
    chat_id in blacklist_chats
    ^^^^^^^
NameError: name 'chat_id' is not defined
2026-02-28 21:20:07 [ERROR] herokutl.herokutl.client.updates: Unhandled exception on handle_incoming
Traceback (most recent call last):
  File "/var/data/python/lib/python3.13/site-packages/herokutl/client/updates.py", line 571, in _dispatch_update
    await callback(event)
  File "/home/donotweb/Рабочий стол/Nexus/nexus/dispatcher.py", line 638, in handle_incoming
    chat_id in blacklist_chats
    ^^^^^^^
NameError: name 'chat_id' is not defined
2026-02-28 21:20:09 [ERROR] herokutl.herokutl.client.updates: Unhandled exception on handle_incoming
Traceback (most recent call last):
  File "/var/data/python/lib/python3.13/site-packages/herokutl/client/updates.py", line 571, in _dispatch_update
    await callback(event)
  File "/home/donotweb/Рабочий стол/Nexus/nexus/dispatcher.py", line 638, in handle_incoming
    chat_id in blacklist_chats
    ^^^^^^^
NameError: name 'chat_id' is not defined
2026-02-28 21:20:09 [DEBUG] nexus.inline.token_obtainment: >> user@nexus:~$
2026-02-28 21:20:09 [DEBUG] nexus.inline.token_obtainment: << Success! Inline settings updated. /help
2026-02-28 21:20:13 [ERROR] herokutl.herokutl.client.updates: Unhandled exception on handle_incoming
Traceback (most recent call last):
  File "/var/data/python/lib/python3.13/site-packages/herokutl/client/updates.py", line 571, in _dispatch_update
    await callback(event)
  File "/home/donotweb/Рабочий стол/Nexus/nexus/dispatcher.py", line 638, in handle_incoming
    chat_id in blacklist_chats
    ^^^^^^^
NameError: name 'chat_id' is not defined
2026-02-28 21:20:13 [ERROR] herokutl.herokutl.client.updates: Unhandled exception on handle_incoming
Traceback (most recent call last):
  File "/var/data/python/lib/python3.13/site-packages/herokutl/client/updates.py", line 571, in _dispatch_update
    await callback(event)
  File "/home/donotweb/Рабочий стол/Nexus/nexus/dispatcher.py", line 638, in handle_incoming
    chat_id in blacklist_chats
    ^^^^^^^
NameError: name 'chat_id' is not defined
2026-02-28 21:20:13 [DEBUG] nexus.inline.token_obtainment: >> /setinlinefeedback
2026-02-28 21:20:13 [DEBUG] nexus.inline.token_obtainment: << Choose a bot to change inline feedback settings.
2026-02-28 21:20:15 [ERROR] herokutl.herokutl.client.updates: Unhandled exception on handle_incoming
Traceback (most recent call last):
  File "/var/data/python/lib/python3.13/site-packages/herokutl/client/updates.py", line 571, in _dispatch_update
    await callback(event)
  File "/home/donotweb/Рабочий стол/Nexus/nexus/dispatcher.py", line 638, in handle_incoming
    chat_id in blacklist_chats
    ^^^^^^^
NameError: name 'chat_id' is not defined
2026-02-28 21:20:15 [ERROR] herokutl.herokutl.client.updates: Unhandled exception on handle_incoming
Traceback (most recent call last):
  File "/var/data/python/lib/python3.13/site-packages/herokutl/client/updates.py", line 571, in _dispatch_update
    await callback(event)
  File "/home/donotweb/Рабочий стол/Nexus/nexus/dispatcher.py", line 638, in handle_incoming
    chat_id in blacklist_chats
    ^^^^^^^
NameError: name 'chat_id' is not defined
2026-02-28 21:20:15 [ERROR] herokutl.herokutl.client.updates: Unhandled exception on handle_incoming
Traceback (most recent call last):
  File "/var/data/python/lib/python3.13/site-packages/herokutl/client/updates.py", line 571, in _dispatch_update
    await callback(event)
  File "/home/donotweb/Рабочий стол/Nexus/nexus/dispatcher.py", line 638, in handle_incoming
    chat_id in blacklist_chats
    ^^^^^^^
NameError: name 'chat_id' is not defined
2026-02-28 21:20:16 [ERROR] herokutl.herokutl.client.updates: Unhandled exception on handle_incoming
Traceback (most recent call last):
  File "/var/data/python/lib/python3.13/site-packages/herokutl/client/updates.py", line 571, in _dispatch_update
    await callback(event)
  File "/home/donotweb/Рабочий стол/Nexus/nexus/dispatcher.py", line 638, in handle_incoming
    chat_id in blacklist_chats
    ^^^^^^^
NameError: name 'chat_id' is not defined
2026-02-28 21:20:17 [ERROR] herokutl.herokutl.client.updates: Unhandled exception on handle_incoming
Traceback (most recent call last):
  File "/var/data/python/lib/python3.13/site-packages/herokutl/client/updates.py", line 571, in _dispatch_update
    await callback(event)
  File "/home/donotweb/Рабочий стол/Nexus/nexus/dispatcher.py", line 638, in handle_incoming
    chat_id in blacklist_chats
    ^^^^^^^
NameError: name 'chat_id' is not defined
2026-02-28 21:20:17 [DEBUG] nexus.inline.token_obtainment: >> @DoNotWeb_Nexus_bot
2026-02-28 21:20:17 [DEBUG] nexus.inline.token_obtainment: << This will change inline feedback settings for @DoNotWeb_Nexus_bot.
Current value is: Disabled.
2026-02-28 21:20:18 [DEBUG] nexus.loader: Reloaded 98 commands, 0 inline handlers, 3 callback handlers and 2 watchers
2026-02-28 21:20:21 [ERROR] herokutl.herokutl.client.updates: Unhandled exception on handle_incoming
Traceback (most recent call last):
  File "/var/data/python/lib/python3.13/site-packages/herokutl/client/updates.py", line 571, in _dispatch_update
    await callback(event)
  File "/home/donotweb/Рабочий стол/Nexus/nexus/dispatcher.py", line 638, in handle_incoming
    chat_id in blacklist_chats
    ^^^^^^^
NameError: name 'chat_id' is not defined
2026-02-28 21:20:21 [DEBUG] nexus.inline.token_obtainment: >> Enabled
2026-02-28 21:20:21 [DEBUG] nexus.inline.token_obtainment: << Success! Inline feedback settings updated. /help
2026-02-28 21:20:21 [ERROR] herokutl.herokutl.client.updates: Unhandled exception on handle_incoming
Traceback (most recent call last):
  File "/var/data/python/lib/python3.13/site-packages/herokutl/client/updates.py", line 571, in _dispatch_update
    await callback(event)
  File "/home/donotweb/Рабочий стол/Nexus/nexus/dispatcher.py", line 638, in handle_incoming
    chat_id in blacklist_chats
    ^^^^^^^
NameError: name 'chat_id' is not defined
2026-02-28 21:20:21 [ERROR] herokutl.herokutl.client.updates: Unhandled exception on handle_incoming
Traceback (most recent call last):
  File "/var/data/python/lib/python3.13/site-packages/herokutl/client/updates.py", line 571, in _dispatch_update
    await callback(event)
  File "/home/donotweb/Рабочий стол/Nexus/nexus/dispatcher.py", line 638, in handle_incoming
    chat_id in blacklist_chats
    ^^^^^^^
NameError: name 'chat_id' is not defined
2026-02-28 21:20:21 [ERROR] herokutl.herokutl.client.updates: Unhandled exception on handle_incoming
Traceback (most recent call last):
  File "/var/data/python/lib/python3.13/site-packages/herokutl/client/updates.py", line 571, in _dispatch_update
    await callback(event)
  File "/home/donotweb/Рабочий стол/Nexus/nexus/dispatcher.py", line 638, in handle_incoming
    chat_id in blacklist_chats
    ^^^^^^^
NameError: name 'chat_id' is not defined
2026-02-28 21:20:27 [DEBUG] nexus.loader: Removing command dllangpack of module Translations for update
2026-02-28 21:20:27 [DEBUG] nexus.loader: Removing command setlang of module Translations for update
2026-02-28 21:20:27 [DEBUG] nexus.loader: Removing command apt of module TerminalMod for update
2026-02-28 21:20:27 [DEBUG] nexus.loader: Removing command pip of module TerminalMod for update
2026-02-28 21:20:27 [DEBUG] nexus.loader: Removing command terminal of module TerminalMod for update
2026-02-28 21:20:27 [DEBUG] nexus.loader: Removing command terminate of module TerminalMod for update
2026-02-28 21:20:27 [ERROR] nexus.loader: Failed to send mod init complete signal for <nexus.modules.updater.UpdaterMod object at 0x7f41989d8980> due to Can't load due to repo init error, attempting unload
Traceback (most recent call last):
  File "<core nexus.modules.updater>", line 478, in client_ready
    git.Repo()
    ~~~~~~~~^^
  File "/var/data/python/lib/python3.13/site-packages/git/repo/base.py", line 224, in __init__
    self.working_dir: Optional[PathLike] = self._working_tree_dir or self.common_dir
                                                                     ^^^^^^^^^^^^^^^
  File "/var/data/python/lib/python3.13/site-packages/git/repo/base.py", line 307, in common_dir
    raise InvalidGitRepositoryError()
git.exc.InvalidGitRepositoryError

The above exception was the direct cause of the following exception:

Traceback (most recent call last):
  File "/home/donotweb/Рабочий стол/Nexus/nexus/loader.py", line 1047, in send_ready_one
    await mod.client_ready()
  File "<core nexus.modules.updater>", line 480, in client_ready
    raise loader.LoadError("Can't load due to repo init error") from e
nexus.types.LoadError: Can't load due to repo init error
2026-02-28 21:20:27 [ERROR] nexus.loader: Failed to send mod init complete signal due to Can't load due to repo init error
Traceback (most recent call last):
  File "<core nexus.modules.updater>", line 478, in client_ready
    git.Repo()
    ~~~~~~~~^^
  File "/var/data/python/lib/python3.13/site-packages/git/repo/base.py", line 224, in __init__
    self.working_dir: Optional[PathLike] = self._working_tree_dir or self.common_dir
                                                                     ^^^^^^^^^^^^^^^
  File "/var/data/python/lib/python3.13/site-packages/git/repo/base.py", line 307, in common_dir
    raise InvalidGitRepositoryError()
git.exc.InvalidGitRepositoryError

The above exception was the direct cause of the following exception:

Traceback (most recent call last):
  File "/home/donotweb/Рабочий стол/Nexus/nexus/loader.py", line 1014, in send_ready_one_wrapper
    await self.send_ready_one(*args, **kwargs)
  File "/home/donotweb/Рабочий стол/Nexus/nexus/loader.py", line 1047, in send_ready_one
    await mod.client_ready()
  File "<core nexus.modules.updater>", line 480, in client_ready
    raise loader.LoadError("Can't load due to repo init error") from e
nexus.types.LoadError: Can't load due to repo init error
2026-02-28 21:20:27 [DEBUG] nexus.loader: Removing command config of module NexusConfigMod for update
2026-02-28 21:20:27 [DEBUG] nexus.loader: Removing command fconfig of module NexusConfigMod for update
2026-02-28 21:20:27 [DEBUG] nexus.loader: Removing command help of module Help for update
2026-02-28 21:20:27 [DEBUG] nexus.loader: Removing command helphide of module Help for update
2026-02-28 21:20:27 [DEBUG] nexus.loader: Removing command support of module Help for update
2026-02-28 21:20:27 [DEBUG] nexus.loader: Removing command addalias of module CoreMod for update
2026-02-28 21:20:27 [DEBUG] nexus.loader: Removing command aliases of module CoreMod for update
2026-02-28 21:20:27 [DEBUG] nexus.loader: Removing command blacklist of module CoreMod for update
2026-02-28 21:20:27 [DEBUG] nexus.loader: Removing command blacklistuser of module CoreMod for update
2026-02-28 21:20:27 [DEBUG] nexus.loader: Removing command cleardb of module CoreMod for update
2026-02-28 21:20:27 [DEBUG] nexus.loader: Removing command delalias of module CoreMod for update
2026-02-28 21:20:27 [DEBUG] nexus.loader: Removing command installation of module CoreMod for update
2026-02-28 21:20:27 [DEBUG] nexus.loader: Removing command nexus of module CoreMod for update
2026-02-28 21:20:27 [DEBUG] nexus.loader: Removing command setprefix of module CoreMod for update
2026-02-28 21:20:27 [DEBUG] nexus.loader: Removing command unblacklist of module CoreMod for update
2026-02-28 21:20:27 [DEBUG] nexus.loader: Removing command unblacklistuser of module CoreMod for update
2026-02-28 21:20:27 [DEBUG] nexus.loader: Removing command delsgroup of module NexusSecurityMod for update
2026-02-28 21:20:27 [DEBUG] nexus.loader: Removing command inlinesec of module NexusSecurityMod for update
2026-02-28 21:20:27 [DEBUG] nexus.loader: Removing command newsgroup of module NexusSecurityMod for update
2026-02-28 21:20:27 [DEBUG] nexus.loader: Removing command owneradd of module NexusSecurityMod for update
2026-02-28 21:20:27 [DEBUG] nexus.loader: Removing command ownerlist of module NexusSecurityMod for update
2026-02-28 21:20:27 [DEBUG] nexus.loader: Removing command ownerrm of module NexusSecurityMod for update
2026-02-28 21:20:27 [DEBUG] nexus.loader: Removing command security of module NexusSecurityMod for update
2026-02-28 21:20:27 [DEBUG] nexus.loader: Removing command sgroup of module NexusSecurityMod for update
2026-02-28 21:20:27 [DEBUG] nexus.loader: Removing command sgroupadd of module NexusSecurityMod for update
2026-02-28 21:20:27 [DEBUG] nexus.loader: Removing command sgroupdel of module NexusSecurityMod for update
2026-02-28 21:20:27 [DEBUG] nexus.loader: Removing command sgroups of module NexusSecurityMod for update
2026-02-28 21:20:27 [DEBUG] nexus.loader: Removing command tsec of module NexusSecurityMod for update
2026-02-28 21:20:27 [DEBUG] nexus.loader: Removing command tsecclr of module NexusSecurityMod for update
2026-02-28 21:20:27 [DEBUG] nexus.loader: Removing command tsecrm of module NexusSecurityMod for update
2026-02-28 21:20:27 [DEBUG] nexus.loader: Removing command info of module NexusInfoMod for update
2026-02-28 21:20:27 [DEBUG] nexus.loader: Removing command insfont of module NexusInfoMod for update
2026-02-28 21:20:27 [DEBUG] nexus.loader: Removing command nexusinfo of module NexusInfoMod for update
2026-02-28 21:20:27 [DEBUG] nexus.loader: Removing command setinfo of module NexusInfoMod for update
2026-02-28 21:20:27 [DEBUG] nexus.loader: Removing command switchinfo of module NexusInfoMod for update
2026-02-28 21:20:27 [DEBUG] nexus.loader: Removing command ch_bot_token of module InlineStuff for update
2026-02-28 21:20:27 [DEBUG] nexus.loader: Removing command ch_nexus_bot of module InlineStuff for update
2026-02-28 21:20:27 [DEBUG] nexus.loader: Removing watcher <bound method InlineStuff.gallery_watcher of <nexus.modules.inline_stuff.InlineStuff object at 0x7f41988c70e0>> for update
2026-02-28 21:20:27 [DEBUG] nexus.loader: Removing command api_fw_protection of module APIRatelimiterMod for update
2026-02-28 21:20:27 [DEBUG] nexus.loader: Removing command debugger of module APIRatelimiterMod for update
2026-02-28 21:20:27 [DEBUG] nexus.loader: Removing command suspend_api_protect of module APIRatelimiterMod for update
2026-02-28 21:20:27 [DEBUG] nexus.loader: Removing command addacc of module NexusWebMod for update
2026-02-28 21:20:27 [DEBUG] nexus.loader: Removing command weburl of module NexusWebMod for update
2026-02-28 21:20:27 [DEBUG] nexus.loader: Removing command enable_core_protection of module NexusSettingsMod for update
2026-02-28 21:20:27 [DEBUG] nexus.loader: Removing command invoke of module NexusSettingsMod for update
2026-02-28 21:20:27 [DEBUG] nexus.loader: Removing command nonickchat of module NexusSettingsMod for update
2026-02-28 21:20:27 [DEBUG] nexus.loader: Removing command nonickchats of module NexusSettingsMod for update
2026-02-28 21:20:27 [DEBUG] nexus.loader: Removing command nonickcmd of module NexusSettingsMod for update
2026-02-28 21:20:27 [DEBUG] nexus.loader: Removing command nonickcmds of module NexusSettingsMod for update
2026-02-28 21:20:27 [DEBUG] nexus.loader: Removing command nonickuser of module NexusSettingsMod for update
2026-02-28 21:20:27 [DEBUG] nexus.loader: Removing command nonickusers of module NexusSettingsMod for update
2026-02-28 21:20:27 [DEBUG] nexus.loader: Removing command remove_core_protection of module NexusSettingsMod for update
2026-02-28 21:20:27 [DEBUG] nexus.loader: Removing command settings of module NexusSettingsMod for update
2026-02-28 21:20:27 [DEBUG] nexus.loader: Removing command uninstall_nexus of module NexusSettingsMod for update
2026-02-28 21:20:27 [DEBUG] nexus.loader: Removing command watcherbl of module NexusSettingsMod for update
2026-02-28 21:20:27 [DEBUG] nexus.loader: Removing command watcher of module NexusSettingsMod for update
2026-02-28 21:20:27 [DEBUG] nexus.loader: Removing command watchers of module NexusSettingsMod for update
2026-02-28 21:20:27 [DEBUG] nexus.loader: Removing command tr of module Translator for update
2026-02-28 21:20:27 [DEBUG] nexus.loader: Removing command exec of module Executor for update
2026-02-28 21:20:27 [DEBUG] nexus.loader: Removing command addrepo of module LoaderMod for update
2026-02-28 21:20:27 [DEBUG] nexus.loader: Removing command clearmodules of module LoaderMod for update
2026-02-28 21:20:27 [DEBUG] nexus.loader: Removing command delrepo of module LoaderMod for update
2026-02-28 21:20:27 [DEBUG] nexus.loader: Removing command dlm of module LoaderMod for update
2026-02-28 21:20:27 [DEBUG] nexus.loader: Removing command loadmod of module LoaderMod for update
2026-02-28 21:20:27 [DEBUG] nexus.loader: Removing command ml of module LoaderMod for update
2026-02-28 21:20:27 [DEBUG] nexus.loader: Removing command unloadmod of module LoaderMod for update
2026-02-28 21:20:27 [DEBUG] nexus.loader: Removing command e of module Evaluator for update
2026-02-28 21:20:27 [DEBUG] nexus.loader: Removing command ebf of module Evaluator for update
2026-02-28 21:20:27 [DEBUG] nexus.loader: Removing command ec of module Evaluator for update
2026-02-28 21:20:27 [DEBUG] nexus.loader: Removing command ecpp of module Evaluator for update
2026-02-28 21:20:27 [DEBUG] nexus.loader: Removing command enode of module Evaluator for update
2026-02-28 21:20:27 [DEBUG] nexus.loader: Removing command ephp of module Evaluator for update
2026-02-28 21:20:27 [DEBUG] nexus.loader: Removing command eruby of module Evaluator for update
2026-02-28 21:20:27 [DEBUG] nexus.modules.loader: Loading modules: {}
2026-02-28 21:20:27 [DEBUG] urllib3.connectionpool: Starting new HTTPS connection (1): raw.githubusercontent.com:443
2026-02-28 21:20:27 [DEBUG] nexus.loader: Removing command presets of module Presets for update
2026-02-28 21:20:27 [ERROR] herokutl.herokutl.client.updates: Unhandled exception on handle_incoming
Traceback (most recent call last):
  File "/var/data/python/lib/python3.13/site-packages/herokutl/client/updates.py", line 571, in _dispatch_update
    await callback(event)
  File "/home/donotweb/Рабочий стол/Nexus/nexus/dispatcher.py", line 638, in handle_incoming
    chat_id in blacklist_chats
    ^^^^^^^
NameError: name 'chat_id' is not defined
2026-02-28 21:20:28 [DEBUG] nexus.tl_cache: Saved hashable_entity nexus_talks to cache
2026-02-28 21:20:28 [DEBUG] nexus.tl_cache: Saved resolved_entity id 2850178142 to cache
2026-02-28 21:20:28 [DEBUG] nexus.tl_cache: Saved resolved_entity username @Nexus_Talks to cache
2026-02-28 21:20:28 [DEBUG] urllib3.connectionpool: https://raw.githubusercontent.com:443 "GET /DoNotWeb/modules/main/full.txt HTTP/1.1" 404 14
2026-02-28 21:20:28 [DEBUG] nexus.modules.loader: Can't load repo https://raw.githubusercontent.com/DoNotWeb/modules/main contents because of 404 status code
2026-02-28 21:20:28 [DEBUG] nexus.modules.loader: Modules: []
2026-02-28 21:20:28 [DEBUG] nexus._local_storage: Preloading modules from remote storage.
2026-02-28 21:20:28 [DEBUG] nexus.tl_cache: Saved hashable_entity nexus_talks to cache
2026-02-28 21:20:28 [DEBUG] nexus.tl_cache: Saved resolved_entity id 2850178142 to cache
2026-02-28 21:20:28 [DEBUG] nexus.tl_cache: Saved resolved_entity username @Nexus_Talks to cache
2026-02-28 21:20:28 [ERROR] herokutl.herokutl.client.updates: Unhandled exception on handle_incoming
Traceback (most recent call last):
  File "/var/data/python/lib/python3.13/site-packages/herokutl/client/updates.py", line 571, in _dispatch_update
    await callback(event)
  File "/home/donotweb/Рабочий стол/Nexus/nexus/dispatcher.py", line 638, in handle_incoming
    chat_id in blacklist_chats
    ^^^^^^^
NameError: name 'chat_id' is not defined
2026-02-28 21:20:28 [ERROR] nexus.loader: Failed to send mod init complete signal for <nexus.modules.quickstart.Quickstart object at 0x7f4198a87b60> due to Telegram server says - Bad Request: wrong type of the web page content, attempting unload
Traceback (most recent call last):
  File "/home/donotweb/Рабочий стол/Nexus/nexus/loader.py", line 1047, in send_ready_one
    await mod.client_ready()
  File "<core nexus.modules.quickstart>", line 40, in client_ready
    await self.request_join(
    ...<2 lines>...
    )
  File "/home/donotweb/Рабочий стол/Nexus/nexus/types.py", line 399, in request_join
    await self.inline.bot.send_photo(
    ...<26 lines>...
    )
  File "/var/data/python/lib/python3.13/site-packages/aiogram/client/bot.py", line 2920, in send_photo
    return await self(call, request_timeout=request_timeout)
           ^^^^^^^^^^^^^^^^^^^^^^^^^^^^^^^^^^^^^^^^^^^^^^^^^
  File "/var/data/python/lib/python3.13/site-packages/aiogram/client/bot.py", line 478, in __call__
    return await self.session(self, method, timeout=request_timeout)
           ^^^^^^^^^^^^^^^^^^^^^^^^^^^^^^^^^^^^^^^^^^^^^^^^^^^^^^^^^
  File "/var/data/python/lib/python3.13/site-packages/aiogram/client/session/base.py", line 254, in __call__
    return cast(TelegramType, await middleware(bot, method))
                              ^^^^^^^^^^^^^^^^^^^^^^^^^^^^^
  File "/var/data/python/lib/python3.13/site-packages/aiogram/client/session/aiohttp.py", line 185, in make_request
    response = self.check_response(
        bot=bot, method=method, status_code=resp.status, content=raw_result
    )
  File "/var/data/python/lib/python3.13/site-packages/aiogram/client/session/base.py", line 120, in check_response
    raise TelegramBadRequest(method=method, message=description)
aiogram.exceptions.TelegramBadRequest: Telegram server says - Bad Request: wrong type of the web page content
2026-02-28 21:20:28 [ERROR] nexus.loader: Failed to send mod init complete signal due to Telegram server says - Bad Request: wrong type of the web page content
Traceback (most recent call last):
  File "/home/donotweb/Рабочий стол/Nexus/nexus/loader.py", line 1014, in send_ready_one_wrapper
    await self.send_ready_one(*args, **kwargs)
  File "/home/donotweb/Рабочий стол/Nexus/nexus/loader.py", line 1047, in send_ready_one
    await mod.client_ready()
  File "<core nexus.modules.quickstart>", line 40, in client_ready
    await self.request_join(
    ...<2 lines>...
    )
  File "/home/donotweb/Рабочий стол/Nexus/nexus/types.py", line 399, in request_join
    await self.inline.bot.send_photo(
    ...<26 lines>...
    )
  File "/var/data/python/lib/python3.13/site-packages/aiogram/client/bot.py", line 2920, in send_photo
    return await self(call, request_timeout=request_timeout)
           ^^^^^^^^^^^^^^^^^^^^^^^^^^^^^^^^^^^^^^^^^^^^^^^^^
  File "/var/data/python/lib/python3.13/site-packages/aiogram/client/bot.py", line 478, in __call__
    return await self.session(self, method, timeout=request_timeout)
           ^^^^^^^^^^^^^^^^^^^^^^^^^^^^^^^^^^^^^^^^^^^^^^^^^^^^^^^^^
  File "/var/data/python/lib/python3.13/site-packages/aiogram/client/session/base.py", line 254, in __call__
    return cast(TelegramType, await middleware(bot, method))
                              ^^^^^^^^^^^^^^^^^^^^^^^^^^^^^
  File "/var/data/python/lib/python3.13/site-packages/aiogram/client/session/aiohttp.py", line 185, in make_request
    response = self.check_response(
        bot=bot, method=method, status_code=resp.status, content=raw_result
    )
  File "/var/data/python/lib/python3.13/site-packages/aiogram/client/session/base.py", line 120, in check_response
    raise TelegramBadRequest(method=method, message=description)
aiogram.exceptions.TelegramBadRequest: Telegram server says - Bad Request: wrong type of the web page content
2026-02-28 21:20:33 [ERROR] herokutl.herokutl.client.updates: Unhandled exception on handle_incoming
Traceback (most recent call last):
  File "/var/data/python/lib/python3.13/site-packages/herokutl/client/updates.py", line 571, in _dispatch_update
    await callback(event)
  File "/home/donotweb/Рабочий стол/Nexus/nexus/dispatcher.py", line 638, in handle_incoming
    chat_id in blacklist_chats
    ^^^^^^^
NameError: name 'chat_id' is not defined
2026-02-28 21:20:35 [ERROR] herokutl.herokutl.client.updates: Unhandled exception on handle_incoming
Traceback (most recent call last):
  File "/var/data/python/lib/python3.13/site-packages/herokutl/client/updates.py", line 571, in _dispatch_update
    await callback(event)
  File "/home/donotweb/Рабочий стол/Nexus/nexus/dispatcher.py", line 638, in handle_incoming
    chat_id in blacklist_chats
    ^^^^^^^
NameError: name 'chat_id' is not defined
2026-02-28 21:20:35 [ERROR] herokutl.herokutl.client.updates: Unhandled exception on handle_incoming
Traceback (most recent call last):
  File "/var/data/python/lib/python3.13/site-packages/herokutl/client/updates.py", line 571, in _dispatch_update
    await callback(event)
  File "/home/donotweb/Рабочий стол/Nexus/nexus/dispatcher.py", line 638, in handle_incoming
    chat_id in blacklist_chats
    ^^^^^^^
NameError: name 'chat_id' is not defined
2026-02-28 21:20:37 [ERROR] herokutl.herokutl.client.updates: Unhandled exception on handle_incoming
Traceback (most recent call last):
  File "/var/data/python/lib/python3.13/site-packages/herokutl/client/updates.py", line 571, in _dispatch_update
    await callback(event)
  File "/home/donotweb/Рабочий стол/Nexus/nexus/dispatcher.py", line 638, in handle_incoming
    chat_id in blacklist_chats
    ^^^^^^^
NameError: name 'chat_id' is not defined
2026-02-28 21:20:40 [DEBUG] urllib3.connectionpool: Starting new HTTPS connection (1): raw.githubusercontent.com:443
2026-02-28 21:20:40 [DEBUG] urllib3.connectionpool: https://raw.githubusercontent.com:443 "GET /DoNotWeb/assets/refs/heads/main/nexus/nexus_logs.png HTTP/1.1" 404 14
2026-02-28 21:20:40 [ERROR] herokutl.herokutl.client.updates: Unhandled exception on handle_incoming
Traceback (most recent call last):
  File "/var/data/python/lib/python3.13/site-packages/herokutl/client/updates.py", line 571, in _dispatch_update
    await callback(event)
  File "/home/donotweb/Рабочий стол/Nexus/nexus/dispatcher.py", line 638, in handle_incoming
    chat_id in blacklist_chats
    ^^^^^^^
NameError: name 'chat_id' is not defined
2026-02-28 21:20:40 [ERROR] herokutl.herokutl.client.updates: Unhandled exception on handle_incoming
Traceback (most recent call last):
  File "/var/data/python/lib/python3.13/site-packages/herokutl/client/updates.py", line 571, in _dispatch_update
    await callback(event)
  File "/home/donotweb/Рабочий стол/Nexus/nexus/dispatcher.py", line 638, in handle_incoming
    chat_id in blacklist_chats
    ^^^^^^^
NameError: name 'chat_id' is not defined
2026-02-28 21:20:40 [ERROR] herokutl.herokutl.client.updates: Unhandled exception on handle_incoming
Traceback (most recent call last):
  File "/var/data/python/lib/python3.13/site-packages/herokutl/client/updates.py", line 571, in _dispatch_update
    await callback(event)
  File "/home/donotweb/Рабочий стол/Nexus/nexus/dispatcher.py", line 638, in handle_incoming
    chat_id in blacklist_chats
    ^^^^^^^
NameError: name 'chat_id' is not defined
2026-02-28 21:20:41 [ERROR] herokutl.herokutl.client.updates: Unhandled exception on handle_incoming
Traceback (most recent call last):
  File "/var/data/python/lib/python3.13/site-packages/herokutl/client/updates.py", line 571, in _dispatch_update
    await callback(event)
  File "/home/donotweb/Рабочий стол/Nexus/nexus/dispatcher.py", line 638, in handle_incoming
    chat_id in blacklist_chats
    ^^^^^^^
NameError: name 'chat_id' is not defined
2026-02-28 21:20:41 [ERROR] herokutl.herokutl.client.updates: Unhandled exception on handle_command
Traceback (most recent call last):
  File "/var/data/python/lib/python3.13/site-packages/herokutl/client/updates.py", line 571, in _dispatch_update
    await callback(event)
  File "/home/donotweb/Рабочий стол/Nexus/nexus/dispatcher.py", line 442, in handle_command
    message = await self._handle_command(event)
              ^^^^^^^^^^^^^^^^^^^^^^^^^^^^^^^^^
  File "/home/donotweb/Рабочий стол/Nexus/nexus/dispatcher.py", line 344, in _handle_command
    chat_id in blacklist_chats
    ^^^^^^^
NameError: name 'chat_id' is not defined
2026-02-28 21:20:41 [DEBUG] nexus.utils: Failed to set avatar for asset channel
Traceback (most recent call last):
  File "/home/donotweb/Рабочий стол/Nexus/nexus/utils.py", line 878, in asset_channel
    await set_avatar(client, peer, avatar)
  File "/home/donotweb/Рабочий стол/Nexus/nexus/utils.py", line 739, in set_avatar
    res = await client(
          ^^^^^^^^^^^^^
    ...<4 lines>...
    )
    ^
  File "/var/data/python/lib/python3.13/site-packages/herokutl/client/users.py", line 30, in __call__
    return await self._call(self._sender, request, ordered=ordered)
           ^^^^^^^^^^^^^^^^^^^^^^^^^^^^^^^^^^^^^^^^^^^^^^^^^^^^^^^^
  File "/home/donotweb/Рабочий стол/Nexus/nexus/tl_cache.py", line 722, in _call
    return await super()._call(
           ^^^^^^^^^^^^^^^^^^^^
    ...<4 lines>...
    )
    ^
  File "/var/data/python/lib/python3.13/site-packages/herokutl/client/users.py", line 92, in _call
    result = await future
             ^^^^^^^^^^^^
herokutl.errors.rpcerrorlist.PhotoCropSizeSmallError: Photo is too small (caused by EditPhotoRequest)
2026-02-28 21:20:41 [DEBUG] nexus.modules.test: Bot logging installed for -1003791363882
2026-02-28 21:20:41 [DEBUG] nexus.loader: Started loop for method <function TestMod.watchdog at 0x7f41989d7880>
2026-02-28 21:20:41 [DEBUG] nexus.loader: Added module <nexus.modules.test.TestMod object at 0x7f41989d8d70> to method <nexus.loader.InfiniteLoop object at 0x7f4198906490>
2026-02-28 21:20:41 [DEBUG] nexus.loader: Removing command clearlogs of module TestMod for update
2026-02-28 21:20:41 [DEBUG] nexus.loader: Removing command debugmod of module TestMod for update
2026-02-28 21:20:41 [DEBUG] nexus.loader: Removing command logs of module TestMod for update
2026-02-28 21:20:41 [DEBUG] nexus.loader: Removing command ping of module TestMod for update
2026-02-28 21:20:41 [DEBUG] nexus.loader: Removing command suspend of module TestMod for update
2026-02-28 21:20:48 [DEBUG] urllib3.connectionpool: Starting new HTTPS connection (1): raw.githubusercontent.com:443
2026-02-28 21:20:48 [DEBUG] nexus.loader: Reloaded 91 commands, 0 inline handlers, 1 callback handlers and 2 watchers
2026-02-28 21:20:48 [DEBUG] urllib3.connectionpool: https://raw.githubusercontent.com:443 "GET /DoNotWeb/assets/refs/heads/main/nexus/nexus_backups.png HTTP/1.1" 404 14
2026-02-28 21:20:50 [ERROR] herokutl.herokutl.client.updates: Unhandled exception on handle_incoming
Traceback (most recent call last):
  File "/var/data/python/lib/python3.13/site-packages/herokutl/client/updates.py", line 571, in _dispatch_update
    await callback(event)
  File "/home/donotweb/Рабочий стол/Nexus/nexus/dispatcher.py", line 638, in handle_incoming
    chat_id in blacklist_chats
    ^^^^^^^
NameError: name 'chat_id' is not defined
2026-02-28 21:20:50 [ERROR] herokutl.herokutl.client.updates: Unhandled exception on handle_incoming
Traceback (most recent call last):
  File "/var/data/python/lib/python3.13/site-packages/herokutl/client/updates.py", line 571, in _dispatch_update
    await callback(event)
  File "/home/donotweb/Рабочий стол/Nexus/nexus/dispatcher.py", line 638, in handle_incoming
    chat_id in blacklist_chats
    ^^^^^^^
NameError: name 'chat_id' is not defined
2026-02-28 21:20:50 [ERROR] herokutl.herokutl.client.updates: Unhandled exception on handle_incoming
Traceback (most recent call last):
  File "/var/data/python/lib/python3.13/site-packages/herokutl/client/updates.py", line 571, in _dispatch_update
    await callback(event)
  File "/home/donotweb/Рабочий стол/Nexus/nexus/dispatcher.py", line 638, in handle_incoming
    chat_id in blacklist_chats
    ^^^^^^^
NameError: name 'chat_id' is not defined
2026-02-28 21:20:50 [ERROR] herokutl.herokutl.client.updates: Unhandled exception on handle_incoming
Traceback (most recent call last):
  File "/var/data/python/lib/python3.13/site-packages/herokutl/client/updates.py", line 571, in _dispatch_update
    await callback(event)
  File "/home/donotweb/Рабочий стол/Nexus/nexus/dispatcher.py", line 638, in handle_incoming
    chat_id in blacklist_chats
    ^^^^^^^
NameError: name 'chat_id' is not defined
2026-02-28 21:20:50 [DEBUG] nexus.utils: Failed to set avatar for asset channel
Traceback (most recent call last):
  File "/home/donotweb/Рабочий стол/Nexus/nexus/utils.py", line 878, in asset_channel
    await set_avatar(client, peer, avatar)
  File "/home/donotweb/Рабочий стол/Nexus/nexus/utils.py", line 739, in set_avatar
    res = await client(
          ^^^^^^^^^^^^^
    ...<4 lines>...
    )
    ^
  File "/var/data/python/lib/python3.13/site-packages/herokutl/client/users.py", line 30, in __call__
    return await self._call(self._sender, request, ordered=ordered)
           ^^^^^^^^^^^^^^^^^^^^^^^^^^^^^^^^^^^^^^^^^^^^^^^^^^^^^^^^
  File "/home/donotweb/Рабочий стол/Nexus/nexus/tl_cache.py", line 722, in _call
    return await super()._call(
           ^^^^^^^^^^^^^^^^^^^^
    ...<4 lines>...
    )
    ^
  File "/var/data/python/lib/python3.13/site-packages/herokutl/client/users.py", line 92, in _call
    result = await future
             ^^^^^^^^^^^^
herokutl.errors.rpcerrorlist.PhotoCropSizeSmallError: Photo is too small (caused by EditPhotoRequest)
2026-02-28 21:20:50 [DEBUG] nexus.loader: Started loop for method <function NexusBackupMod.handler at 0x7f41987c6020>
2026-02-28 21:20:50 [DEBUG] nexus.loader: Added module <nexus.modules.nexus_backup.NexusBackupMod object at 0x7f41987ec980> to method <nexus.loader.InfiniteLoop object at 0x7f41986f0c30>
2026-02-28 21:20:51 [DEBUG] nexus.loader: Removing command backupall of module NexusBackupMod for update
2026-02-28 21:20:51 [DEBUG] nexus.loader: Removing command backupdb of module NexusBackupMod for update
2026-02-28 21:20:51 [DEBUG] nexus.loader: Removing command backupmods of module NexusBackupMod for update
2026-02-28 21:20:51 [DEBUG] nexus.loader: Removing command restoreall of module NexusBackupMod for update
2026-02-28 21:20:51 [DEBUG] nexus.loader: Removing command restoredb of module NexusBackupMod for update
2026-02-28 21:20:51 [DEBUG] nexus.loader: Removing command restoremods of module NexusBackupMod for update
2026-02-28 21:20:51 [DEBUG] nexus.loader: Removing command set_backup_period of module NexusBackupMod for update
2026-02-28 21:20:51 [ERROR] root: Badge error
Traceback (most recent call last):
  File "/home/donotweb/Рабочий стол/Nexus/nexus/main.py", line 907, in _badge
    repo = git.Repo()
  File "/var/data/python/lib/python3.13/site-packages/git/repo/base.py", line 224, in __init__
    self.working_dir: Optional[PathLike] = self._working_tree_dir or self.common_dir
                                                                     ^^^^^^^^^^^^^^^
  File "/var/data/python/lib/python3.13/site-packages/git/repo/base.py", line 307, in common_dir
    raise InvalidGitRepositoryError()
git.exc.InvalidGitRepositoryError
2026-02-28 21:20:52 [ERROR] herokutl.herokutl.client.updates: Unhandled exception on handle_incoming
Traceback (most recent call last):
  File "/var/data/python/lib/python3.13/site-packages/herokutl/client/updates.py", line 571, in _dispatch_update
    await callback(event)
  File "/home/donotweb/Рабочий стол/Nexus/nexus/dispatcher.py", line 638, in handle_incoming
    chat_id in blacklist_chats
    ^^^^^^^
NameError: name 'chat_id' is not defined
2026-02-28 21:20:57 [DEBUG] nexus.modules.api_protection: Successfully installed ratelimiter
2026-02-28 21:21:02 [ERROR] herokutl.herokutl.client.updates: Unhandled exception on handle_incoming
Traceback (most recent call last):
  File "/var/data/python/lib/python3.13/site-packages/herokutl/client/updates.py", line 571, in _dispatch_update
    await callback(event)
  File "/home/donotweb/Рабочий стол/Nexus/nexus/dispatcher.py", line 638, in handle_incoming
    chat_id in blacklist_chats
    ^^^^^^^
NameError: name 'chat_id' is not defined
2026-02-28 21:21:02 [ERROR] herokutl.herokutl.client.updates: Unhandled exception on handle_incoming
Traceback (most recent call last):
  File "/var/data/python/lib/python3.13/site-packages/herokutl/client/updates.py", line 571, in _dispatch_update
    await callback(event)
  File "/home/donotweb/Рабочий стол/Nexus/nexus/dispatcher.py", line 638, in handle_incoming
    chat_id in blacklist_chats
    ^^^^^^^
NameError: name 'chat_id' is not defined
2026-02-28 21:21:02 [ERROR] herokutl.herokutl.client.updates: Unhandled exception on handle_incoming
Traceback (most recent call last):
  File "/var/data/python/lib/python3.13/site-packages/herokutl/client/updates.py", line 571, in _dispatch_update
    await callback(event)
  File "/home/donotweb/Рабочий стол/Nexus/nexus/dispatcher.py", line 638, in handle_incoming
    chat_id in blacklist_chats
    ^^^^^^^
NameError: name 'chat_id' is not defined
2026-02-28 21:21:03 [ERROR] herokutl.herokutl.client.updates: Unhandled exception on handle_incoming
Traceback (most recent call last):
  File "/var/data/python/lib/python3.13/site-packages/herokutl/client/updates.py", line 571, in _dispatch_update
    await callback(event)
  File "/home/donotweb/Рабочий стол/Nexus/nexus/dispatcher.py", line 638, in handle_incoming
    chat_id in blacklist_chats
    ^^^^^^^
NameError: name 'chat_id' is not defined
2026-02-28 21:21:08 [ERROR] herokutl.herokutl.client.updates: Unhandled exception on handle_incoming
Traceback (most recent call last):
  File "/var/data/python/lib/python3.13/site-packages/herokutl/client/updates.py", line 571, in _dispatch_update
    await callback(event)
  File "/home/donotweb/Рабочий стол/Nexus/nexus/dispatcher.py", line 638, in handle_incoming
    chat_id in blacklist_chats
    ^^^^^^^
NameError: name 'chat_id' is not defined
2026-02-28 21:21:08 [ERROR] herokutl.herokutl.client.updates: Unhandled exception on handle_incoming
Traceback (most recent call last):
  File "/var/data/python/lib/python3.13/site-packages/herokutl/client/updates.py", line 571, in _dispatch_update
    await callback(event)
  File "/home/donotweb/Рабочий стол/Nexus/nexus/dispatcher.py", line 638, in handle_incoming
    chat_id in blacklist_chats
    ^^^^^^^
NameError: name 'chat_id' is not defined
2026-02-28 21:21:08 [ERROR] herokutl.herokutl.client.updates: Unhandled exception on handle_command
Traceback (most recent call last):
  File "/var/data/python/lib/python3.13/site-packages/herokutl/client/updates.py", line 571, in _dispatch_update
    await callback(event)
  File "/home/donotweb/Рабочий стол/Nexus/nexus/dispatcher.py", line 442, in handle_command
    message = await self._handle_command(event)
              ^^^^^^^^^^^^^^^^^^^^^^^^^^^^^^^^^
  File "/home/donotweb/Рабочий стол/Nexus/nexus/dispatcher.py", line 344, in _handle_command
    chat_id in blacklist_chats
    ^^^^^^^
NameError: name 'chat_id' is not defined
2026-02-28 21:21:12 [ERROR] herokutl.herokutl.client.updates: Unhandled exception on handle_incoming
Traceback (most recent call last):
  File "/var/data/python/lib/python3.13/site-packages/herokutl/client/updates.py", line 571, in _dispatch_update
    await callback(event)
  File "/home/donotweb/Рабочий стол/Nexus/nexus/dispatcher.py", line 638, in handle_incoming
    chat_id in blacklist_chats
    ^^^^^^^
NameError: name 'chat_id' is not defined
2026-02-28 21:21:12 [ERROR] herokutl.herokutl.client.updates: Unhandled exception on handle_incoming
Traceback (most recent call last):
  File "/var/data/python/lib/python3.13/site-packages/herokutl/client/updates.py", line 571, in _dispatch_update
    await callback(event)
  File "/home/donotweb/Рабочий стол/Nexus/nexus/dispatcher.py", line 638, in handle_incoming
    chat_id in blacklist_chats
    ^^^^^^^
NameError: name 'chat_id' is not defined
2026-02-28 21:21:12 [ERROR] nexus.inline.events: Error on running aiogram watcher!
Traceback (most recent call last):
  File "/home/donotweb/Рабочий стол/Nexus/nexus/inline/events.py", line 52, in _message_handler
    await mod.aiogram_watcher(message)
  File "<core nexus.modules.inline_stuff>", line 132, in aiogram_watcher
    await message.answer_photo(
    ...<7 lines>...
    )
  File "/var/data/python/lib/python3.13/site-packages/aiogram/methods/base.py", line 84, in emit
    return await bot(self)
           ^^^^^^^^^^^^^^^
  File "/var/data/python/lib/python3.13/site-packages/aiogram/client/bot.py", line 478, in __call__
    return await self.session(self, method, timeout=request_timeout)
           ^^^^^^^^^^^^^^^^^^^^^^^^^^^^^^^^^^^^^^^^^^^^^^^^^^^^^^^^^
  File "/var/data/python/lib/python3.13/site-packages/aiogram/client/session/base.py", line 254, in __call__
    return cast(TelegramType, await middleware(bot, method))
                              ^^^^^^^^^^^^^^^^^^^^^^^^^^^^^
  File "/var/data/python/lib/python3.13/site-packages/aiogram/client/session/aiohttp.py", line 185, in make_request
    response = self.check_response(
        bot=bot, method=method, status_code=resp.status, content=raw_result
    )
  File "/var/data/python/lib/python3.13/site-packages/aiogram/client/session/base.py", line 120, in check_response
    raise TelegramBadRequest(method=method, message=description)
aiogram.exceptions.TelegramBadRequest: Telegram server says - Bad Request: failed to get HTTP URL content
2026-02-28 21:21:17 [ERROR] herokutl.herokutl.client.updates: Unhandled exception on handle_incoming
Traceback (most recent call last):
  File "/var/data/python/lib/python3.13/site-packages/herokutl/client/updates.py", line 571, in _dispatch_update
    await callback(event)
  File "/home/donotweb/Рабочий стол/Nexus/nexus/dispatcher.py", line 638, in handle_incoming
    chat_id in blacklist_chats
    ^^^^^^^
NameError: name 'chat_id' is not defined
2026-02-28 21:21:18 [DEBUG] nexus.loader: Reloaded 91 commands, 0 inline handlers, 1 callback handlers and 2 watchers
2026-02-28 21:21:21 [ERROR] herokutl.herokutl.client.updates: Unhandled exception on handle_incoming
Traceback (most recent call last):
  File "/var/data/python/lib/python3.13/site-packages/herokutl/client/updates.py", line 571, in _dispatch_update
    await callback(event)
  File "/home/donotweb/Рабочий стол/Nexus/nexus/dispatcher.py", line 638, in handle_incoming
    chat_id in blacklist_chats
    ^^^^^^^
NameError: name 'chat_id' is not defined
2026-02-28 21:21:21 [ERROR] herokutl.herokutl.client.updates: Unhandled exception on handle_incoming
Traceback (most recent call last):
  File "/var/data/python/lib/python3.13/site-packages/herokutl/client/updates.py", line 571, in _dispatch_update
    await callback(event)
  File "/home/donotweb/Рабочий стол/Nexus/nexus/dispatcher.py", line 638, in handle_incoming
    chat_id in blacklist_chats
    ^^^^^^^
NameError: name 'chat_id' is not defined
2026-02-28 21:21:25 [ERROR] herokutl.herokutl.client.updates: Unhandled exception on handle_incoming
Traceback (most recent call last):
  File "/var/data/python/lib/python3.13/site-packages/herokutl/client/updates.py", line 571, in _dispatch_update
    await callback(event)
  File "/home/donotweb/Рабочий стол/Nexus/nexus/dispatcher.py", line 638, in handle_incoming
    chat_id in blacklist_chats
    ^^^^^^^
NameError: name 'chat_id' is not defined
2026-02-28 21:21:26 [ERROR] herokutl.herokutl.client.updates: Unhandled exception on handle_incoming
Traceback (most recent call last):
  File "/var/data/python/lib/python3.13/site-packages/herokutl/client/updates.py", line 571, in _dispatch_update
    await callback(event)
  File "/home/donotweb/Рабочий стол/Nexus/nexus/dispatcher.py", line 638, in handle_incoming
    chat_id in blacklist_chats
    ^^^^^^^
NameError: name 'chat_id' is not defined
2026-02-28 21:21:39 [ERROR] root: Unexpected exception in main loop: Event loop stopped before Future completed.
Traceback (most recent call last):
  File "/home/donotweb/Рабочий стол/Nexus/nexus/main.py", line 1096, in main
    self.loop.run_until_complete(self._main())
    ~~~~~~~~~~~~~~~~~~~~~~~~~~~~^^^^^^^^^^^^^^
  File "/usr/lib/python3.13/asyncio/base_events.py", line 723, in run_until_complete
    raise RuntimeError('Event loop stopped before Future completed.')
RuntimeError: Event loop stopped before Future completed.
2026-02-28 21:21:39 [INFO] root: Bye!
2026-02-28 21:23:50 [DEBUG] root: Got DB
2026-02-28 21:23:50 [DEBUG] root: Loading logging config...
2026-02-28 21:23:51 [DEBUG] nexus.loader: Loading nexus.modules.translations from filesystem
2026-02-28 21:23:51 [DEBUG] nexus.loader: Loading nexus.modules.quickstart from filesystem
2026-02-28 21:23:51 [DEBUG] nexus.loader: Loading nexus.modules.terminal from filesystem
2026-02-28 21:23:51 [DEBUG] nexus.loader: Loading nexus.modules.presets from filesystem
2026-02-28 21:23:51 [DEBUG] nexus.loader: Loading nexus.modules.updater from filesystem
2026-02-28 21:23:51 [DEBUG] nexus.types: Config value was None, so it was reset to False
2026-02-28 21:23:51 [DEBUG] nexus.loader: Loading nexus.modules.test from filesystem
2026-02-28 21:23:51 [DEBUG] nexus.types: Config value was None, so it was reset to 
2026-02-28 21:23:51 [DEBUG] nexus.types: Config value was None, so it was reset to 
2026-02-28 21:23:51 [DEBUG] nexus.loader: Loading nexus.modules.nexus_config from filesystem
2026-02-28 21:23:51 [DEBUG] nexus.loader: Loading nexus.modules.help from filesystem
2026-02-28 21:23:51 [DEBUG] nexus.loader: Loading nexus.modules.settings from filesystem
2026-02-28 21:23:51 [DEBUG] nexus.loader: Loading nexus.modules.nexus_security from filesystem
2026-02-28 21:23:51 [DEBUG] nexus.loader: Loading nexus.modules.nexus_info from filesystem
2026-02-28 21:23:51 [DEBUG] nexus.loader: Loading nexus.modules.inline_stuff from filesystem
2026-02-28 21:23:51 [DEBUG] nexus.loader: Loading nexus.modules.api_protection from filesystem
2026-02-28 21:23:51 [DEBUG] nexus.loader: Loading nexus.modules.nexus_web from filesystem
2026-02-28 21:23:51 [DEBUG] nexus.loader: Loading nexus.modules.nexus_settings from filesystem
2026-02-28 21:23:51 [DEBUG] nexus.loader: Loading nexus.modules.translate from filesystem
2026-02-28 21:23:51 [DEBUG] nexus.loader: Loading nexus.modules.executor from filesystem
2026-02-28 21:23:51 [DEBUG] nexus.loader: Loading nexus.modules.loader from filesystem
2026-02-28 21:23:51 [DEBUG] nexus.types: Config value was None, so it was reset to False
2026-02-28 21:23:51 [DEBUG] nexus.loader: Loading nexus.modules.eval from filesystem
2026-02-28 21:23:51 [DEBUG] nexus.loader: Loading nexus.modules.nexus_backup from filesystem
2026-02-28 21:23:51 [DEBUG] nexus.types: Config value was None, so it was reset to False
2026-02-28 21:23:51 [DEBUG] nexus.types: Config value was None, so it was reset to 
2026-02-28 21:23:51 [DEBUG] nexus.types: Config value was None, so it was reset to 
2026-02-28 21:23:51 [DEBUG] nexus.types: Config value was None, so it was reset to False
2026-02-28 21:23:52 [ERROR] nexus.loader: Failed to send mod init complete signal for <nexus.modules.updater.UpdaterMod object at 0x7f6b848cfa10> due to Can't load due to repo init error, attempting unload
Traceback (most recent call last):
  File "<core nexus.modules.updater>", line 478, in client_ready
    git.Repo()
    ~~~~~~~~^^
  File "/var/data/python/lib/python3.13/site-packages/git/repo/base.py", line 224, in __init__
    self.working_dir: Optional[PathLike] = self._working_tree_dir or self.common_dir
                                                                     ^^^^^^^^^^^^^^^
  File "/var/data/python/lib/python3.13/site-packages/git/repo/base.py", line 307, in common_dir
    raise InvalidGitRepositoryError()
git.exc.InvalidGitRepositoryError

The above exception was the direct cause of the following exception:

Traceback (most recent call last):
  File "/home/donotweb/Рабочий стол/Nexus/nexus/loader.py", line 1047, in send_ready_one
    await mod.client_ready()
  File "<core nexus.modules.updater>", line 480, in client_ready
    raise loader.LoadError("Can't load due to repo init error") from e
nexus.types.LoadError: Can't load due to repo init error
2026-02-28 21:23:52 [ERROR] nexus.loader: Failed to send mod init complete signal due to Can't load due to repo init error
Traceback (most recent call last):
  File "<core nexus.modules.updater>", line 478, in client_ready
    git.Repo()
    ~~~~~~~~^^
  File "/var/data/python/lib/python3.13/site-packages/git/repo/base.py", line 224, in __init__
    self.working_dir: Optional[PathLike] = self._working_tree_dir or self.common_dir
                                                                     ^^^^^^^^^^^^^^^
  File "/var/data/python/lib/python3.13/site-packages/git/repo/base.py", line 307, in common_dir
    raise InvalidGitRepositoryError()
git.exc.InvalidGitRepositoryError

The above exception was the direct cause of the following exception:

Traceback (most recent call last):
  File "/home/donotweb/Рабочий стол/Nexus/nexus/loader.py", line 1014, in send_ready_one_wrapper
    await self.send_ready_one(*args, **kwargs)
  File "/home/donotweb/Рабочий стол/Nexus/nexus/loader.py", line 1047, in send_ready_one
    await mod.client_ready()
  File "<core nexus.modules.updater>", line 480, in client_ready
    raise loader.LoadError("Can't load due to repo init error") from e
nexus.types.LoadError: Can't load due to repo init error
2026-02-28 21:23:52 [DEBUG] nexus.modules.loader: Loading modules: {}
2026-02-28 21:23:52 [DEBUG] urllib3.connectionpool: Starting new HTTPS connection (1): raw.githubusercontent.com:443
2026-02-28 21:23:52 [DEBUG] urllib3.connectionpool: https://raw.githubusercontent.com:443 "GET /DoNotWeb/modules/main/full.txt HTTP/1.1" 404 14
2026-02-28 21:23:52 [DEBUG] nexus.modules.loader: Can't load repo https://raw.githubusercontent.com/DoNotWeb/modules/main contents because of 404 status code
2026-02-28 21:23:52 [DEBUG] nexus.modules.loader: Modules: []
2026-02-28 21:23:52 [DEBUG] nexus._local_storage: Preloading modules from remote storage.
2026-02-28 21:23:52 [DEBUG] nexus.tl_cache: Saved hashable_entity nexus_talks to cache
2026-02-28 21:23:52 [DEBUG] nexus.tl_cache: Saved resolved_entity id 2850178142 to cache
2026-02-28 21:23:52 [DEBUG] nexus.tl_cache: Saved resolved_entity username @Nexus_Talks to cache
2026-02-28 21:23:52 [DEBUG] nexus.tl_cache: Saved hashable_entity nexus_talks to cache
2026-02-28 21:23:52 [DEBUG] nexus.tl_cache: Saved resolved_entity id 2850178142 to cache
2026-02-28 21:23:52 [DEBUG] nexus.tl_cache: Saved resolved_entity username @Nexus_Talks to cache
2026-02-28 21:23:53 [DEBUG] nexus.loader: Started loop for method <function NexusBackupMod.handler at 0x7f6b845a5a80>
2026-02-28 21:23:53 [DEBUG] nexus.loader: Added module <nexus.modules.nexus_backup.NexusBackupMod object at 0x7f6b846cba10> to method <nexus.loader.InfiniteLoop object at 0x7f6b844f8e90>
2026-02-28 21:23:53 [DEBUG] nexus.modules.test: Bot logging installed for -1003791363882
2026-02-28 21:23:53 [DEBUG] nexus.loader: Started loop for method <function TestMod.watchdog at 0x7f6b847c32e0>
2026-02-28 21:23:53 [DEBUG] nexus.loader: Added module <nexus.modules.test.TestMod object at 0x7f6b848cfe00> to method <nexus.loader.InfiniteLoop object at 0x7f6b848a6990>
2026-02-28 21:23:54 [ERROR] nexus.loader: Failed to send mod init complete signal for <nexus.modules.quickstart.Quickstart object at 0x7f6b848cecf0> due to Telegram server says - Bad Request: wrong type of the web page content, attempting unload
Traceback (most recent call last):
  File "/home/donotweb/Рабочий стол/Nexus/nexus/loader.py", line 1047, in send_ready_one
    await mod.client_ready()
  File "<core nexus.modules.quickstart>", line 40, in client_ready
    await self.request_join(
    ...<2 lines>...
    )
  File "/home/donotweb/Рабочий стол/Nexus/nexus/types.py", line 399, in request_join
    await self.inline.bot.send_photo(
    ...<26 lines>...
    )
  File "/var/data/python/lib/python3.13/site-packages/aiogram/client/bot.py", line 2920, in send_photo
    return await self(call, request_timeout=request_timeout)
           ^^^^^^^^^^^^^^^^^^^^^^^^^^^^^^^^^^^^^^^^^^^^^^^^^
  File "/var/data/python/lib/python3.13/site-packages/aiogram/client/bot.py", line 478, in __call__
    return await self.session(self, method, timeout=request_timeout)
           ^^^^^^^^^^^^^^^^^^^^^^^^^^^^^^^^^^^^^^^^^^^^^^^^^^^^^^^^^
  File "/var/data/python/lib/python3.13/site-packages/aiogram/client/session/base.py", line 254, in __call__
    return cast(TelegramType, await middleware(bot, method))
                              ^^^^^^^^^^^^^^^^^^^^^^^^^^^^^
  File "/var/data/python/lib/python3.13/site-packages/aiogram/client/session/aiohttp.py", line 185, in make_request
    response = self.check_response(
        bot=bot, method=method, status_code=resp.status, content=raw_result
    )
  File "/var/data/python/lib/python3.13/site-packages/aiogram/client/session/base.py", line 120, in check_response
    raise TelegramBadRequest(method=method, message=description)
aiogram.exceptions.TelegramBadRequest: Telegram server says - Bad Request: wrong type of the web page content
2026-02-28 21:23:54 [ERROR] nexus.loader: Failed to send mod init complete signal due to Telegram server says - Bad Request: wrong type of the web page content
Traceback (most recent call last):
  File "/home/donotweb/Рабочий стол/Nexus/nexus/loader.py", line 1014, in send_ready_one_wrapper
    await self.send_ready_one(*args, **kwargs)
  File "/home/donotweb/Рабочий стол/Nexus/nexus/loader.py", line 1047, in send_ready_one
    await mod.client_ready()
  File "<core nexus.modules.quickstart>", line 40, in client_ready
    await self.request_join(
    ...<2 lines>...
    )
  File "/home/donotweb/Рабочий стол/Nexus/nexus/types.py", line 399, in request_join
    await self.inline.bot.send_photo(
    ...<26 lines>...
    )
  File "/var/data/python/lib/python3.13/site-packages/aiogram/client/bot.py", line 2920, in send_photo
    return await self(call, request_timeout=request_timeout)
           ^^^^^^^^^^^^^^^^^^^^^^^^^^^^^^^^^^^^^^^^^^^^^^^^^
  File "/var/data/python/lib/python3.13/site-packages/aiogram/client/bot.py", line 478, in __call__
    return await self.session(self, method, timeout=request_timeout)
           ^^^^^^^^^^^^^^^^^^^^^^^^^^^^^^^^^^^^^^^^^^^^^^^^^^^^^^^^^
  File "/var/data/python/lib/python3.13/site-packages/aiogram/client/session/base.py", line 254, in __call__
    return cast(TelegramType, await middleware(bot, method))
                              ^^^^^^^^^^^^^^^^^^^^^^^^^^^^^
  File "/var/data/python/lib/python3.13/site-packages/aiogram/client/session/aiohttp.py", line 185, in make_request
    response = self.check_response(
        bot=bot, method=method, status_code=resp.status, content=raw_result
    )
  File "/var/data/python/lib/python3.13/site-packages/aiogram/client/session/base.py", line 120, in check_response
    raise TelegramBadRequest(method=method, message=description)
aiogram.exceptions.TelegramBadRequest: Telegram server says - Bad Request: wrong type of the web page content
2026-02-28 21:23:54 [ERROR] root: Badge error
Traceback (most recent call last):
  File "/home/donotweb/Рабочий стол/Nexus/nexus/main.py", line 907, in _badge
    repo = git.Repo()
  File "/var/data/python/lib/python3.13/site-packages/git/repo/base.py", line 224, in __init__
    self.working_dir: Optional[PathLike] = self._working_tree_dir or self.common_dir
                                                                     ^^^^^^^^^^^^^^^
  File "/var/data/python/lib/python3.13/site-packages/git/repo/base.py", line 307, in common_dir
    raise InvalidGitRepositoryError()
git.exc.InvalidGitRepositoryError
2026-02-28 21:24:21 [DEBUG] nexus.loader: Reloaded 91 commands, 0 inline handlers, 1 callback handlers and 2 watchers
2026-02-28 21:24:22 [DEBUG] nexus.modules.api_protection: Successfully installed ratelimiter
2026-02-28 21:24:51 [DEBUG] nexus.loader: Reloaded 91 commands, 0 inline handlers, 1 callback handlers and 2 watchers
2026-02-28 21:25:21 [DEBUG] nexus.loader: Reloaded 91 commands, 0 inline handlers, 1 callback handlers and 2 watchers
2026-02-28 21:25:51 [DEBUG] nexus.loader: Reloaded 91 commands, 0 inline handlers, 1 callback handlers and 2 watchers
2026-02-28 21:25:56 [DEBUG] root: Got DB
2026-02-28 21:25:56 [DEBUG] root: Loading logging config...
2026-02-28 21:25:56 [DEBUG] nexus.loader: Loading nexus.modules.translations from filesystem
2026-02-28 21:25:56 [DEBUG] nexus.loader: Loading nexus.modules.quickstart from filesystem
2026-02-28 21:25:56 [DEBUG] nexus.loader: Loading nexus.modules.terminal from filesystem
2026-02-28 21:25:56 [DEBUG] nexus.loader: Loading nexus.modules.presets from filesystem
2026-02-28 21:25:56 [DEBUG] nexus.loader: Loading nexus.modules.updater from filesystem
2026-02-28 21:25:56 [DEBUG] nexus.types: Config value was None, so it was reset to False
2026-02-28 21:25:56 [DEBUG] nexus.loader: Loading nexus.modules.test from filesystem
2026-02-28 21:25:56 [DEBUG] nexus.types: Config value was None, so it was reset to 
2026-02-28 21:25:57 [DEBUG] nexus.types: Config value was None, so it was reset to 
2026-02-28 21:25:57 [DEBUG] nexus.loader: Loading nexus.modules.nexus_config from filesystem
2026-02-28 21:25:57 [DEBUG] nexus.loader: Loading nexus.modules.help from filesystem
2026-02-28 21:25:57 [DEBUG] nexus.loader: Loading nexus.modules.settings from filesystem
2026-02-28 21:25:57 [DEBUG] nexus.loader: Loading nexus.modules.nexus_security from filesystem
2026-02-28 21:25:57 [DEBUG] nexus.loader: Loading nexus.modules.nexus_info from filesystem
2026-02-28 21:25:57 [DEBUG] nexus.loader: Loading nexus.modules.inline_stuff from filesystem
2026-02-28 21:25:57 [DEBUG] nexus.loader: Loading nexus.modules.api_protection from filesystem
2026-02-28 21:25:57 [DEBUG] nexus.loader: Loading nexus.modules.nexus_web from filesystem
2026-02-28 21:25:57 [DEBUG] nexus.loader: Loading nexus.modules.nexus_settings from filesystem
2026-02-28 21:25:57 [DEBUG] nexus.loader: Loading nexus.modules.translate from filesystem
2026-02-28 21:25:57 [DEBUG] nexus.loader: Loading nexus.modules.executor from filesystem
2026-02-28 21:25:57 [DEBUG] nexus.loader: Loading nexus.modules.loader from filesystem
2026-02-28 21:25:57 [DEBUG] nexus.types: Config value was None, so it was reset to False
2026-02-28 21:25:57 [DEBUG] nexus.loader: Loading nexus.modules.eval from filesystem
2026-02-28 21:25:57 [DEBUG] nexus.loader: Loading nexus.modules.nexus_backup from filesystem
2026-02-28 21:25:57 [DEBUG] nexus.types: Config value was None, so it was reset to False
2026-02-28 21:25:57 [DEBUG] nexus.types: Config value was None, so it was reset to 
2026-02-28 21:25:57 [DEBUG] nexus.types: Config value was None, so it was reset to 
2026-02-28 21:25:57 [DEBUG] nexus.types: Config value was None, so it was reset to False
2026-02-28 21:25:58 [ERROR] nexus.loader: Failed to send mod init complete signal for <nexus.modules.updater.UpdaterMod object at 0x7fa200498c20> due to Can't load due to repo init error, attempting unload
Traceback (most recent call last):
  File "<core nexus.modules.updater>", line 478, in client_ready
    git.Repo()
    ~~~~~~~~^^
  File "/var/data/python/lib/python3.13/site-packages/git/repo/base.py", line 224, in __init__
    self.working_dir: Optional[PathLike] = self._working_tree_dir or self.common_dir
                                                                     ^^^^^^^^^^^^^^^
  File "/var/data/python/lib/python3.13/site-packages/git/repo/base.py", line 307, in common_dir
    raise InvalidGitRepositoryError()
git.exc.InvalidGitRepositoryError

The above exception was the direct cause of the following exception:

Traceback (most recent call last):
  File "/home/donotweb/Рабочий стол/Nexus/nexus/loader.py", line 1047, in send_ready_one
    await mod.client_ready()
  File "<core nexus.modules.updater>", line 480, in client_ready
    raise loader.LoadError("Can't load due to repo init error") from e
nexus.types.LoadError: Can't load due to repo init error
2026-02-28 21:25:58 [ERROR] nexus.loader: Failed to send mod init complete signal due to Can't load due to repo init error
Traceback (most recent call last):
  File "<core nexus.modules.updater>", line 478, in client_ready
    git.Repo()
    ~~~~~~~~^^
  File "/var/data/python/lib/python3.13/site-packages/git/repo/base.py", line 224, in __init__
    self.working_dir: Optional[PathLike] = self._working_tree_dir or self.common_dir
                                                                     ^^^^^^^^^^^^^^^
  File "/var/data/python/lib/python3.13/site-packages/git/repo/base.py", line 307, in common_dir
    raise InvalidGitRepositoryError()
git.exc.InvalidGitRepositoryError

The above exception was the direct cause of the following exception:

Traceback (most recent call last):
  File "/home/donotweb/Рабочий стол/Nexus/nexus/loader.py", line 1014, in send_ready_one_wrapper
    await self.send_ready_one(*args, **kwargs)
  File "/home/donotweb/Рабочий стол/Nexus/nexus/loader.py", line 1047, in send_ready_one
    await mod.client_ready()
  File "<core nexus.modules.updater>", line 480, in client_ready
    raise loader.LoadError("Can't load due to repo init error") from e
nexus.types.LoadError: Can't load due to repo init error
2026-02-28 21:25:58 [DEBUG] nexus.modules.loader: Loading modules: {}
2026-02-28 21:25:58 [DEBUG] urllib3.connectionpool: Starting new HTTPS connection (1): raw.githubusercontent.com:443
2026-02-28 21:25:58 [DEBUG] nexus.tl_cache: Saved hashable_entity nexus_talks to cache
2026-02-28 21:25:58 [DEBUG] nexus.tl_cache: Saved resolved_entity id 2850178142 to cache
2026-02-28 21:25:58 [DEBUG] nexus.tl_cache: Saved resolved_entity username @Nexus_Talks to cache
2026-02-28 21:25:58 [DEBUG] urllib3.connectionpool: https://raw.githubusercontent.com:443 "GET /DoNotWeb/modules/main/full.txt HTTP/1.1" 404 14
2026-02-28 21:25:58 [DEBUG] nexus.modules.loader: Can't load repo https://raw.githubusercontent.com/DoNotWeb/modules/main contents because of 404 status code
2026-02-28 21:25:58 [DEBUG] nexus.modules.loader: Modules: []
2026-02-28 21:25:58 [DEBUG] nexus._local_storage: Preloading modules from remote storage.
2026-02-28 21:25:58 [DEBUG] nexus.tl_cache: Saved hashable_entity nexus_talks to cache
2026-02-28 21:25:58 [DEBUG] nexus.tl_cache: Saved resolved_entity id 2850178142 to cache
2026-02-28 21:25:58 [DEBUG] nexus.tl_cache: Saved resolved_entity username @Nexus_Talks to cache
2026-02-28 21:25:58 [ERROR] aiogram.dispatcher: Failed to fetch updates - TelegramConflictError: Telegram server says - Conflict: terminated by other getUpdates request; make sure that only one bot instance is running
2026-02-28 21:25:58 [WARNING] aiogram.dispatcher: Sleep for 1.000000 seconds and try again... (tryings = 0, bot id = 8400205359)
2026-02-28 21:25:59 [DEBUG] nexus.loader: Started loop for method <function NexusBackupMod.handler at 0x7fa2002819e0>
2026-02-28 21:25:59 [DEBUG] nexus.loader: Added module <nexus.modules.nexus_backup.NexusBackupMod object at 0x7fa200290c20> to method <nexus.loader.InfiniteLoop object at 0x7fa2001b8d60>
2026-02-28 21:25:59 [DEBUG] nexus.modules.test: Bot logging installed for -1003791363882
2026-02-28 21:25:59 [DEBUG] nexus.loader: Started loop for method <function TestMod.watchdog at 0x7fa20048b240>
2026-02-28 21:25:59 [DEBUG] nexus.loader: Added module <nexus.modules.test.TestMod object at 0x7fa200499010> to method <nexus.loader.InfiniteLoop object at 0x7fa20057a990>
2026-02-28 21:25:59 [ERROR] nexus.loader: Failed to send mod init complete signal for <nexus.modules.quickstart.Quickstart object at 0x7fa200687e00> due to Telegram server says - Bad Request: wrong type of the web page content, attempting unload
Traceback (most recent call last):
  File "/home/donotweb/Рабочий стол/Nexus/nexus/loader.py", line 1047, in send_ready_one
    await mod.client_ready()
  File "<core nexus.modules.quickstart>", line 40, in client_ready
    await self.request_join(
    ...<2 lines>...
    )
  File "/home/donotweb/Рабочий стол/Nexus/nexus/types.py", line 399, in request_join
    await self.inline.bot.send_photo(
    ...<26 lines>...
    )
  File "/var/data/python/lib/python3.13/site-packages/aiogram/client/bot.py", line 2920, in send_photo
    return await self(call, request_timeout=request_timeout)
           ^^^^^^^^^^^^^^^^^^^^^^^^^^^^^^^^^^^^^^^^^^^^^^^^^
  File "/var/data/python/lib/python3.13/site-packages/aiogram/client/bot.py", line 478, in __call__
    return await self.session(self, method, timeout=request_timeout)
           ^^^^^^^^^^^^^^^^^^^^^^^^^^^^^^^^^^^^^^^^^^^^^^^^^^^^^^^^^
  File "/var/data/python/lib/python3.13/site-packages/aiogram/client/session/base.py", line 254, in __call__
    return cast(TelegramType, await middleware(bot, method))
                              ^^^^^^^^^^^^^^^^^^^^^^^^^^^^^
  File "/var/data/python/lib/python3.13/site-packages/aiogram/client/session/aiohttp.py", line 185, in make_request
    response = self.check_response(
        bot=bot, method=method, status_code=resp.status, content=raw_result
    )
  File "/var/data/python/lib/python3.13/site-packages/aiogram/client/session/base.py", line 120, in check_response
    raise TelegramBadRequest(method=method, message=description)
aiogram.exceptions.TelegramBadRequest: Telegram server says - Bad Request: wrong type of the web page content
2026-02-28 21:25:59 [ERROR] nexus.loader: Failed to send mod init complete signal due to Telegram server says - Bad Request: wrong type of the web page content
Traceback (most recent call last):
  File "/home/donotweb/Рабочий стол/Nexus/nexus/loader.py", line 1014, in send_ready_one_wrapper
    await self.send_ready_one(*args, **kwargs)
  File "/home/donotweb/Рабочий стол/Nexus/nexus/loader.py", line 1047, in send_ready_one
    await mod.client_ready()
  File "<core nexus.modules.quickstart>", line 40, in client_ready
    await self.request_join(
    ...<2 lines>...
    )
  File "/home/donotweb/Рабочий стол/Nexus/nexus/types.py", line 399, in request_join
    await self.inline.bot.send_photo(
    ...<26 lines>...
    )
  File "/var/data/python/lib/python3.13/site-packages/aiogram/client/bot.py", line 2920, in send_photo
    return await self(call, request_timeout=request_timeout)
           ^^^^^^^^^^^^^^^^^^^^^^^^^^^^^^^^^^^^^^^^^^^^^^^^^
  File "/var/data/python/lib/python3.13/site-packages/aiogram/client/bot.py", line 478, in __call__
    return await self.session(self, method, timeout=request_timeout)
           ^^^^^^^^^^^^^^^^^^^^^^^^^^^^^^^^^^^^^^^^^^^^^^^^^^^^^^^^^
  File "/var/data/python/lib/python3.13/site-packages/aiogram/client/session/base.py", line 254, in __call__
    return cast(TelegramType, await middleware(bot, method))
                              ^^^^^^^^^^^^^^^^^^^^^^^^^^^^^
  File "/var/data/python/lib/python3.13/site-packages/aiogram/client/session/aiohttp.py", line 185, in make_request
    response = self.check_response(
        bot=bot, method=method, status_code=resp.status, content=raw_result
    )
  File "/var/data/python/lib/python3.13/site-packages/aiogram/client/session/base.py", line 120, in check_response
    raise TelegramBadRequest(method=method, message=description)
aiogram.exceptions.TelegramBadRequest: Telegram server says - Bad Request: wrong type of the web page content
2026-02-28 21:25:59 [ERROR] root: Badge error
Traceback (most recent call last):
  File "/home/donotweb/Рабочий стол/Nexus/nexus/main.py", line 907, in _badge
    repo = git.Repo()
  File "/var/data/python/lib/python3.13/site-packages/git/repo/base.py", line 224, in __init__
    self.working_dir: Optional[PathLike] = self._working_tree_dir or self.common_dir
                                                                     ^^^^^^^^^^^^^^^
  File "/var/data/python/lib/python3.13/site-packages/git/repo/base.py", line 307, in common_dir
    raise InvalidGitRepositoryError()
git.exc.InvalidGitRepositoryError
2026-02-28 21:26:03 [ERROR] aiogram.dispatcher: Failed to fetch updates - TelegramConflictError: Telegram server says - Conflict: terminated by other getUpdates request; make sure that only one bot instance is running
2026-02-28 21:26:03 [WARNING] aiogram.dispatcher: Sleep for 1.000000 seconds and try again... (tryings = 0, bot id = 8400205359)
2026-02-28 21:26:04 [ERROR] aiogram.dispatcher: Failed to fetch updates - TelegramConflictError: Telegram server says - Conflict: terminated by other getUpdates request; make sure that only one bot instance is running
2026-02-28 21:26:04 [WARNING] aiogram.dispatcher: Sleep for 1.537533 seconds and try again... (tryings = 1, bot id = 8400205359)
2026-02-28 21:26:08 [ERROR] aiogram.dispatcher: Failed to fetch updates - TelegramConflictError: Telegram server says - Conflict: terminated by other getUpdates request; make sure that only one bot instance is running
2026-02-28 21:26:08 [WARNING] aiogram.dispatcher: Sleep for 1.382901 seconds and try again... (tryings = 1, bot id = 8400205359)
2026-02-28 21:26:10 [ERROR] aiogram.dispatcher: Failed to fetch updates - TelegramConflictError: Telegram server says - Conflict: terminated by other getUpdates request; make sure that only one bot instance is running
2026-02-28 21:26:10 [WARNING] aiogram.dispatcher: Sleep for 2.032049 seconds and try again... (tryings = 2, bot id = 8400205359)
2026-02-28 21:26:15 [ERROR] aiogram.dispatcher: Failed to fetch updates - TelegramConflictError: Telegram server says - Conflict: terminated by other getUpdates request; make sure that only one bot instance is running
2026-02-28 21:26:15 [WARNING] aiogram.dispatcher: Sleep for 1.668799 seconds and try again... (tryings = 2, bot id = 8400205359)
2026-02-28 21:26:17 [ERROR] aiogram.dispatcher: Failed to fetch updates - TelegramConflictError: Telegram server says - Conflict: terminated by other getUpdates request; make sure that only one bot instance is running
2026-02-28 21:26:17 [WARNING] aiogram.dispatcher: Sleep for 2.738602 seconds and try again... (tryings = 3, bot id = 8400205359)
2026-02-28 21:26:21 [DEBUG] nexus.loader: Reloaded 91 commands, 0 inline handlers, 1 callback handlers and 2 watchers
2026-02-28 21:26:23 [ERROR] aiogram.dispatcher: Failed to fetch updates - TelegramConflictError: Telegram server says - Conflict: terminated by other getUpdates request; make sure that only one bot instance is running
2026-02-28 21:26:23 [WARNING] aiogram.dispatcher: Sleep for 2.179129 seconds and try again... (tryings = 3, bot id = 8400205359)
2026-02-28 21:26:25 [ERROR] aiogram.dispatcher: Failed to fetch updates - TelegramConflictError: Telegram server says - Conflict: terminated by other getUpdates request; make sure that only one bot instance is running
2026-02-28 21:26:25 [WARNING] aiogram.dispatcher: Sleep for 3.340451 seconds and try again... (tryings = 4, bot id = 8400205359)
2026-02-28 21:26:27 [DEBUG] nexus.loader: Reloaded 91 commands, 0 inline handlers, 1 callback handlers and 2 watchers
2026-02-28 21:26:28 [DEBUG] nexus.modules.api_protection: Successfully installed ratelimiter
2026-02-28 21:26:28 [ERROR] aiogram.dispatcher: Failed to fetch updates - TelegramConflictError: Telegram server says - Conflict: terminated by other getUpdates request; make sure that only one bot instance is running
2026-02-28 21:26:28 [WARNING] aiogram.dispatcher: Sleep for 3.035450 seconds and try again... (tryings = 4, bot id = 8400205359)
2026-02-28 21:26:32 [ERROR] aiogram.dispatcher: Failed to fetch updates - TelegramConflictError: Telegram server says - Conflict: terminated by other getUpdates request; make sure that only one bot instance is running
2026-02-28 21:26:32 [WARNING] aiogram.dispatcher: Sleep for 4.331205 seconds and try again... (tryings = 5, bot id = 8400205359)
2026-02-28 21:26:36 [ERROR] aiogram.dispatcher: Failed to fetch updates - TelegramConflictError: Telegram server says - Conflict: terminated by other getUpdates request; make sure that only one bot instance is running
2026-02-28 21:26:36 [WARNING] aiogram.dispatcher: Sleep for 3.898496 seconds and try again... (tryings = 5, bot id = 8400205359)
2026-02-28 21:26:40 [ERROR] aiogram.dispatcher: Failed to fetch updates - TelegramConflictError: Telegram server says - Conflict: terminated by other getUpdates request; make sure that only one bot instance is running
2026-02-28 21:26:40 [WARNING] aiogram.dispatcher: Sleep for 5.038018 seconds and try again... (tryings = 6, bot id = 8400205359)
2026-02-28 21:26:46 [ERROR] aiogram.dispatcher: Failed to fetch updates - TelegramConflictError: Telegram server says - Conflict: terminated by other getUpdates request; make sure that only one bot instance is running
2026-02-28 21:26:46 [WARNING] aiogram.dispatcher: Sleep for 4.947734 seconds and try again... (tryings = 6, bot id = 8400205359)
2026-02-28 21:26:53 [ERROR] aiogram.dispatcher: Failed to fetch updates - TelegramConflictError: Telegram server says - Conflict: terminated by other getUpdates request; make sure that only one bot instance is running
2026-02-28 21:26:53 [WARNING] aiogram.dispatcher: Sleep for 5.016059 seconds and try again... (tryings = 7, bot id = 8400205359)
2026-02-28 21:26:53 [DEBUG] nexus.loader: Reloaded 91 commands, 0 inline handlers, 1 callback handlers and 2 watchers
2026-02-28 21:26:57 [DEBUG] nexus.loader: Reloaded 91 commands, 0 inline handlers, 1 callback handlers and 2 watchers
2026-02-28 21:26:59 [ERROR] aiogram.dispatcher: Failed to fetch updates - TelegramConflictError: Telegram server says - Conflict: terminated by other getUpdates request; make sure that only one bot instance is running
2026-02-28 21:26:59 [WARNING] aiogram.dispatcher: Sleep for 4.945046 seconds and try again... (tryings = 7, bot id = 8400205359)
2026-02-28 21:27:04 [ERROR] aiogram.dispatcher: Failed to fetch updates - TelegramConflictError: Telegram server says - Conflict: terminated by other getUpdates request; make sure that only one bot instance is running
2026-02-28 21:27:04 [WARNING] aiogram.dispatcher: Sleep for 5.054179 seconds and try again... (tryings = 8, bot id = 8400205359)
2026-02-28 21:27:09 [ERROR] aiogram.dispatcher: Failed to fetch updates - TelegramConflictError: Telegram server says - Conflict: terminated by other getUpdates request; make sure that only one bot instance is running
2026-02-28 21:27:09 [WARNING] aiogram.dispatcher: Sleep for 5.184572 seconds and try again... (tryings = 8, bot id = 8400205359)
2026-02-28 21:27:16 [ERROR] aiogram.dispatcher: Failed to fetch updates - TelegramConflictError: Telegram server says - Conflict: terminated by other getUpdates request; make sure that only one bot instance is running
2026-02-28 21:27:16 [WARNING] aiogram.dispatcher: Sleep for 1.000000 seconds and try again... (tryings = 0, bot id = 8400205359)
2026-02-28 21:27:20 [ERROR] aiogram.dispatcher: Failed to fetch updates - TelegramConflictError: Telegram server says - Conflict: terminated by other getUpdates request; make sure that only one bot instance is running
2026-02-28 21:27:20 [WARNING] aiogram.dispatcher: Sleep for 4.892722 seconds and try again... (tryings = 9, bot id = 8400205359)
2026-02-28 21:27:23 [DEBUG] nexus.loader: Reloaded 91 commands, 0 inline handlers, 1 callback handlers and 2 watchers
2026-02-28 21:27:24 [DEBUG] nexus.inline.utils: Found caller: <function NexusConfigMod.inline__choose_category at 0x7f6b847ce7a0>
2026-02-28 21:27:25 [ERROR] aiogram.dispatcher: Failed to fetch updates - TelegramConflictError: Telegram server says - Conflict: terminated by other getUpdates request; make sure that only one bot instance is running
2026-02-28 21:27:25 [WARNING] aiogram.dispatcher: Sleep for 1.000000 seconds and try again... (tryings = 0, bot id = 8400205359)
2026-02-28 21:27:27 [DEBUG] nexus.loader: Reloaded 91 commands, 0 inline handlers, 1 callback handlers and 2 watchers
2026-02-28 21:27:29 [ERROR] aiogram.dispatcher: Failed to fetch updates - TelegramConflictError: Telegram server says - Conflict: terminated by other getUpdates request; make sure that only one bot instance is running
2026-02-28 21:27:29 [WARNING] aiogram.dispatcher: Sleep for 1.000000 seconds and try again... (tryings = 0, bot id = 8400205359)
2026-02-28 21:27:30 [ERROR] aiogram.dispatcher: Failed to fetch updates - TelegramConflictError: Telegram server says - Conflict: terminated by other getUpdates request; make sure that only one bot instance is running
2026-02-28 21:27:30 [WARNING] aiogram.dispatcher: Sleep for 1.000000 seconds and try again... (tryings = 0, bot id = 8400205359)
2026-02-28 21:27:35 [ERROR] aiogram.dispatcher: Failed to fetch updates - TelegramConflictError: Telegram server says - Conflict: terminated by other getUpdates request; make sure that only one bot instance is running
2026-02-28 21:27:35 [WARNING] aiogram.dispatcher: Sleep for 1.276178 seconds and try again... (tryings = 1, bot id = 8400205359)
2026-02-28 21:27:36 [ERROR] aiogram.dispatcher: Failed to fetch updates - TelegramConflictError: Telegram server says - Conflict: terminated by other getUpdates request; make sure that only one bot instance is running
2026-02-28 21:27:36 [WARNING] aiogram.dispatcher: Sleep for 1.000000 seconds and try again... (tryings = 0, bot id = 8400205359)
2026-02-28 21:27:40 [ERROR] aiogram.dispatcher: Failed to fetch updates - TelegramConflictError: Telegram server says - Conflict: terminated by other getUpdates request; make sure that only one bot instance is running
2026-02-28 21:27:40 [WARNING] aiogram.dispatcher: Sleep for 1.000000 seconds and try again... (tryings = 0, bot id = 8400205359)
2026-02-28 21:27:42 [ERROR] aiogram.dispatcher: Failed to fetch updates - TelegramConflictError: Telegram server says - Conflict: terminated by other getUpdates request; make sure that only one bot instance is running
2026-02-28 21:27:42 [WARNING] aiogram.dispatcher: Sleep for 1.145475 seconds and try again... (tryings = 1, bot id = 8400205359)
2026-02-28 21:27:45 [ERROR] nexus.dispatcher: Command failed
Traceback (most recent call last):
  File "/home/donotweb/Рабочий стол/Nexus/nexus/dispatcher.py", line 710, in future_dispatcher
    ):
    
  File "<core nexus.modules.settings>", line 123, in nexuscmd
    await utils.answer(
    ...<18 lines>...
    )
  File "/home/donotweb/Рабочий стол/Nexus/nexus/utils.py", line 613, in answer
    result = await (message.edit if edit else message.respond)(
             ^^^^^^^^^^^^^^^^^^^^^^^^^^^^^^^^^^^^^^^^^^^^^^^^^^
    ...<3 lines>...
    )
    ^
  File "/var/data/python/lib/python3.13/site-packages/herokutl/tl/custom/message.py", line 888, in edit
    return await self._client.edit_message(
           ^^^^^^^^^^^^^^^^^^^^^^^^^^^^^^^^
    ...<2 lines>...
    )
    ^
  File "/var/data/python/lib/python3.13/site-packages/herokutl/client/messages.py", line 1269, in edit_message
    msg = self._get_response_message(request, await self(request), entity)
                                              ^^^^^^^^^^^^^^^^^^^
  File "/var/data/python/lib/python3.13/site-packages/herokutl/client/users.py", line 30, in __call__
    return await self._call(self._sender, request, ordered=ordered)
           ^^^^^^^^^^^^^^^^^^^^^^^^^^^^^^^^^^^^^^^^^^^^^^^^^^^^^^^^
  File "<core nexus.modules.api_protection>", line 203, in new_call
    return await old_call(sender, request, ordered, flood_sleep_threshold)
           ^^^^^^^^^^^^^^^^^^^^^^^^^^^^^^^^^^^^^^^^^^^^^^^^^^^^^^^^^^^^^^^
  File "/home/donotweb/Рабочий стол/Nexus/nexus/tl_cache.py", line 722, in _call
    return await super()._call(
           ^^^^^^^^^^^^^^^^^^^^
    ...<4 lines>...
    )
    ^
  File "/var/data/python/lib/python3.13/site-packages/herokutl/client/users.py", line 92, in _call
    result = await future
             ^^^^^^^^^^^^
herokutl.errors.rpcerrorlist.WebpageCurlFailedError: Failure while fetching the webpage with cURL (caused by EditMessageRequest)
2026-02-28 21:27:46 [ERROR] aiogram.dispatcher: Failed to fetch updates - TelegramConflictError: Telegram server says - Conflict: terminated by other getUpdates request; make sure that only one bot instance is running
2026-02-28 21:27:46 [WARNING] aiogram.dispatcher: Sleep for 1.000000 seconds and try again... (tryings = 0, bot id = 8400205359)
2026-02-28 21:27:48 [ERROR] aiogram.dispatcher: Failed to fetch updates - TelegramConflictError: Telegram server says - Conflict: terminated by other getUpdates request; make sure that only one bot instance is running
2026-02-28 21:27:48 [WARNING] aiogram.dispatcher: Sleep for 1.000000 seconds and try again... (tryings = 0, bot id = 8400205359)
2026-02-28 21:27:52 [ERROR] aiogram.dispatcher: Failed to fetch updates - TelegramConflictError: Telegram server says - Conflict: terminated by other getUpdates request; make sure that only one bot instance is running
2026-02-28 21:27:52 [WARNING] aiogram.dispatcher: Sleep for 1.249406 seconds and try again... (tryings = 1, bot id = 8400205359)
2026-02-28 21:27:54 [DEBUG] nexus.loader: Reloaded 91 commands, 0 inline handlers, 1 callback handlers and 2 watchers
2026-02-28 21:27:54 [ERROR] aiogram.dispatcher: Failed to fetch updates - TelegramConflictError: Telegram server says - Conflict: terminated by other getUpdates request; make sure that only one bot instance is running
2026-02-28 21:27:54 [WARNING] aiogram.dispatcher: Sleep for 1.385193 seconds and try again... (tryings = 1, bot id = 8400205359)
2026-02-28 21:28:00 [ERROR] aiogram.dispatcher: Failed to fetch updates - TelegramConflictError: Telegram server says - Conflict: terminated by other getUpdates request; make sure that only one bot instance is running
2026-02-28 21:28:00 [WARNING] aiogram.dispatcher: Sleep for 1.593333 seconds and try again... (tryings = 2, bot id = 8400205359)
2026-02-28 21:28:00 [DEBUG] nexus.loader: Reloaded 91 commands, 0 inline handlers, 1 callback handlers and 2 watchers
2026-02-28 21:28:00 [ERROR] nexus.dispatcher: Command failed
Traceback (most recent call last):
  File "/home/donotweb/Рабочий стол/Nexus/nexus/dispatcher.py", line 710, in future_dispatcher
    ):
    
  File "<core nexus.modules.nexus_info>", line 320, in infocmd
    await utils.answer(
    ...<4 lines>...
    )
  File "/home/donotweb/Рабочий стол/Nexus/nexus/utils.py", line 613, in answer
    result = await (message.edit if edit else message.respond)(
             ^^^^^^^^^^^^^^^^^^^^^^^^^^^^^^^^^^^^^^^^^^^^^^^^^^
    ...<3 lines>...
    )
    ^
  File "/var/data/python/lib/python3.13/site-packages/herokutl/tl/custom/message.py", line 888, in edit
    return await self._client.edit_message(
           ^^^^^^^^^^^^^^^^^^^^^^^^^^^^^^^^
    ...<2 lines>...
    )
    ^
  File "/var/data/python/lib/python3.13/site-packages/herokutl/client/messages.py", line 1269, in edit_message
    msg = self._get_response_message(request, await self(request), entity)
                                              ^^^^^^^^^^^^^^^^^^^
  File "/var/data/python/lib/python3.13/site-packages/herokutl/client/users.py", line 30, in __call__
    return await self._call(self._sender, request, ordered=ordered)
           ^^^^^^^^^^^^^^^^^^^^^^^^^^^^^^^^^^^^^^^^^^^^^^^^^^^^^^^^
  File "<core nexus.modules.api_protection>", line 203, in new_call
    return await old_call(sender, request, ordered, flood_sleep_threshold)
           ^^^^^^^^^^^^^^^^^^^^^^^^^^^^^^^^^^^^^^^^^^^^^^^^^^^^^^^^^^^^^^^
  File "/home/donotweb/Рабочий стол/Nexus/nexus/tl_cache.py", line 722, in _call
    return await super()._call(
           ^^^^^^^^^^^^^^^^^^^^
    ...<4 lines>...
    )
    ^
  File "/var/data/python/lib/python3.13/site-packages/herokutl/client/users.py", line 92, in _call
    result = await future
             ^^^^^^^^^^^^
herokutl.errors.rpcerrorlist.WebpageCurlFailedError: Failure while fetching the webpage with cURL (caused by EditMessageRequest)
2026-02-28 21:28:02 [ERROR] aiogram.dispatcher: Failed to fetch updates - TelegramConflictError: Telegram server says - Conflict: terminated by other getUpdates request; make sure that only one bot instance is running
2026-02-28 21:28:02 [WARNING] aiogram.dispatcher: Sleep for 1.000000 seconds and try again... (tryings = 0, bot id = 8400205359)
2026-02-28 21:28:06 [ERROR] aiogram.dispatcher: Failed to fetch updates - TelegramConflictError: Telegram server says - Conflict: terminated by other getUpdates request; make sure that only one bot instance is running
2026-02-28 21:28:06 [WARNING] aiogram.dispatcher: Sleep for 2.173519 seconds and try again... (tryings = 3, bot id = 8400205359)
2026-02-28 21:28:09 [ERROR] aiogram.dispatcher: Failed to fetch updates - TelegramConflictError: Telegram server says - Conflict: terminated by other getUpdates request; make sure that only one bot instance is running
2026-02-28 21:28:09 [WARNING] aiogram.dispatcher: Sleep for 1.398442 seconds and try again... (tryings = 1, bot id = 8400205359)
2026-02-28 21:28:13 [ERROR] aiogram.dispatcher: Failed to fetch updates - TelegramConflictError: Telegram server says - Conflict: terminated by other getUpdates request; make sure that only one bot instance is running
2026-02-28 21:28:13 [WARNING] aiogram.dispatcher: Sleep for 2.715905 seconds and try again... (tryings = 4, bot id = 8400205359)
2026-02-28 21:28:16 [ERROR] aiogram.dispatcher: Failed to fetch updates - TelegramConflictError: Telegram server says - Conflict: terminated by other getUpdates request; make sure that only one bot instance is running
2026-02-28 21:28:16 [WARNING] aiogram.dispatcher: Sleep for 1.777109 seconds and try again... (tryings = 2, bot id = 8400205359)
2026-02-28 21:28:21 [ERROR] aiogram.dispatcher: Failed to fetch updates - TelegramConflictError: Telegram server says - Conflict: terminated by other getUpdates request; make sure that only one bot instance is running
2026-02-28 21:28:21 [WARNING] aiogram.dispatcher: Sleep for 3.385055 seconds and try again... (tryings = 5, bot id = 8400205359)
2026-02-28 21:28:24 [DEBUG] nexus.loader: Reloaded 91 commands, 0 inline handlers, 1 callback handlers and 2 watchers
2026-02-28 21:28:24 [ERROR] aiogram.dispatcher: Failed to fetch updates - TelegramConflictError: Telegram server says - Conflict: terminated by other getUpdates request; make sure that only one bot instance is running
2026-02-28 21:28:24 [WARNING] aiogram.dispatcher: Sleep for 1.000000 seconds and try again... (tryings = 0, bot id = 8400205359)
2026-02-28 21:28:29 [ERROR] aiogram.dispatcher: Failed to fetch updates - TelegramConflictError: Telegram server says - Conflict: terminated by other getUpdates request; make sure that only one bot instance is running
2026-02-28 21:28:29 [WARNING] aiogram.dispatcher: Sleep for 4.408364 seconds and try again... (tryings = 6, bot id = 8400205359)
2026-02-28 21:28:30 [DEBUG] nexus.loader: Reloaded 91 commands, 0 inline handlers, 1 callback handlers and 2 watchers
2026-02-28 21:28:34 [ERROR] aiogram.dispatcher: Failed to fetch updates - TelegramConflictError: Telegram server says - Conflict: terminated by other getUpdates request; make sure that only one bot instance is running
2026-02-28 21:28:34 [WARNING] aiogram.dispatcher: Sleep for 1.261213 seconds and try again... (tryings = 1, bot id = 8400205359)
2026-02-28 21:28:39 [ERROR] aiogram.dispatcher: Failed to fetch updates - TelegramConflictError: Telegram server says - Conflict: terminated by other getUpdates request; make sure that only one bot instance is running
2026-02-28 21:28:39 [WARNING] aiogram.dispatcher: Sleep for 5.158350 seconds and try again... (tryings = 7, bot id = 8400205359)
2026-02-28 21:28:44 [ERROR] aiogram.dispatcher: Failed to fetch updates - TelegramConflictError: Telegram server says - Conflict: terminated by other getUpdates request; make sure that only one bot instance is running
2026-02-28 21:28:44 [WARNING] aiogram.dispatcher: Sleep for 1.624540 seconds and try again... (tryings = 2, bot id = 8400205359)
2026-02-28 21:28:49 [ERROR] aiogram.dispatcher: Failed to fetch updates - TelegramConflictError: Telegram server says - Conflict: terminated by other getUpdates request; make sure that only one bot instance is running
2026-02-28 21:28:49 [WARNING] aiogram.dispatcher: Sleep for 5.026831 seconds and try again... (tryings = 8, bot id = 8400205359)
2026-02-28 21:28:54 [DEBUG] nexus.loader: Reloaded 91 commands, 0 inline handlers, 1 callback handlers and 2 watchers
2026-02-28 21:28:54 [ERROR] aiogram.dispatcher: Failed to fetch updates - TelegramConflictError: Telegram server says - Conflict: terminated by other getUpdates request; make sure that only one bot instance is running
2026-02-28 21:28:54 [WARNING] aiogram.dispatcher: Sleep for 2.269934 seconds and try again... (tryings = 3, bot id = 8400205359)
2026-02-28 21:29:00 [DEBUG] nexus.loader: Reloaded 91 commands, 0 inline handlers, 1 callback handlers and 2 watchers
2026-02-28 21:29:00 [ERROR] aiogram.dispatcher: Failed to fetch updates - TelegramConflictError: Telegram server says - Conflict: terminated by other getUpdates request; make sure that only one bot instance is running
2026-02-28 21:29:00 [WARNING] aiogram.dispatcher: Sleep for 4.970285 seconds and try again... (tryings = 9, bot id = 8400205359)
2026-02-28 21:29:05 [ERROR] aiogram.dispatcher: Failed to fetch updates - TelegramConflictError: Telegram server says - Conflict: terminated by other getUpdates request; make sure that only one bot instance is running
2026-02-28 21:29:05 [WARNING] aiogram.dispatcher: Sleep for 2.856089 seconds and try again... (tryings = 4, bot id = 8400205359)
2026-02-28 21:29:11 [DEBUG] nexus.inline.utils: Found caller: <function NexusConfigMod.inline__choose_category at 0x7f6b847ce7a0>
2026-02-28 21:29:11 [ERROR] aiogram.dispatcher: Failed to fetch updates - TelegramConflictError: Telegram server says - Conflict: terminated by other getUpdates request; make sure that only one bot instance is running
2026-02-28 21:29:11 [WARNING] aiogram.dispatcher: Sleep for 1.000000 seconds and try again... (tryings = 0, bot id = 8400205359)
2026-02-28 21:29:13 [ERROR] aiogram.dispatcher: Failed to fetch updates - TelegramConflictError: Telegram server says - Conflict: terminated by other getUpdates request; make sure that only one bot instance is running
2026-02-28 21:29:13 [WARNING] aiogram.dispatcher: Sleep for 1.000000 seconds and try again... (tryings = 0, bot id = 8400205359)
2026-02-28 21:29:17 [ERROR] aiogram.dispatcher: Failed to fetch updates - TelegramConflictError: Telegram server says - Conflict: terminated by other getUpdates request; make sure that only one bot instance is running
2026-02-28 21:29:17 [WARNING] aiogram.dispatcher: Sleep for 1.000000 seconds and try again... (tryings = 0, bot id = 8400205359)
2026-02-28 21:29:19 [ERROR] aiogram.dispatcher: Failed to fetch updates - TelegramConflictError: Telegram server says - Conflict: terminated by other getUpdates request; make sure that only one bot instance is running
2026-02-28 21:29:19 [WARNING] aiogram.dispatcher: Sleep for 1.199164 seconds and try again... (tryings = 1, bot id = 8400205359)
2026-02-28 21:29:23 [ERROR] aiogram.dispatcher: Failed to fetch updates - TelegramConflictError: Telegram server says - Conflict: terminated by other getUpdates request; make sure that only one bot instance is running
2026-02-28 21:29:23 [WARNING] aiogram.dispatcher: Sleep for 1.260481 seconds and try again... (tryings = 1, bot id = 8400205359)
2026-02-28 21:29:24 [DEBUG] nexus.loader: Reloaded 91 commands, 0 inline handlers, 1 callback handlers and 2 watchers
2026-02-28 21:29:25 [ERROR] aiogram.dispatcher: Failed to fetch updates - TelegramConflictError: Telegram server says - Conflict: terminated by other getUpdates request; make sure that only one bot instance is running
2026-02-28 21:29:25 [WARNING] aiogram.dispatcher: Sleep for 1.000000 seconds and try again... (tryings = 0, bot id = 8400205359)
2026-02-28 21:29:29 [ERROR] aiogram.dispatcher: Failed to fetch updates - TelegramConflictError: Telegram server says - Conflict: terminated by other getUpdates request; make sure that only one bot instance is running
2026-02-28 21:29:29 [WARNING] aiogram.dispatcher: Sleep for 1.498447 seconds and try again... (tryings = 2, bot id = 8400205359)
2026-02-28 21:29:30 [DEBUG] nexus.loader: Reloaded 91 commands, 0 inline handlers, 1 callback handlers and 2 watchers
2026-02-28 21:29:31 [ERROR] aiogram.dispatcher: Failed to fetch updates - TelegramConflictError: Telegram server says - Conflict: terminated by other getUpdates request; make sure that only one bot instance is running
2026-02-28 21:29:31 [WARNING] aiogram.dispatcher: Sleep for 1.000000 seconds and try again... (tryings = 0, bot id = 8400205359)
2026-02-28 21:29:35 [ERROR] aiogram.dispatcher: Failed to fetch updates - TelegramConflictError: Telegram server says - Conflict: terminated by other getUpdates request; make sure that only one bot instance is running
2026-02-28 21:29:35 [WARNING] aiogram.dispatcher: Sleep for 1.000000 seconds and try again... (tryings = 0, bot id = 8400205359)
2026-02-28 21:29:36 [ERROR] aiogram.dispatcher: Failed to fetch updates - TelegramConflictError: Telegram server says - Conflict: terminated by other getUpdates request; make sure that only one bot instance is running
2026-02-28 21:29:36 [WARNING] aiogram.dispatcher: Sleep for 1.000000 seconds and try again... (tryings = 0, bot id = 8400205359)
2026-02-28 21:29:41 [ERROR] aiogram.dispatcher: Failed to fetch updates - TelegramConflictError: Telegram server says - Conflict: terminated by other getUpdates request; make sure that only one bot instance is running
2026-02-28 21:29:41 [WARNING] aiogram.dispatcher: Sleep for 1.000000 seconds and try again... (tryings = 0, bot id = 8400205359)
2026-02-28 21:29:42 [ERROR] aiogram.dispatcher: Failed to fetch updates - TelegramConflictError: Telegram server says - Conflict: terminated by other getUpdates request; make sure that only one bot instance is running
2026-02-28 21:29:42 [WARNING] aiogram.dispatcher: Sleep for 1.202483 seconds and try again... (tryings = 1, bot id = 8400205359)
2026-02-28 21:29:47 [ERROR] nexus.inline.events: Error on running callback watcher!
Traceback (most recent call last):
  File "/home/donotweb/Рабочий стол/Nexus/nexus/inline/events.py", line 291, in _callback_query_handler
    result = await button["callback"](
             ^^^^^^^^^^^^^^^^^^^^^^^^^
    ...<7 lines>...
    )
    ^
  File "/home/donotweb/Рабочий стол/Nexus/nexus/inline/utils.py", line 260, in _close_unit_handler
    return await self._client.delete_messages(
           ^^^^^^^^^^^^^^^^^^^^^^^^^^^^^^^^^^^
    ...<2 lines>...
    )
    ^
  File "/var/data/python/lib/python3.13/site-packages/herokutl/client/messages.py", line 1343, in delete_messages
    list(c), revoke) for c in utils.chunks(message_ids)])
                              ~~~~~~~~~~~~^^^^^^^^^^^^^
  File "/var/data/python/lib/python3.13/site-packages/herokutl/utils.py", line 81, in chunks
    for head in it:
                ^^
  File "/var/data/python/lib/python3.13/site-packages/herokutl/client/messages.py", line 1328, in <genexpr>
    else int(m) for m in message_ids
         ~~~^^^
TypeError: int() argument must be a string, a bytes-like object or a real number, not 'NoneType'
2026-02-28 21:29:48 [ERROR] nexus.inline.events: Error on running callback watcher!
Traceback (most recent call last):
  File "/home/donotweb/Рабочий стол/Nexus/nexus/inline/events.py", line 291, in _callback_query_handler
    result = await button["callback"](
             ^^^^^^^^^^^^^^^^^^^^^^^^^
    ...<7 lines>...
    )
    ^
  File "/home/donotweb/Рабочий стол/Nexus/nexus/inline/utils.py", line 260, in _close_unit_handler
    return await self._client.delete_messages(
           ^^^^^^^^^^^^^^^^^^^^^^^^^^^^^^^^^^^
    ...<2 lines>...
    )
    ^
  File "/var/data/python/lib/python3.13/site-packages/herokutl/client/messages.py", line 1343, in delete_messages
    list(c), revoke) for c in utils.chunks(message_ids)])
                              ~~~~~~~~~~~~^^^^^^^^^^^^^
  File "/var/data/python/lib/python3.13/site-packages/herokutl/utils.py", line 81, in chunks
    for head in it:
                ^^
  File "/var/data/python/lib/python3.13/site-packages/herokutl/client/messages.py", line 1328, in <genexpr>
    else int(m) for m in message_ids
         ~~~^^^
TypeError: int() argument must be a string, a bytes-like object or a real number, not 'NoneType'
2026-02-28 21:29:48 [ERROR] aiogram.dispatcher: Failed to fetch updates - TelegramConflictError: Telegram server says - Conflict: terminated by other getUpdates request; make sure that only one bot instance is running
2026-02-28 21:29:48 [WARNING] aiogram.dispatcher: Sleep for 1.455395 seconds and try again... (tryings = 1, bot id = 8400205359)
2026-02-28 21:29:50 [ERROR] aiogram.dispatcher: Failed to fetch updates - TelegramConflictError: Telegram server says - Conflict: terminated by other getUpdates request; make sure that only one bot instance is running
2026-02-28 21:29:50 [WARNING] aiogram.dispatcher: Sleep for 1.000000 seconds and try again... (tryings = 0, bot id = 8400205359)
2026-02-28 21:29:54 [DEBUG] nexus.loader: Reloaded 91 commands, 0 inline handlers, 1 callback handlers and 2 watchers
2026-02-28 21:29:54 [ERROR] aiogram.dispatcher: Failed to fetch updates - TelegramConflictError: Telegram server says - Conflict: terminated by other getUpdates request; make sure that only one bot instance is running
2026-02-28 21:29:54 [WARNING] aiogram.dispatcher: Sleep for 1.854472 seconds and try again... (tryings = 2, bot id = 8400205359)
2026-02-28 21:29:56 [ERROR] aiogram.dispatcher: Failed to fetch updates - TelegramConflictError: Telegram server says - Conflict: terminated by other getUpdates request; make sure that only one bot instance is running
2026-02-28 21:29:56 [WARNING] aiogram.dispatcher: Sleep for 1.519718 seconds and try again... (tryings = 1, bot id = 8400205359)
2026-02-28 21:30:00 [DEBUG] nexus.loader: Reloaded 91 commands, 0 inline handlers, 1 callback handlers and 2 watchers
2026-02-28 21:30:01 [ERROR] aiogram.dispatcher: Failed to fetch updates - TelegramConflictError: Telegram server says - Conflict: terminated by other getUpdates request; make sure that only one bot instance is running
2026-02-28 21:30:01 [WARNING] aiogram.dispatcher: Sleep for 2.433768 seconds and try again... (tryings = 3, bot id = 8400205359)
2026-02-28 21:30:04 [ERROR] aiogram.dispatcher: Failed to fetch updates - TelegramConflictError: Telegram server says - Conflict: terminated by other getUpdates request; make sure that only one bot instance is running
2026-02-28 21:30:04 [WARNING] aiogram.dispatcher: Sleep for 2.039517 seconds and try again... (tryings = 2, bot id = 8400205359)
2026-02-28 21:30:09 [ERROR] aiogram.dispatcher: Failed to fetch updates - TelegramConflictError: Telegram server says - Conflict: terminated by other getUpdates request; make sure that only one bot instance is running
2026-02-28 21:30:09 [WARNING] aiogram.dispatcher: Sleep for 3.147673 seconds and try again... (tryings = 4, bot id = 8400205359)
2026-02-28 21:30:13 [ERROR] aiogram.dispatcher: Failed to fetch updates - TelegramConflictError: Telegram server says - Conflict: terminated by other getUpdates request; make sure that only one bot instance is running
2026-02-28 21:30:13 [WARNING] aiogram.dispatcher: Sleep for 2.517526 seconds and try again... (tryings = 3, bot id = 8400205359)
2026-02-28 21:30:19 [ERROR] aiogram.dispatcher: Failed to fetch updates - TelegramConflictError: Telegram server says - Conflict: terminated by other getUpdates request; make sure that only one bot instance is running
2026-02-28 21:30:19 [WARNING] aiogram.dispatcher: Sleep for 4.164845 seconds and try again... (tryings = 5, bot id = 8400205359)
2026-02-28 21:30:23 [ERROR] aiogram.dispatcher: Failed to fetch updates - TelegramConflictError: Telegram server says - Conflict: terminated by other getUpdates request; make sure that only one bot instance is running
2026-02-28 21:30:23 [WARNING] aiogram.dispatcher: Sleep for 3.161013 seconds and try again... (tryings = 4, bot id = 8400205359)
2026-02-28 21:30:24 [DEBUG] nexus.loader: Reloaded 91 commands, 0 inline handlers, 1 callback handlers and 2 watchers
2026-02-28 21:30:27 [ERROR] aiogram.dispatcher: Failed to fetch updates - TelegramConflictError: Telegram server says - Conflict: terminated by other getUpdates request; make sure that only one bot instance is running
2026-02-28 21:30:27 [WARNING] aiogram.dispatcher: Sleep for 4.858019 seconds and try again... (tryings = 6, bot id = 8400205359)
2026-02-28 21:30:30 [DEBUG] nexus.loader: Reloaded 91 commands, 0 inline handlers, 1 callback handlers and 2 watchers
2026-02-28 21:30:32 [ERROR] aiogram.dispatcher: Failed to fetch updates - TelegramConflictError: Telegram server says - Conflict: terminated by other getUpdates request; make sure that only one bot instance is running
2026-02-28 21:30:32 [WARNING] aiogram.dispatcher: Sleep for 4.123894 seconds and try again... (tryings = 5, bot id = 8400205359)
2026-02-28 21:30:36 [ERROR] aiogram.dispatcher: Failed to fetch updates - TelegramConflictError: Telegram server says - Conflict: terminated by other getUpdates request; make sure that only one bot instance is running
2026-02-28 21:30:36 [WARNING] aiogram.dispatcher: Sleep for 5.148232 seconds and try again... (tryings = 7, bot id = 8400205359)
2026-02-28 21:30:42 [ERROR] aiogram.dispatcher: Failed to fetch updates - TelegramConflictError: Telegram server says - Conflict: terminated by other getUpdates request; make sure that only one bot instance is running
2026-02-28 21:30:42 [WARNING] aiogram.dispatcher: Sleep for 4.976051 seconds and try again... (tryings = 6, bot id = 8400205359)
2026-02-28 21:30:47 [ERROR] aiogram.dispatcher: Failed to fetch updates - TelegramConflictError: Telegram server says - Conflict: terminated by other getUpdates request; make sure that only one bot instance is running
2026-02-28 21:30:47 [WARNING] aiogram.dispatcher: Sleep for 5.083295 seconds and try again... (tryings = 8, bot id = 8400205359)
2026-02-28 21:30:53 [ERROR] aiogram.dispatcher: Failed to fetch updates - TelegramConflictError: Telegram server says - Conflict: terminated by other getUpdates request; make sure that only one bot instance is running
2026-02-28 21:30:53 [WARNING] aiogram.dispatcher: Sleep for 4.987273 seconds and try again... (tryings = 7, bot id = 8400205359)
2026-02-28 21:30:54 [DEBUG] nexus.loader: Reloaded 91 commands, 0 inline handlers, 1 callback handlers and 2 watchers
2026-02-28 21:30:58 [ERROR] aiogram.dispatcher: Failed to fetch updates - TelegramConflictError: Telegram server says - Conflict: terminated by other getUpdates request; make sure that only one bot instance is running
2026-02-28 21:30:58 [WARNING] aiogram.dispatcher: Sleep for 5.019713 seconds and try again... (tryings = 9, bot id = 8400205359)
2026-02-28 21:31:00 [DEBUG] nexus.loader: Reloaded 91 commands, 0 inline handlers, 1 callback handlers and 2 watchers
2026-02-28 21:31:03 [ERROR] aiogram.dispatcher: Failed to fetch updates - TelegramConflictError: Telegram server says - Conflict: terminated by other getUpdates request; make sure that only one bot instance is running
2026-02-28 21:31:03 [WARNING] aiogram.dispatcher: Sleep for 4.921479 seconds and try again... (tryings = 8, bot id = 8400205359)
2026-02-28 21:31:08 [ERROR] aiogram.dispatcher: Failed to fetch updates - TelegramConflictError: Telegram server says - Conflict: terminated by other getUpdates request; make sure that only one bot instance is running
2026-02-28 21:31:08 [WARNING] aiogram.dispatcher: Sleep for 4.877848 seconds and try again... (tryings = 10, bot id = 8400205359)
2026-02-28 21:31:13 [ERROR] aiogram.dispatcher: Failed to fetch updates - TelegramConflictError: Telegram server says - Conflict: terminated by other getUpdates request; make sure that only one bot instance is running
2026-02-28 21:31:13 [WARNING] aiogram.dispatcher: Sleep for 4.985588 seconds and try again... (tryings = 9, bot id = 8400205359)
2026-02-28 21:31:18 [ERROR] aiogram.dispatcher: Failed to fetch updates - TelegramConflictError: Telegram server says - Conflict: terminated by other getUpdates request; make sure that only one bot instance is running
2026-02-28 21:31:18 [WARNING] aiogram.dispatcher: Sleep for 5.120331 seconds and try again... (tryings = 11, bot id = 8400205359)
2026-02-28 21:31:24 [DEBUG] nexus.loader: Reloaded 91 commands, 0 inline handlers, 1 callback handlers and 2 watchers
2026-02-28 21:31:24 [ERROR] aiogram.dispatcher: Failed to fetch updates - TelegramConflictError: Telegram server says - Conflict: terminated by other getUpdates request; make sure that only one bot instance is running
2026-02-28 21:31:24 [WARNING] aiogram.dispatcher: Sleep for 4.905629 seconds and try again... (tryings = 10, bot id = 8400205359)
2026-02-28 21:31:29 [ERROR] aiogram.dispatcher: Failed to fetch updates - TelegramConflictError: Telegram server says - Conflict: terminated by other getUpdates request; make sure that only one bot instance is running
2026-02-28 21:31:29 [WARNING] aiogram.dispatcher: Sleep for 5.063136 seconds and try again... (tryings = 12, bot id = 8400205359)
2026-02-28 21:31:30 [DEBUG] nexus.loader: Reloaded 91 commands, 0 inline handlers, 1 callback handlers and 2 watchers
2026-02-28 21:31:34 [ERROR] aiogram.dispatcher: Failed to fetch updates - TelegramConflictError: Telegram server says - Conflict: terminated by other getUpdates request; make sure that only one bot instance is running
2026-02-28 21:31:34 [WARNING] aiogram.dispatcher: Sleep for 5.061276 seconds and try again... (tryings = 11, bot id = 8400205359)
2026-02-28 21:31:39 [ERROR] aiogram.dispatcher: Failed to fetch updates - TelegramConflictError: Telegram server says - Conflict: terminated by other getUpdates request; make sure that only one bot instance is running
2026-02-28 21:31:39 [WARNING] aiogram.dispatcher: Sleep for 4.964882 seconds and try again... (tryings = 13, bot id = 8400205359)
2026-02-28 21:31:45 [ERROR] aiogram.dispatcher: Failed to fetch updates - TelegramConflictError: Telegram server says - Conflict: terminated by other getUpdates request; make sure that only one bot instance is running
2026-02-28 21:31:45 [WARNING] aiogram.dispatcher: Sleep for 4.837944 seconds and try again... (tryings = 12, bot id = 8400205359)
2026-02-28 21:31:50 [ERROR] aiogram.dispatcher: Failed to fetch updates - TelegramConflictError: Telegram server says - Conflict: terminated by other getUpdates request; make sure that only one bot instance is running
2026-02-28 21:31:50 [WARNING] aiogram.dispatcher: Sleep for 4.917227 seconds and try again... (tryings = 14, bot id = 8400205359)
2026-02-28 21:31:54 [DEBUG] nexus.loader: Reloaded 91 commands, 0 inline handlers, 1 callback handlers and 2 watchers
2026-02-28 21:31:55 [ERROR] aiogram.dispatcher: Failed to fetch updates - TelegramConflictError: Telegram server says - Conflict: terminated by other getUpdates request; make sure that only one bot instance is running
2026-02-28 21:31:55 [WARNING] aiogram.dispatcher: Sleep for 5.029016 seconds and try again... (tryings = 13, bot id = 8400205359)
2026-02-28 21:32:00 [DEBUG] nexus.loader: Reloaded 91 commands, 0 inline handlers, 1 callback handlers and 2 watchers
2026-02-28 21:32:00 [ERROR] aiogram.dispatcher: Failed to fetch updates - TelegramConflictError: Telegram server says - Conflict: terminated by other getUpdates request; make sure that only one bot instance is running
2026-02-28 21:32:00 [WARNING] aiogram.dispatcher: Sleep for 4.936671 seconds and try again... (tryings = 15, bot id = 8400205359)
2026-02-28 21:32:05 [ERROR] aiogram.dispatcher: Failed to fetch updates - TelegramConflictError: Telegram server says - Conflict: terminated by other getUpdates request; make sure that only one bot instance is running
2026-02-28 21:32:05 [WARNING] aiogram.dispatcher: Sleep for 4.957300 seconds and try again... (tryings = 14, bot id = 8400205359)
2026-02-28 21:32:10 [ERROR] aiogram.dispatcher: Failed to fetch updates - TelegramConflictError: Telegram server says - Conflict: terminated by other getUpdates request; make sure that only one bot instance is running
2026-02-28 21:32:10 [WARNING] aiogram.dispatcher: Sleep for 5.139246 seconds and try again... (tryings = 16, bot id = 8400205359)
2026-02-28 21:32:16 [ERROR] aiogram.dispatcher: Failed to fetch updates - TelegramConflictError: Telegram server says - Conflict: terminated by other getUpdates request; make sure that only one bot instance is running
2026-02-28 21:32:16 [WARNING] aiogram.dispatcher: Sleep for 4.965017 seconds and try again... (tryings = 15, bot id = 8400205359)
2026-02-28 21:32:21 [ERROR] aiogram.dispatcher: Failed to fetch updates - TelegramConflictError: Telegram server says - Conflict: terminated by other getUpdates request; make sure that only one bot instance is running
2026-02-28 21:32:21 [WARNING] aiogram.dispatcher: Sleep for 5.025786 seconds and try again... (tryings = 17, bot id = 8400205359)
2026-02-28 21:32:24 [DEBUG] nexus.loader: Reloaded 91 commands, 0 inline handlers, 1 callback handlers and 2 watchers
2026-02-28 21:32:26 [ERROR] aiogram.dispatcher: Failed to fetch updates - TelegramConflictError: Telegram server says - Conflict: terminated by other getUpdates request; make sure that only one bot instance is running
2026-02-28 21:32:26 [WARNING] aiogram.dispatcher: Sleep for 4.967530 seconds and try again... (tryings = 16, bot id = 8400205359)
2026-02-28 21:32:30 [DEBUG] nexus.loader: Reloaded 91 commands, 0 inline handlers, 1 callback handlers and 2 watchers
2026-02-28 21:32:31 [ERROR] aiogram.dispatcher: Failed to fetch updates - TelegramConflictError: Telegram server says - Conflict: terminated by other getUpdates request; make sure that only one bot instance is running
2026-02-28 21:32:31 [WARNING] aiogram.dispatcher: Sleep for 5.158539 seconds and try again... (tryings = 18, bot id = 8400205359)
2026-02-28 21:32:37 [ERROR] aiogram.dispatcher: Failed to fetch updates - TelegramConflictError: Telegram server says - Conflict: terminated by other getUpdates request; make sure that only one bot instance is running
2026-02-28 21:32:37 [WARNING] aiogram.dispatcher: Sleep for 5.074529 seconds and try again... (tryings = 17, bot id = 8400205359)
2026-02-28 21:32:42 [ERROR] aiogram.dispatcher: Failed to fetch updates - TelegramConflictError: Telegram server says - Conflict: terminated by other getUpdates request; make sure that only one bot instance is running
2026-02-28 21:32:42 [WARNING] aiogram.dispatcher: Sleep for 4.938515 seconds and try again... (tryings = 19, bot id = 8400205359)
2026-02-28 21:32:47 [ERROR] aiogram.dispatcher: Failed to fetch updates - TelegramConflictError: Telegram server says - Conflict: terminated by other getUpdates request; make sure that only one bot instance is running
2026-02-28 21:32:47 [WARNING] aiogram.dispatcher: Sleep for 5.137806 seconds and try again... (tryings = 18, bot id = 8400205359)
2026-02-28 21:32:52 [ERROR] aiogram.dispatcher: Failed to fetch updates - TelegramConflictError: Telegram server says - Conflict: terminated by other getUpdates request; make sure that only one bot instance is running
2026-02-28 21:32:52 [WARNING] aiogram.dispatcher: Sleep for 4.985114 seconds and try again... (tryings = 20, bot id = 8400205359)
2026-02-28 21:32:54 [DEBUG] nexus.loader: Reloaded 91 commands, 0 inline handlers, 1 callback handlers and 2 watchers
2026-02-28 21:32:58 [ERROR] aiogram.dispatcher: Failed to fetch updates - TelegramConflictError: Telegram server says - Conflict: terminated by other getUpdates request; make sure that only one bot instance is running
2026-02-28 21:32:58 [WARNING] aiogram.dispatcher: Sleep for 4.890155 seconds and try again... (tryings = 19, bot id = 8400205359)
2026-02-28 21:33:00 [DEBUG] nexus.loader: Reloaded 91 commands, 0 inline handlers, 1 callback handlers and 2 watchers
2026-02-28 21:33:03 [ERROR] aiogram.dispatcher: Failed to fetch updates - TelegramConflictError: Telegram server says - Conflict: terminated by other getUpdates request; make sure that only one bot instance is running
2026-02-28 21:33:03 [WARNING] aiogram.dispatcher: Sleep for 4.899777 seconds and try again... (tryings = 21, bot id = 8400205359)
2026-02-28 21:33:08 [ERROR] aiogram.dispatcher: Failed to fetch updates - TelegramConflictError: Telegram server says - Conflict: terminated by other getUpdates request; make sure that only one bot instance is running
2026-02-28 21:33:08 [WARNING] aiogram.dispatcher: Sleep for 4.922672 seconds and try again... (tryings = 20, bot id = 8400205359)
2026-02-28 21:33:13 [ERROR] aiogram.dispatcher: Failed to fetch updates - TelegramConflictError: Telegram server says - Conflict: terminated by other getUpdates request; make sure that only one bot instance is running
2026-02-28 21:33:13 [WARNING] aiogram.dispatcher: Sleep for 4.984678 seconds and try again... (tryings = 22, bot id = 8400205359)
2026-02-28 21:33:18 [ERROR] aiogram.dispatcher: Failed to fetch updates - TelegramConflictError: Telegram server says - Conflict: terminated by other getUpdates request; make sure that only one bot instance is running
2026-02-28 21:33:18 [WARNING] aiogram.dispatcher: Sleep for 4.922147 seconds and try again... (tryings = 21, bot id = 8400205359)
2026-02-28 21:33:23 [ERROR] aiogram.dispatcher: Failed to fetch updates - TelegramConflictError: Telegram server says - Conflict: terminated by other getUpdates request; make sure that only one bot instance is running
2026-02-28 21:33:23 [WARNING] aiogram.dispatcher: Sleep for 5.032965 seconds and try again... (tryings = 23, bot id = 8400205359)
2026-02-28 21:33:24 [DEBUG] nexus.loader: Reloaded 91 commands, 0 inline handlers, 1 callback handlers and 2 watchers
2026-02-28 21:33:29 [ERROR] aiogram.dispatcher: Failed to fetch updates - TelegramConflictError: Telegram server says - Conflict: terminated by other getUpdates request; make sure that only one bot instance is running
2026-02-28 21:33:29 [WARNING] aiogram.dispatcher: Sleep for 5.110078 seconds and try again... (tryings = 22, bot id = 8400205359)
2026-02-28 21:33:30 [DEBUG] nexus.loader: Reloaded 91 commands, 0 inline handlers, 1 callback handlers and 2 watchers
2026-02-28 21:33:34 [ERROR] aiogram.dispatcher: Failed to fetch updates - TelegramConflictError: Telegram server says - Conflict: terminated by other getUpdates request; make sure that only one bot instance is running
2026-02-28 21:33:34 [WARNING] aiogram.dispatcher: Sleep for 5.139409 seconds and try again... (tryings = 24, bot id = 8400205359)
2026-02-28 21:33:40 [ERROR] aiogram.dispatcher: Failed to fetch updates - TelegramConflictError: Telegram server says - Conflict: terminated by other getUpdates request; make sure that only one bot instance is running
2026-02-28 21:33:40 [WARNING] aiogram.dispatcher: Sleep for 5.039963 seconds and try again... (tryings = 23, bot id = 8400205359)
2026-02-28 21:33:45 [ERROR] aiogram.dispatcher: Failed to fetch updates - TelegramConflictError: Telegram server says - Conflict: terminated by other getUpdates request; make sure that only one bot instance is running
2026-02-28 21:33:45 [WARNING] aiogram.dispatcher: Sleep for 4.923894 seconds and try again... (tryings = 25, bot id = 8400205359)
2026-02-28 21:33:50 [ERROR] aiogram.dispatcher: Failed to fetch updates - TelegramConflictError: Telegram server says - Conflict: terminated by other getUpdates request; make sure that only one bot instance is running
2026-02-28 21:33:50 [WARNING] aiogram.dispatcher: Sleep for 5.166417 seconds and try again... (tryings = 24, bot id = 8400205359)
2026-02-28 21:33:54 [DEBUG] nexus.loader: Reloaded 91 commands, 0 inline handlers, 1 callback handlers and 2 watchers
2026-02-28 21:33:56 [ERROR] aiogram.dispatcher: Failed to fetch updates - TelegramConflictError: Telegram server says - Conflict: terminated by other getUpdates request; make sure that only one bot instance is running
2026-02-28 21:33:56 [WARNING] aiogram.dispatcher: Sleep for 4.889221 seconds and try again... (tryings = 26, bot id = 8400205359)
2026-02-28 21:34:00 [DEBUG] nexus.loader: Reloaded 91 commands, 0 inline handlers, 1 callback handlers and 2 watchers
2026-02-28 21:34:01 [ERROR] aiogram.dispatcher: Failed to fetch updates - TelegramConflictError: Telegram server says - Conflict: terminated by other getUpdates request; make sure that only one bot instance is running
2026-02-28 21:34:01 [WARNING] aiogram.dispatcher: Sleep for 5.104455 seconds and try again... (tryings = 25, bot id = 8400205359)
2026-02-28 21:34:06 [ERROR] aiogram.dispatcher: Failed to fetch updates - TelegramConflictError: Telegram server says - Conflict: terminated by other getUpdates request; make sure that only one bot instance is running
2026-02-28 21:34:06 [WARNING] aiogram.dispatcher: Sleep for 4.914419 seconds and try again... (tryings = 27, bot id = 8400205359)
2026-02-28 21:34:11 [ERROR] aiogram.dispatcher: Failed to fetch updates - TelegramConflictError: Telegram server says - Conflict: terminated by other getUpdates request; make sure that only one bot instance is running
2026-02-28 21:34:11 [WARNING] aiogram.dispatcher: Sleep for 5.055847 seconds and try again... (tryings = 26, bot id = 8400205359)
2026-02-28 21:34:16 [ERROR] aiogram.dispatcher: Failed to fetch updates - TelegramConflictError: Telegram server says - Conflict: terminated by other getUpdates request; make sure that only one bot instance is running
2026-02-28 21:34:16 [WARNING] aiogram.dispatcher: Sleep for 4.902341 seconds and try again... (tryings = 28, bot id = 8400205359)
2026-02-28 21:34:21 [ERROR] aiogram.dispatcher: Failed to fetch updates - TelegramConflictError: Telegram server says - Conflict: terminated by other getUpdates request; make sure that only one bot instance is running
2026-02-28 21:34:21 [WARNING] aiogram.dispatcher: Sleep for 4.918329 seconds and try again... (tryings = 27, bot id = 8400205359)
2026-02-28 21:34:24 [DEBUG] nexus.loader: Reloaded 91 commands, 0 inline handlers, 1 callback handlers and 2 watchers
2026-02-28 21:34:27 [ERROR] aiogram.dispatcher: Failed to fetch updates - TelegramConflictError: Telegram server says - Conflict: terminated by other getUpdates request; make sure that only one bot instance is running
2026-02-28 21:34:27 [WARNING] aiogram.dispatcher: Sleep for 4.868902 seconds and try again... (tryings = 29, bot id = 8400205359)
2026-02-28 21:34:30 [DEBUG] nexus.loader: Reloaded 91 commands, 0 inline handlers, 1 callback handlers and 2 watchers
2026-02-28 21:34:32 [ERROR] aiogram.dispatcher: Failed to fetch updates - TelegramConflictError: Telegram server says - Conflict: terminated by other getUpdates request; make sure that only one bot instance is running
2026-02-28 21:34:32 [WARNING] aiogram.dispatcher: Sleep for 4.940046 seconds and try again... (tryings = 28, bot id = 8400205359)
2026-02-28 21:34:37 [ERROR] aiogram.dispatcher: Failed to fetch updates - TelegramConflictError: Telegram server says - Conflict: terminated by other getUpdates request; make sure that only one bot instance is running
2026-02-28 21:34:37 [WARNING] aiogram.dispatcher: Sleep for 4.923022 seconds and try again... (tryings = 30, bot id = 8400205359)
2026-02-28 21:34:43 [ERROR] aiogram.dispatcher: Failed to fetch updates - TelegramConflictError: Telegram server says - Conflict: terminated by other getUpdates request; make sure that only one bot instance is running
2026-02-28 21:34:43 [WARNING] aiogram.dispatcher: Sleep for 5.083016 seconds and try again... (tryings = 29, bot id = 8400205359)
2026-02-28 21:34:48 [ERROR] aiogram.dispatcher: Failed to fetch updates - TelegramConflictError: Telegram server says - Conflict: terminated by other getUpdates request; make sure that only one bot instance is running
2026-02-28 21:34:48 [WARNING] aiogram.dispatcher: Sleep for 4.983983 seconds and try again... (tryings = 31, bot id = 8400205359)
2026-02-28 21:34:53 [ERROR] aiogram.dispatcher: Failed to fetch updates - TelegramConflictError: Telegram server says - Conflict: terminated by other getUpdates request; make sure that only one bot instance is running
2026-02-28 21:34:53 [WARNING] aiogram.dispatcher: Sleep for 4.979737 seconds and try again... (tryings = 30, bot id = 8400205359)
2026-02-28 21:34:54 [DEBUG] nexus.loader: Reloaded 91 commands, 0 inline handlers, 1 callback handlers and 2 watchers
2026-02-28 21:34:58 [ERROR] aiogram.dispatcher: Failed to fetch updates - TelegramConflictError: Telegram server says - Conflict: terminated by other getUpdates request; make sure that only one bot instance is running
2026-02-28 21:34:58 [WARNING] aiogram.dispatcher: Sleep for 5.012688 seconds and try again... (tryings = 32, bot id = 8400205359)
2026-02-28 21:35:00 [DEBUG] nexus.loader: Reloaded 91 commands, 0 inline handlers, 1 callback handlers and 2 watchers
2026-02-28 21:35:04 [ERROR] aiogram.dispatcher: Failed to fetch updates - TelegramConflictError: Telegram server says - Conflict: terminated by other getUpdates request; make sure that only one bot instance is running
2026-02-28 21:35:04 [WARNING] aiogram.dispatcher: Sleep for 5.090963 seconds and try again... (tryings = 31, bot id = 8400205359)
2026-02-28 21:35:10 [ERROR] aiogram.dispatcher: Failed to fetch updates - TelegramConflictError: Telegram server says - Conflict: terminated by other getUpdates request; make sure that only one bot instance is running
2026-02-28 21:35:10 [WARNING] aiogram.dispatcher: Sleep for 5.034605 seconds and try again... (tryings = 33, bot id = 8400205359)
2026-02-28 21:35:15 [ERROR] aiogram.dispatcher: Failed to fetch updates - TelegramConflictError: Telegram server says - Conflict: terminated by other getUpdates request; make sure that only one bot instance is running
2026-02-28 21:35:15 [WARNING] aiogram.dispatcher: Sleep for 5.243239 seconds and try again... (tryings = 32, bot id = 8400205359)
2026-02-28 21:35:20 [ERROR] aiogram.dispatcher: Failed to fetch updates - TelegramConflictError: Telegram server says - Conflict: terminated by other getUpdates request; make sure that only one bot instance is running
2026-02-28 21:35:20 [WARNING] aiogram.dispatcher: Sleep for 5.034076 seconds and try again... (tryings = 34, bot id = 8400205359)
2026-02-28 21:35:24 [DEBUG] nexus.loader: Reloaded 91 commands, 0 inline handlers, 1 callback handlers and 2 watchers
2026-02-28 21:35:26 [ERROR] aiogram.dispatcher: Failed to fetch updates - TelegramConflictError: Telegram server says - Conflict: terminated by other getUpdates request; make sure that only one bot instance is running
2026-02-28 21:35:26 [WARNING] aiogram.dispatcher: Sleep for 4.897496 seconds and try again... (tryings = 33, bot id = 8400205359)
2026-02-28 21:35:30 [DEBUG] nexus.loader: Reloaded 91 commands, 0 inline handlers, 1 callback handlers and 2 watchers
2026-02-28 21:35:31 [ERROR] aiogram.dispatcher: Failed to fetch updates - TelegramConflictError: Telegram server says - Conflict: terminated by other getUpdates request; make sure that only one bot instance is running
2026-02-28 21:35:31 [WARNING] aiogram.dispatcher: Sleep for 5.010712 seconds and try again... (tryings = 35, bot id = 8400205359)
2026-02-28 21:35:36 [ERROR] aiogram.dispatcher: Failed to fetch updates - TelegramConflictError: Telegram server says - Conflict: terminated by other getUpdates request; make sure that only one bot instance is running
2026-02-28 21:35:36 [WARNING] aiogram.dispatcher: Sleep for 5.184197 seconds and try again... (tryings = 34, bot id = 8400205359)
2026-02-28 21:35:42 [ERROR] aiogram.dispatcher: Failed to fetch updates - TelegramConflictError: Telegram server says - Conflict: terminated by other getUpdates request; make sure that only one bot instance is running
2026-02-28 21:35:42 [WARNING] aiogram.dispatcher: Sleep for 4.999051 seconds and try again... (tryings = 36, bot id = 8400205359)
2026-02-28 21:35:47 [ERROR] aiogram.dispatcher: Failed to fetch updates - TelegramConflictError: Telegram server says - Conflict: terminated by other getUpdates request; make sure that only one bot instance is running
2026-02-28 21:35:47 [WARNING] aiogram.dispatcher: Sleep for 5.041032 seconds and try again... (tryings = 35, bot id = 8400205359)
2026-02-28 21:35:47 [ERROR] herokutl.herokutl.client.telegrambaseclient: Unhandled exception from keepalive_handle after cancelling <class '_asyncio.Task'> (<Task finished name='Task-7' coro=<UpdateMethods._keepalive_loop() done, defined at /var/data/python/lib/python3.13/site-packages/herokutl/client/updates.py:482> exception=OperationalError('database is locked')>)
Traceback (most recent call last):
  File "/var/data/python/lib/python3.13/site-packages/herokutl/helpers.py", line 176, in _cancel
    await task
  File "/var/data/python/lib/python3.13/site-packages/herokutl/client/updates.py", line 518, in _keepalive_loop
    self._save_states_and_entities()
    ~~~~~~~~~~~~~~~~~~~~~~~~~~~~~~^^
  File "/var/data/python/lib/python3.13/site-packages/herokutl/client/telegrambaseclient.py", line 695, in _save_states_and_entities
    self.session.process_entities(types.contacts.ResolvedPeer(None, [types.InputPeerUser(0, self._mb_entity_cache.self_id)], []))
    ~~~~~~~~~~~~~~~~~~~~~~~~~~~~~^^^^^^^^^^^^^^^^^^^^^^^^^^^^^^^^^^^^^^^^^^^^^^^^^^^^^^^^^^^^^^^^^^^^^^^^^^^^^^^^^^^^^^^^^^^^^^^^
  File "/var/data/python/lib/python3.13/site-packages/herokutl/sessions/sqlite.py", line 301, in process_entities
    c.executemany(
    ~~~~~~~~~~~~~^
        'insert or replace into entities values (?,?,?,?,?,?)', rows)
        ^^^^^^^^^^^^^^^^^^^^^^^^^^^^^^^^^^^^^^^^^^^^^^^^^^^^^^^^^^^^^
sqlite3.OperationalError: database is locked
2026-02-28 21:35:52 [ERROR] herokutl.herokutl.client.telegrambaseclient: Unhandled exception from keepalive_handle after cancelling <class '_asyncio.Task'> (<Task finished name='Task-7' coro=<UpdateMethods._keepalive_loop() done, defined at /var/data/python/lib/python3.13/site-packages/herokutl/client/updates.py:482> exception=OperationalError('database is locked')>)
Traceback (most recent call last):
  File "/var/data/python/lib/python3.13/site-packages/herokutl/helpers.py", line 176, in _cancel
    await task
sqlite3.OperationalError: database is locked
2026-02-28 21:35:54 [DEBUG] nexus.loader: Reloaded 91 commands, 0 inline handlers, 1 callback handlers and 2 watchers
2026-02-28 21:35:57 [ERROR] root: Exception on event loop! Task exception was never retrieved
Traceback (most recent call last):
  File "/home/donotweb/Рабочий стол/Nexus/nexus/main.py", line 1077, in _shutdown_handler
    await c.disconnect()
  File "/var/data/python/lib/python3.13/site-packages/herokutl/client/telegrambaseclient.py", line 733, in _disconnect_coro
    self._save_states_and_entities()
    ~~~~~~~~~~~~~~~~~~~~~~~~~~~~~~^^
  File "/var/data/python/lib/python3.13/site-packages/herokutl/client/telegrambaseclient.py", line 695, in _save_states_and_entities
    self.session.process_entities(types.contacts.ResolvedPeer(None, [types.InputPeerUser(0, self._mb_entity_cache.self_id)], []))
    ~~~~~~~~~~~~~~~~~~~~~~~~~~~~~^^^^^^^^^^^^^^^^^^^^^^^^^^^^^^^^^^^^^^^^^^^^^^^^^^^^^^^^^^^^^^^^^^^^^^^^^^^^^^^^^^^^^^^^^^^^^^^^
  File "/var/data/python/lib/python3.13/site-packages/herokutl/sessions/sqlite.py", line 301, in process_entities
    c.executemany(
    ~~~~~~~~~~~~~^
        'insert or replace into entities values (?,?,?,?,?,?)', rows)
        ^^^^^^^^^^^^^^^^^^^^^^^^^^^^^^^^^^^^^^^^^^^^^^^^^^^^^^^^^^^^^
sqlite3.OperationalError: database is locked
2026-02-28 21:35:57 [ERROR] herokutl.herokutl.client.telegrambaseclient: Unhandled exception from keepalive_handle after cancelling <class '_asyncio.Task'> (<Task finished name='Task-7' coro=<UpdateMethods._keepalive_loop() done, defined at /var/data/python/lib/python3.13/site-packages/herokutl/client/updates.py:482> exception=OperationalError('database is locked')>)
Traceback (most recent call last):
  File "/var/data/python/lib/python3.13/site-packages/herokutl/helpers.py", line 176, in _cancel
    await task
sqlite3.OperationalError: database is locked
2026-02-28 21:36:02 [ERROR] aiogram.dispatcher: Failed to fetch updates - TelegramNetworkError: HTTP Client says - ClientOSError: [Errno 1] [SSL: APPLICATION_DATA_AFTER_CLOSE_NOTIFY] application data after close notify (_ssl.c:2786)
2026-02-28 21:36:02 [WARNING] aiogram.dispatcher: Sleep for 4.934333 seconds and try again... (tryings = 37, bot id = 8400205359)
2026-02-28 21:36:02 [DEBUG] nexus.loader: Reloaded 91 commands, 0 inline handlers, 1 callback handlers and 2 watchers
2026-02-28 21:36:02 [ERROR] root: Unexpected exception in main loop: database is locked
Traceback (most recent call last):
  File "/home/donotweb/Рабочий стол/Nexus/nexus/main.py", line 899, in amain_wrapper
    while await self.amain(first, client):
          ^^^^^^^^^^^^^^^^^^^^^^^^^^^^^^^
  File "/home/donotweb/Рабочий стол/Nexus/nexus/main.py", line 1032, in amain
    await client.run_until_disconnected()
  File "/var/data/python/lib/python3.13/site-packages/herokutl/client/updates.py", line 43, in _run_until_disconnected
    await self.disconnect()
  File "/var/data/python/lib/python3.13/site-packages/herokutl/client/telegrambaseclient.py", line 733, in _disconnect_coro
    self._save_states_and_entities()
    ~~~~~~~~~~~~~~~~~~~~~~~~~~~~~~^^
  File "/var/data/python/lib/python3.13/site-packages/herokutl/client/telegrambaseclient.py", line 695, in _save_states_and_entities
    self.session.process_entities(types.contacts.ResolvedPeer(None, [types.InputPeerUser(0, self._mb_entity_cache.self_id)], []))
    ~~~~~~~~~~~~~~~~~~~~~~~~~~~~~^^^^^^^^^^^^^^^^^^^^^^^^^^^^^^^^^^^^^^^^^^^^^^^^^^^^^^^^^^^^^^^^^^^^^^^^^^^^^^^^^^^^^^^^^^^^^^^^
  File "/var/data/python/lib/python3.13/site-packages/herokutl/sessions/sqlite.py", line 301, in process_entities
    c.executemany(
    ~~~~~~~~~~~~~^
        'insert or replace into entities values (?,?,?,?,?,?)', rows)
        ^^^^^^^^^^^^^^^^^^^^^^^^^^^^^^^^^^^^^^^^^^^^^^^^^^^^^^^^^^^^^
sqlite3.OperationalError: database is locked

During handling of the above exception, another exception occurred:

Traceback (most recent call last):
  File "/home/donotweb/Рабочий стол/Nexus/nexus/main.py", line 1096, in main
    self.loop.run_until_complete(self._main())
    ~~~~~~~~~~~~~~~~~~~~~~~~~~~~^^^^^^^^^^^^^^
  File "/usr/lib/python3.13/asyncio/base_events.py", line 725, in run_until_complete
    return future.result()
           ~~~~~~~~~~~~~^^
  File "/home/donotweb/Рабочий стол/Nexus/nexus/main.py", line 1062, in _main
    await asyncio.gather(*[self.amain_wrapper(client) for client in self.clients])
  File "/home/donotweb/Рабочий стол/Nexus/nexus/main.py", line 863, in amain_wrapper
    async with client:
               ^^^^^^
  File "/var/data/python/lib/python3.13/site-packages/herokutl/client/auth.py", line 677, in __aexit__
    await self.disconnect()
  File "/var/data/python/lib/python3.13/site-packages/herokutl/client/telegrambaseclient.py", line 733, in _disconnect_coro
    self._save_states_and_entities()
    ~~~~~~~~~~~~~~~~~~~~~~~~~~~~~~^^
  File "/var/data/python/lib/python3.13/site-packages/herokutl/client/telegrambaseclient.py", line 695, in _save_states_and_entities
    self.session.process_entities(types.contacts.ResolvedPeer(None, [types.InputPeerUser(0, self._mb_entity_cache.self_id)], []))
    ~~~~~~~~~~~~~~~~~~~~~~~~~~~~~^^^^^^^^^^^^^^^^^^^^^^^^^^^^^^^^^^^^^^^^^^^^^^^^^^^^^^^^^^^^^^^^^^^^^^^^^^^^^^^^^^^^^^^^^^^^^^^^
  File "/var/data/python/lib/python3.13/site-packages/herokutl/sessions/sqlite.py", line 301, in process_entities
    c.executemany(
    ~~~~~~~~~~~~~^
        'insert or replace into entities values (?,?,?,?,?,?)', rows)
        ^^^^^^^^^^^^^^^^^^^^^^^^^^^^^^^^^^^^^^^^^^^^^^^^^^^^^^^^^^^^^
sqlite3.OperationalError: database is locked
2026-02-28 21:36:02 [INFO] root: Bye!
2026-02-28 21:36:02 [ERROR] herokutl.herokutl.client.telegrambaseclient: Unhandled exception from keepalive_handle after cancelling <class '_asyncio.Task'> (<Task finished name='Task-7' coro=<UpdateMethods._keepalive_loop() done, defined at /var/data/python/lib/python3.13/site-packages/herokutl/client/updates.py:482> exception=OperationalError('database is locked')>)
Traceback (most recent call last):
  File "/var/data/python/lib/python3.13/site-packages/herokutl/helpers.py", line 176, in _cancel
    await task
sqlite3.OperationalError: database is locked
2026-02-28 21:36:24 [DEBUG] nexus.loader: Reloaded 91 commands, 0 inline handlers, 1 callback handlers and 2 watchers
2026-02-28 21:36:54 [DEBUG] nexus.loader: Reloaded 91 commands, 0 inline handlers, 1 callback handlers and 2 watchers
2026-02-28 21:37:24 [DEBUG] nexus.loader: Reloaded 91 commands, 0 inline handlers, 1 callback handlers and 2 watchers
2026-02-28 21:37:54 [DEBUG] nexus.loader: Reloaded 91 commands, 0 inline handlers, 1 callback handlers and 2 watchers
2026-02-28 21:38:24 [DEBUG] nexus.loader: Reloaded 91 commands, 0 inline handlers, 1 callback handlers and 2 watchers
2026-02-28 21:38:54 [DEBUG] nexus.loader: Reloaded 91 commands, 0 inline handlers, 1 callback handlers and 2 watchers
2026-02-28 21:39:16 [ERROR] root: Check that this is the only instance running. If that doesn't help, delete the file '/home/donotweb/Рабочий стол/Nexus/nexus-8467174655.session'
2026-02-28 21:39:16 [INFO] root: Bye!
2026-02-28 21:39:24 [DEBUG] nexus.loader: Reloaded 91 commands, 0 inline handlers, 1 callback handlers and 2 watchers
2026-02-28 21:39:54 [DEBUG] nexus.loader: Reloaded 91 commands, 0 inline handlers, 1 callback handlers and 2 watchers
2026-02-28 21:40:12 [DEBUG] nexus.web.ssh_tunnel: 6ecfc81038a5bf.lhr.life tunneled with tls termination, https://6ecfc81038a5bf.lhr.life
2026-02-28 21:40:12 [DEBUG] nexus.web.ssh_tunnel: create an account and add your key for a longer lasting domain name. see https://localhost.run/docs/forever-free/ for more information.
2026-02-28 21:40:12 [DEBUG] nexus.web.ssh_tunnel: Open your tunnel address on your mobile with this QR:
2026-02-28 21:40:12 [DEBUG] nexus.web.ssh_tunnel: 
2026-02-28 21:40:12 [DEBUG] nexus.web.ssh_tunnel: [7m  [0m[7m  [0m[7m  [0m[7m  [0m[7m  [0m[7m  [0m[7m  [0m[7m  [0m[7m  [0m[7m  [0m[7m  [0m[7m  [0m[7m  [0m[7m  [0m[7m  [0m[7m  [0m[7m  [0m[7m  [0m[7m  [0m[7m  [0m[7m  [0m[7m  [0m[7m  [0m[7m  [0m[7m  [0m[7m  [0m[7m  [0m
2026-02-28 21:40:12 [DEBUG] nexus.web.ssh_tunnel: [7m  [0m[49m  [0m[49m  [0m[49m  [0m[49m  [0m[49m  [0m[49m  [0m[49m  [0m[7m  [0m[7m  [0m[7m  [0m[49m  [0m[7m  [0m[7m  [0m[49m  [0m[7m  [0m[7m  [0m[49m  [0m[7m  [0m[49m  [0m[49m  [0m[49m  [0m[49m  [0m[49m  [0m[49m  [0m[49m  [0m[7m  [0m
2026-02-28 21:40:12 [DEBUG] nexus.web.ssh_tunnel: [7m  [0m[49m  [0m[7m  [0m[7m  [0m[7m  [0m[7m  [0m[7m  [0m[49m  [0m[7m  [0m[49m  [0m[49m  [0m[49m  [0m[7m  [0m[7m  [0m[7m  [0m[7m  [0m[49m  [0m[7m  [0m[7m  [0m[49m  [0m[7m  [0m[7m  [0m[7m  [0m[7m  [0m[7m  [0m[49m  [0m[7m  [0m
2026-02-28 21:40:12 [DEBUG] nexus.web.ssh_tunnel: [7m  [0m[49m  [0m[7m  [0m[49m  [0m[49m  [0m[49m  [0m[7m  [0m[49m  [0m[7m  [0m[49m  [0m[7m  [0m[7m  [0m[7m  [0m[7m  [0m[49m  [0m[7m  [0m[49m  [0m[49m  [0m[7m  [0m[49m  [0m[7m  [0m[49m  [0m[49m  [0m[49m  [0m[7m  [0m[49m  [0m[7m  [0m
2026-02-28 21:40:12 [DEBUG] nexus.web.ssh_tunnel: [7m  [0m[49m  [0m[7m  [0m[49m  [0m[49m  [0m[49m  [0m[7m  [0m[49m  [0m[7m  [0m[7m  [0m[49m  [0m[7m  [0m[7m  [0m[49m  [0m[7m  [0m[49m  [0m[7m  [0m[49m  [0m[7m  [0m[49m  [0m[7m  [0m[49m  [0m[49m  [0m[49m  [0m[7m  [0m[49m  [0m[7m  [0m
2026-02-28 21:40:12 [DEBUG] nexus.web.ssh_tunnel: [7m  [0m[49m  [0m[7m  [0m[49m  [0m[49m  [0m[49m  [0m[7m  [0m[49m  [0m[7m  [0m[49m  [0m[49m  [0m[49m  [0m[7m  [0m[49m  [0m[7m  [0m[49m  [0m[49m  [0m[7m  [0m[7m  [0m[49m  [0m[7m  [0m[49m  [0m[49m  [0m[49m  [0m[7m  [0m[49m  [0m[7m  [0m
2026-02-28 21:40:12 [DEBUG] nexus.web.ssh_tunnel: [7m  [0m[49m  [0m[7m  [0m[7m  [0m[7m  [0m[7m  [0m[7m  [0m[49m  [0m[7m  [0m[49m  [0m[7m  [0m[49m  [0m[7m  [0m[49m  [0m[7m  [0m[7m  [0m[7m  [0m[49m  [0m[7m  [0m[49m  [0m[7m  [0m[7m  [0m[7m  [0m[7m  [0m[7m  [0m[49m  [0m[7m  [0m
2026-02-28 21:40:12 [DEBUG] nexus.web.ssh_tunnel: [7m  [0m[49m  [0m[49m  [0m[49m  [0m[49m  [0m[49m  [0m[49m  [0m[49m  [0m[7m  [0m[49m  [0m[7m  [0m[49m  [0m[7m  [0m[49m  [0m[7m  [0m[49m  [0m[7m  [0m[49m  [0m[7m  [0m[49m  [0m[49m  [0m[49m  [0m[49m  [0m[49m  [0m[49m  [0m[49m  [0m[7m  [0m
2026-02-28 21:40:12 [DEBUG] nexus.web.ssh_tunnel: [7m  [0m[7m  [0m[7m  [0m[7m  [0m[7m  [0m[7m  [0m[7m  [0m[7m  [0m[7m  [0m[49m  [0m[7m  [0m[49m  [0m[49m  [0m[7m  [0m[49m  [0m[7m  [0m[7m  [0m[49m  [0m[7m  [0m[7m  [0m[7m  [0m[7m  [0m[7m  [0m[7m  [0m[7m  [0m[7m  [0m[7m  [0m
2026-02-28 21:40:12 [DEBUG] nexus.web.ssh_tunnel: [7m  [0m[49m  [0m[49m  [0m[7m  [0m[49m  [0m[7m  [0m[7m  [0m[49m  [0m[49m  [0m[7m  [0m[7m  [0m[7m  [0m[49m  [0m[49m  [0m[49m  [0m[49m  [0m[49m  [0m[7m  [0m[7m  [0m[49m  [0m[49m  [0m[49m  [0m[7m  [0m[49m  [0m[49m  [0m[7m  [0m[7m  [0m
2026-02-28 21:40:12 [DEBUG] nexus.web.ssh_tunnel: [7m  [0m[7m  [0m[49m  [0m[49m  [0m[7m  [0m[49m  [0m[7m  [0m[7m  [0m[49m  [0m[7m  [0m[49m  [0m[7m  [0m[49m  [0m[49m  [0m[7m  [0m[7m  [0m[7m  [0m[7m  [0m[7m  [0m[7m  [0m[49m  [0m[49m  [0m[7m  [0m[7m  [0m[49m  [0m[49m  [0m[7m  [0m
2026-02-28 21:40:12 [DEBUG] nexus.web.ssh_tunnel: [7m  [0m[7m  [0m[49m  [0m[49m  [0m[7m  [0m[49m  [0m[7m  [0m[49m  [0m[49m  [0m[49m  [0m[7m  [0m[7m  [0m[49m  [0m[49m  [0m[49m  [0m[7m  [0m[49m  [0m[49m  [0m[7m  [0m[49m  [0m[49m  [0m[49m  [0m[49m  [0m[7m  [0m[49m  [0m[49m  [0m[7m  [0m
2026-02-28 21:40:12 [DEBUG] nexus.web.ssh_tunnel: [7m  [0m[7m  [0m[49m  [0m[7m  [0m[49m  [0m[7m  [0m[49m  [0m[7m  [0m[7m  [0m[7m  [0m[49m  [0m[49m  [0m[49m  [0m[49m  [0m[7m  [0m[49m  [0m[7m  [0m[49m  [0m[7m  [0m[7m  [0m[49m  [0m[7m  [0m[7m  [0m[7m  [0m[7m  [0m[49m  [0m[7m  [0m
2026-02-28 21:40:12 [DEBUG] nexus.web.ssh_tunnel: [7m  [0m[7m  [0m[49m  [0m[7m  [0m[7m  [0m[49m  [0m[49m  [0m[49m  [0m[49m  [0m[7m  [0m[7m  [0m[49m  [0m[49m  [0m[7m  [0m[49m  [0m[7m  [0m[49m  [0m[7m  [0m[7m  [0m[49m  [0m[7m  [0m[7m  [0m[7m  [0m[49m  [0m[7m  [0m[7m  [0m[7m  [0m
2026-02-28 21:40:12 [DEBUG] nexus.web.ssh_tunnel: [7m  [0m[7m  [0m[7m  [0m[7m  [0m[49m  [0m[7m  [0m[49m  [0m[7m  [0m[49m  [0m[7m  [0m[49m  [0m[7m  [0m[49m  [0m[7m  [0m[7m  [0m[7m  [0m[7m  [0m[7m  [0m[7m  [0m[7m  [0m[49m  [0m[7m  [0m[7m  [0m[49m  [0m[49m  [0m[49m  [0m[7m  [0m
2026-02-28 21:40:12 [DEBUG] nexus.web.ssh_tunnel: [7m  [0m[49m  [0m[7m  [0m[49m  [0m[49m  [0m[7m  [0m[7m  [0m[49m  [0m[49m  [0m[49m  [0m[49m  [0m[7m  [0m[49m  [0m[7m  [0m[7m  [0m[49m  [0m[7m  [0m[49m  [0m[7m  [0m[49m  [0m[49m  [0m[7m  [0m[7m  [0m[7m  [0m[49m  [0m[7m  [0m[7m  [0m
2026-02-28 21:40:12 [DEBUG] nexus.web.ssh_tunnel: [7m  [0m[7m  [0m[49m  [0m[7m  [0m[7m  [0m[49m  [0m[7m  [0m[7m  [0m[49m  [0m[49m  [0m[49m  [0m[7m  [0m[49m  [0m[7m  [0m[7m  [0m[7m  [0m[7m  [0m[49m  [0m[49m  [0m[49m  [0m[7m  [0m[7m  [0m[49m  [0m[7m  [0m[7m  [0m[7m  [0m[7m  [0m
2026-02-28 21:40:12 [DEBUG] nexus.web.ssh_tunnel: [7m  [0m[49m  [0m[49m  [0m[7m  [0m[49m  [0m[7m  [0m[49m  [0m[49m  [0m[49m  [0m[49m  [0m[49m  [0m[49m  [0m[7m  [0m[49m  [0m[7m  [0m[7m  [0m[49m  [0m[49m  [0m[49m  [0m[49m  [0m[49m  [0m[49m  [0m[49m  [0m[49m  [0m[7m  [0m[49m  [0m[7m  [0m
2026-02-28 21:40:12 [DEBUG] nexus.web.ssh_tunnel: [7m  [0m[7m  [0m[7m  [0m[7m  [0m[7m  [0m[7m  [0m[7m  [0m[7m  [0m[7m  [0m[49m  [0m[49m  [0m[7m  [0m[7m  [0m[49m  [0m[49m  [0m[49m  [0m[49m  [0m[49m  [0m[7m  [0m[7m  [0m[7m  [0m[49m  [0m[7m  [0m[49m  [0m[49m  [0m[49m  [0m[7m  [0m
2026-02-28 21:40:12 [DEBUG] nexus.web.ssh_tunnel: [7m  [0m[49m  [0m[49m  [0m[49m  [0m[49m  [0m[49m  [0m[49m  [0m[49m  [0m[7m  [0m[49m  [0m[49m  [0m[49m  [0m[49m  [0m[49m  [0m[7m  [0m[49m  [0m[7m  [0m[49m  [0m[7m  [0m[49m  [0m[7m  [0m[49m  [0m[49m  [0m[49m  [0m[7m  [0m[7m  [0m[7m  [0m
2026-02-28 21:40:12 [DEBUG] nexus.web.ssh_tunnel: [7m  [0m[49m  [0m[7m  [0m[7m  [0m[7m  [0m[7m  [0m[7m  [0m[49m  [0m[7m  [0m[7m  [0m[7m  [0m[7m  [0m[7m  [0m[49m  [0m[7m  [0m[7m  [0m[49m  [0m[49m  [0m[7m  [0m[7m  [0m[7m  [0m[49m  [0m[7m  [0m[7m  [0m[7m  [0m[49m  [0m[7m  [0m
2026-02-28 21:40:12 [DEBUG] nexus.web.ssh_tunnel: [7m  [0m[49m  [0m[7m  [0m[49m  [0m[49m  [0m[49m  [0m[7m  [0m[49m  [0m[7m  [0m[7m  [0m[7m  [0m[49m  [0m[7m  [0m[7m  [0m[7m  [0m[7m  [0m[49m  [0m[49m  [0m[49m  [0m[49m  [0m[49m  [0m[49m  [0m[49m  [0m[49m  [0m[7m  [0m[7m  [0m[7m  [0m
2026-02-28 21:40:12 [DEBUG] nexus.web.ssh_tunnel: [7m  [0m[49m  [0m[7m  [0m[49m  [0m[49m  [0m[49m  [0m[7m  [0m[49m  [0m[7m  [0m[49m  [0m[7m  [0m[49m  [0m[49m  [0m[7m  [0m[7m  [0m[7m  [0m[7m  [0m[49m  [0m[49m  [0m[49m  [0m[49m  [0m[7m  [0m[49m  [0m[7m  [0m[49m  [0m[7m  [0m[7m  [0m
2026-02-28 21:40:12 [DEBUG] nexus.web.ssh_tunnel: [7m  [0m[49m  [0m[7m  [0m[49m  [0m[49m  [0m[49m  [0m[7m  [0m[49m  [0m[7m  [0m[7m  [0m[49m  [0m[7m  [0m[7m  [0m[7m  [0m[7m  [0m[7m  [0m[7m  [0m[7m  [0m[7m  [0m[49m  [0m[7m  [0m[49m  [0m[49m  [0m[7m  [0m[7m  [0m[49m  [0m[7m  [0m
2026-02-28 21:40:12 [DEBUG] nexus.web.ssh_tunnel: [7m  [0m[49m  [0m[7m  [0m[7m  [0m[7m  [0m[7m  [0m[7m  [0m[49m  [0m[7m  [0m[49m  [0m[49m  [0m[7m  [0m[7m  [0m[7m  [0m[7m  [0m[49m  [0m[7m  [0m[49m  [0m[7m  [0m[49m  [0m[49m  [0m[49m  [0m[49m  [0m[7m  [0m[7m  [0m[49m  [0m[7m  [0m
2026-02-28 21:40:12 [DEBUG] nexus.web.ssh_tunnel: [7m  [0m[49m  [0m[49m  [0m[49m  [0m[49m  [0m[49m  [0m[49m  [0m[49m  [0m[7m  [0m[49m  [0m[49m  [0m[7m  [0m[7m  [0m[49m  [0m[7m  [0m[7m  [0m[49m  [0m[7m  [0m[7m  [0m[49m  [0m[49m  [0m[7m  [0m[49m  [0m[49m  [0m[7m  [0m[49m  [0m[7m  [0m
2026-02-28 21:40:12 [DEBUG] nexus.web.ssh_tunnel: [7m  [0m[7m  [0m[7m  [0m[7m  [0m[7m  [0m[7m  [0m[7m  [0m[7m  [0m[7m  [0m[7m  [0m[7m  [0m[7m  [0m[7m  [0m[7m  [0m[7m  [0m[7m  [0m[7m  [0m[7m  [0m[7m  [0m[7m  [0m[7m  [0m[7m  [0m[7m  [0m[7m  [0m[7m  [0m[7m  [0m[7m  [0m
2026-02-28 21:40:12 [DEBUG] nexus.web.ssh_tunnel: 
2026-02-28 21:40:24 [DEBUG] nexus.loader: Reloaded 91 commands, 0 inline handlers, 1 callback handlers and 2 watchers
2026-02-28 21:40:54 [DEBUG] nexus.loader: Reloaded 91 commands, 0 inline handlers, 1 callback handlers and 2 watchers
2026-02-28 21:41:24 [DEBUG] nexus.loader: Reloaded 91 commands, 0 inline handlers, 1 callback handlers and 2 watchers
2026-02-28 21:41:54 [DEBUG] nexus.loader: Reloaded 91 commands, 0 inline handlers, 1 callback handlers and 2 watchers
2026-02-28 21:42:24 [DEBUG] nexus.loader: Reloaded 91 commands, 0 inline handlers, 1 callback handlers and 2 watchers
2026-02-28 21:42:29 [ERROR] root: Check that this is the only instance running. If that doesn't help, delete the file '/home/donotweb/Рабочий стол/Nexus/nexus-8467174655.session'
2026-02-28 21:42:29 [INFO] root: Bye!
2026-02-28 21:42:54 [DEBUG] nexus.loader: Reloaded 91 commands, 0 inline handlers, 1 callback handlers and 2 watchers
2026-02-28 21:43:24 [DEBUG] nexus.loader: Reloaded 91 commands, 0 inline handlers, 1 callback handlers and 2 watchers
2026-02-28 21:43:54 [DEBUG] nexus.loader: Reloaded 91 commands, 0 inline handlers, 1 callback handlers and 2 watchers
2026-02-28 21:44:24 [DEBUG] nexus.loader: Reloaded 91 commands, 0 inline handlers, 1 callback handlers and 2 watchers
2026-02-28 21:44:54 [DEBUG] nexus.loader: Reloaded 91 commands, 0 inline handlers, 1 callback handlers and 2 watchers
2026-02-28 21:45:24 [DEBUG] nexus.loader: Reloaded 91 commands, 0 inline handlers, 1 callback handlers and 2 watchers
2026-02-28 21:45:54 [DEBUG] nexus.loader: Reloaded 91 commands, 0 inline handlers, 1 callback handlers and 2 watchers
2026-02-28 21:46:24 [DEBUG] nexus.loader: Reloaded 91 commands, 0 inline handlers, 1 callback handlers and 2 watchers
2026-02-28 21:46:54 [DEBUG] nexus.loader: Reloaded 91 commands, 0 inline handlers, 1 callback handlers and 2 watchers
2026-02-28 21:47:24 [DEBUG] nexus.loader: Reloaded 91 commands, 0 inline handlers, 1 callback handlers and 2 watchers
2026-02-28 21:47:54 [DEBUG] nexus.loader: Reloaded 91 commands, 0 inline handlers, 1 callback handlers and 2 watchers
2026-02-28 21:48:24 [DEBUG] nexus.loader: Reloaded 91 commands, 0 inline handlers, 1 callback handlers and 2 watchers
2026-02-28 21:48:54 [DEBUG] nexus.loader: Reloaded 91 commands, 0 inline handlers, 1 callback handlers and 2 watchers
2026-02-28 21:49:26 [DEBUG] nexus.loader: Reloaded 91 commands, 0 inline handlers, 1 callback handlers and 2 watchers
2026-02-28 21:49:56 [DEBUG] nexus.loader: Reloaded 91 commands, 0 inline handlers, 1 callback handlers and 2 watchers
2026-02-28 21:50:26 [DEBUG] nexus.loader: Reloaded 91 commands, 0 inline handlers, 1 callback handlers and 2 watchers
2026-02-28 21:50:56 [DEBUG] nexus.loader: Reloaded 91 commands, 0 inline handlers, 1 callback handlers and 2 watchers
2026-02-28 21:51:26 [DEBUG] nexus.loader: Reloaded 91 commands, 0 inline handlers, 1 callback handlers and 2 watchers
2026-02-28 21:51:56 [DEBUG] nexus.loader: Reloaded 91 commands, 0 inline handlers, 1 callback handlers and 2 watchers
2026-02-28 21:52:26 [DEBUG] nexus.loader: Reloaded 91 commands, 0 inline handlers, 1 callback handlers and 2 watchers
2026-02-28 21:52:56 [DEBUG] nexus.loader: Reloaded 91 commands, 0 inline handlers, 1 callback handlers and 2 watchers
2026-02-28 21:53:26 [DEBUG] nexus.loader: Reloaded 91 commands, 0 inline handlers, 1 callback handlers and 2 watchers
2026-02-28 21:53:56 [DEBUG] nexus.loader: Reloaded 91 commands, 0 inline handlers, 1 callback handlers and 2 watchers
2026-02-28 21:54:26 [DEBUG] nexus.loader: Reloaded 91 commands, 0 inline handlers, 1 callback handlers and 2 watchers
2026-02-28 21:54:56 [DEBUG] nexus.loader: Reloaded 91 commands, 0 inline handlers, 1 callback handlers and 2 watchers
2026-02-28 21:55:26 [DEBUG] nexus.loader: Reloaded 91 commands, 0 inline handlers, 1 callback handlers and 2 watchers
2026-02-28 21:55:56 [DEBUG] nexus.loader: Reloaded 91 commands, 0 inline handlers, 1 callback handlers and 2 watchers
2026-02-28 21:56:26 [DEBUG] nexus.loader: Reloaded 91 commands, 0 inline handlers, 1 callback handlers and 2 watchers
2026-02-28 21:56:56 [DEBUG] nexus.loader: Reloaded 91 commands, 0 inline handlers, 1 callback handlers and 2 watchers
2026-02-28 21:57:26 [DEBUG] nexus.loader: Reloaded 91 commands, 0 inline handlers, 1 callback handlers and 2 watchers
2026-02-28 21:57:56 [DEBUG] nexus.loader: Reloaded 91 commands, 0 inline handlers, 1 callback handlers and 2 watchers
2026-02-28 21:58:26 [DEBUG] nexus.loader: Reloaded 91 commands, 0 inline handlers, 1 callback handlers and 2 watchers
2026-02-28 21:58:56 [DEBUG] nexus.loader: Reloaded 91 commands, 0 inline handlers, 1 callback handlers and 2 watchers
2026-02-28 21:59:26 [DEBUG] nexus.loader: Reloaded 91 commands, 0 inline handlers, 1 callback handlers and 2 watchers
2026-02-28 21:59:56 [DEBUG] nexus.loader: Reloaded 91 commands, 0 inline handlers, 1 callback handlers and 2 watchers
2026-02-28 22:00:18 [DEBUG] nexus.web.ssh_tunnel: 39969b729c1b5e.lhr.life tunneled with tls termination, https://39969b729c1b5e.lhr.life
2026-02-28 22:00:18 [DEBUG] nexus.web.ssh_tunnel: create an account and add your key for a longer lasting domain name. see https://localhost.run/docs/forever-free/ for more information.
2026-02-28 22:00:18 [DEBUG] nexus.web.ssh_tunnel: Open your tunnel address on your mobile with this QR:
2026-02-28 22:00:18 [DEBUG] nexus.web.ssh_tunnel: 
2026-02-28 22:00:18 [DEBUG] nexus.web.ssh_tunnel: [7m  [0m[7m  [0m[7m  [0m[7m  [0m[7m  [0m[7m  [0m[7m  [0m[7m  [0m[7m  [0m[7m  [0m[7m  [0m[7m  [0m[7m  [0m[7m  [0m[7m  [0m[7m  [0m[7m  [0m[7m  [0m[7m  [0m[7m  [0m[7m  [0m[7m  [0m[7m  [0m[7m  [0m[7m  [0m[7m  [0m[7m  [0m
2026-02-28 22:00:18 [DEBUG] nexus.web.ssh_tunnel: [7m  [0m[49m  [0m[49m  [0m[49m  [0m[49m  [0m[49m  [0m[49m  [0m[49m  [0m[7m  [0m[49m  [0m[7m  [0m[7m  [0m[7m  [0m[7m  [0m[7m  [0m[7m  [0m[7m  [0m[7m  [0m[7m  [0m[49m  [0m[49m  [0m[49m  [0m[49m  [0m[49m  [0m[49m  [0m[49m  [0m[7m  [0m
2026-02-28 22:00:18 [DEBUG] nexus.web.ssh_tunnel: [7m  [0m[49m  [0m[7m  [0m[7m  [0m[7m  [0m[7m  [0m[7m  [0m[49m  [0m[7m  [0m[49m  [0m[7m  [0m[7m  [0m[49m  [0m[49m  [0m[49m  [0m[49m  [0m[7m  [0m[49m  [0m[7m  [0m[49m  [0m[7m  [0m[7m  [0m[7m  [0m[7m  [0m[7m  [0m[49m  [0m[7m  [0m
2026-02-28 22:00:18 [DEBUG] nexus.web.ssh_tunnel: [7m  [0m[49m  [0m[7m  [0m[49m  [0m[49m  [0m[49m  [0m[7m  [0m[49m  [0m[7m  [0m[49m  [0m[49m  [0m[7m  [0m[7m  [0m[49m  [0m[49m  [0m[7m  [0m[7m  [0m[49m  [0m[7m  [0m[49m  [0m[7m  [0m[49m  [0m[49m  [0m[49m  [0m[7m  [0m[49m  [0m[7m  [0m
2026-02-28 22:00:18 [DEBUG] nexus.web.ssh_tunnel: [7m  [0m[49m  [0m[7m  [0m[49m  [0m[49m  [0m[49m  [0m[7m  [0m[49m  [0m[7m  [0m[49m  [0m[49m  [0m[49m  [0m[7m  [0m[49m  [0m[49m  [0m[49m  [0m[7m  [0m[7m  [0m[7m  [0m[49m  [0m[7m  [0m[49m  [0m[49m  [0m[49m  [0m[7m  [0m[49m  [0m[7m  [0m
2026-02-28 22:00:18 [DEBUG] nexus.web.ssh_tunnel: [7m  [0m[49m  [0m[7m  [0m[49m  [0m[49m  [0m[49m  [0m[7m  [0m[49m  [0m[7m  [0m[7m  [0m[49m  [0m[49m  [0m[7m  [0m[49m  [0m[7m  [0m[49m  [0m[49m  [0m[7m  [0m[7m  [0m[49m  [0m[7m  [0m[49m  [0m[49m  [0m[49m  [0m[7m  [0m[49m  [0m[7m  [0m
2026-02-28 22:00:18 [DEBUG] nexus.web.ssh_tunnel: [7m  [0m[49m  [0m[7m  [0m[7m  [0m[7m  [0m[7m  [0m[7m  [0m[49m  [0m[7m  [0m[49m  [0m[49m  [0m[49m  [0m[7m  [0m[7m  [0m[7m  [0m[7m  [0m[49m  [0m[49m  [0m[7m  [0m[49m  [0m[7m  [0m[7m  [0m[7m  [0m[7m  [0m[7m  [0m[49m  [0m[7m  [0m
2026-02-28 22:00:18 [DEBUG] nexus.web.ssh_tunnel: [7m  [0m[49m  [0m[49m  [0m[49m  [0m[49m  [0m[49m  [0m[49m  [0m[49m  [0m[7m  [0m[49m  [0m[7m  [0m[49m  [0m[7m  [0m[49m  [0m[7m  [0m[49m  [0m[7m  [0m[49m  [0m[7m  [0m[49m  [0m[49m  [0m[49m  [0m[49m  [0m[49m  [0m[49m  [0m[49m  [0m[7m  [0m
2026-02-28 22:00:18 [DEBUG] nexus.web.ssh_tunnel: [7m  [0m[7m  [0m[7m  [0m[7m  [0m[7m  [0m[7m  [0m[7m  [0m[7m  [0m[7m  [0m[7m  [0m[7m  [0m[49m  [0m[49m  [0m[7m  [0m[49m  [0m[7m  [0m[7m  [0m[49m  [0m[7m  [0m[7m  [0m[7m  [0m[7m  [0m[7m  [0m[7m  [0m[7m  [0m[7m  [0m[7m  [0m
2026-02-28 22:00:18 [DEBUG] nexus.web.ssh_tunnel: [7m  [0m[49m  [0m[49m  [0m[7m  [0m[7m  [0m[49m  [0m[49m  [0m[49m  [0m[7m  [0m[7m  [0m[7m  [0m[49m  [0m[7m  [0m[49m  [0m[7m  [0m[7m  [0m[49m  [0m[49m  [0m[7m  [0m[7m  [0m[49m  [0m[7m  [0m[49m  [0m[49m  [0m[49m  [0m[49m  [0m[7m  [0m
2026-02-28 22:00:18 [DEBUG] nexus.web.ssh_tunnel: [7m  [0m[7m  [0m[7m  [0m[7m  [0m[7m  [0m[7m  [0m[7m  [0m[7m  [0m[7m  [0m[49m  [0m[7m  [0m[7m  [0m[7m  [0m[7m  [0m[7m  [0m[49m  [0m[49m  [0m[49m  [0m[7m  [0m[49m  [0m[49m  [0m[7m  [0m[49m  [0m[7m  [0m[7m  [0m[7m  [0m[7m  [0m
2026-02-28 22:00:18 [DEBUG] nexus.web.ssh_tunnel: [7m  [0m[7m  [0m[7m  [0m[49m  [0m[7m  [0m[7m  [0m[49m  [0m[49m  [0m[49m  [0m[7m  [0m[49m  [0m[49m  [0m[7m  [0m[7m  [0m[7m  [0m[49m  [0m[7m  [0m[7m  [0m[49m  [0m[7m  [0m[7m  [0m[49m  [0m[7m  [0m[49m  [0m[7m  [0m[7m  [0m[7m  [0m
2026-02-28 22:00:18 [DEBUG] nexus.web.ssh_tunnel: [7m  [0m[49m  [0m[7m  [0m[7m  [0m[49m  [0m[49m  [0m[49m  [0m[7m  [0m[7m  [0m[49m  [0m[49m  [0m[7m  [0m[7m  [0m[49m  [0m[49m  [0m[7m  [0m[7m  [0m[49m  [0m[49m  [0m[7m  [0m[49m  [0m[7m  [0m[7m  [0m[49m  [0m[49m  [0m[49m  [0m[7m  [0m
2026-02-28 22:00:18 [DEBUG] nexus.web.ssh_tunnel: [7m  [0m[7m  [0m[49m  [0m[49m  [0m[49m  [0m[7m  [0m[49m  [0m[49m  [0m[7m  [0m[7m  [0m[7m  [0m[7m  [0m[49m  [0m[7m  [0m[7m  [0m[7m  [0m[49m  [0m[49m  [0m[7m  [0m[7m  [0m[49m  [0m[7m  [0m[7m  [0m[7m  [0m[7m  [0m[7m  [0m[7m  [0m
2026-02-28 22:00:18 [DEBUG] nexus.web.ssh_tunnel: [7m  [0m[49m  [0m[7m  [0m[7m  [0m[7m  [0m[49m  [0m[7m  [0m[7m  [0m[7m  [0m[7m  [0m[7m  [0m[49m  [0m[7m  [0m[49m  [0m[49m  [0m[49m  [0m[49m  [0m[7m  [0m[49m  [0m[49m  [0m[7m  [0m[49m  [0m[49m  [0m[7m  [0m[7m  [0m[7m  [0m[7m  [0m
2026-02-28 22:00:18 [DEBUG] nexus.web.ssh_tunnel: [7m  [0m[7m  [0m[7m  [0m[7m  [0m[7m  [0m[7m  [0m[7m  [0m[49m  [0m[49m  [0m[7m  [0m[7m  [0m[49m  [0m[49m  [0m[49m  [0m[7m  [0m[49m  [0m[49m  [0m[49m  [0m[7m  [0m[49m  [0m[49m  [0m[49m  [0m[49m  [0m[7m  [0m[49m  [0m[49m  [0m[7m  [0m
2026-02-28 22:00:18 [DEBUG] nexus.web.ssh_tunnel: [7m  [0m[7m  [0m[7m  [0m[49m  [0m[49m  [0m[7m  [0m[7m  [0m[7m  [0m[7m  [0m[7m  [0m[7m  [0m[49m  [0m[49m  [0m[7m  [0m[49m  [0m[7m  [0m[49m  [0m[49m  [0m[49m  [0m[49m  [0m[7m  [0m[7m  [0m[49m  [0m[49m  [0m[7m  [0m[7m  [0m[7m  [0m
2026-02-28 22:00:18 [DEBUG] nexus.web.ssh_tunnel: [7m  [0m[49m  [0m[49m  [0m[49m  [0m[49m  [0m[49m  [0m[49m  [0m[49m  [0m[49m  [0m[7m  [0m[49m  [0m[49m  [0m[7m  [0m[49m  [0m[7m  [0m[7m  [0m[7m  [0m[49m  [0m[49m  [0m[49m  [0m[49m  [0m[49m  [0m[49m  [0m[49m  [0m[7m  [0m[49m  [0m[7m  [0m
2026-02-28 22:00:18 [DEBUG] nexus.web.ssh_tunnel: [7m  [0m[7m  [0m[7m  [0m[7m  [0m[7m  [0m[7m  [0m[7m  [0m[7m  [0m[7m  [0m[49m  [0m[7m  [0m[7m  [0m[7m  [0m[7m  [0m[49m  [0m[49m  [0m[49m  [0m[49m  [0m[7m  [0m[7m  [0m[7m  [0m[49m  [0m[49m  [0m[49m  [0m[49m  [0m[7m  [0m[7m  [0m
2026-02-28 22:00:18 [DEBUG] nexus.web.ssh_tunnel: [7m  [0m[49m  [0m[49m  [0m[49m  [0m[49m  [0m[49m  [0m[49m  [0m[49m  [0m[7m  [0m[7m  [0m[49m  [0m[49m  [0m[7m  [0m[7m  [0m[7m  [0m[7m  [0m[7m  [0m[49m  [0m[7m  [0m[49m  [0m[7m  [0m[49m  [0m[7m  [0m[49m  [0m[49m  [0m[49m  [0m[7m  [0m
2026-02-28 22:00:18 [DEBUG] nexus.web.ssh_tunnel: [7m  [0m[49m  [0m[7m  [0m[7m  [0m[7m  [0m[7m  [0m[7m  [0m[49m  [0m[7m  [0m[49m  [0m[49m  [0m[7m  [0m[7m  [0m[49m  [0m[7m  [0m[7m  [0m[7m  [0m[49m  [0m[7m  [0m[7m  [0m[7m  [0m[49m  [0m[7m  [0m[7m  [0m[7m  [0m[49m  [0m[7m  [0m
2026-02-28 22:00:18 [DEBUG] nexus.web.ssh_tunnel: [7m  [0m[49m  [0m[7m  [0m[49m  [0m[49m  [0m[49m  [0m[7m  [0m[49m  [0m[7m  [0m[49m  [0m[7m  [0m[49m  [0m[49m  [0m[7m  [0m[49m  [0m[49m  [0m[7m  [0m[49m  [0m[49m  [0m[49m  [0m[49m  [0m[49m  [0m[49m  [0m[7m  [0m[49m  [0m[7m  [0m[7m  [0m
2026-02-28 22:00:18 [DEBUG] nexus.web.ssh_tunnel: [7m  [0m[49m  [0m[7m  [0m[49m  [0m[49m  [0m[49m  [0m[7m  [0m[49m  [0m[7m  [0m[7m  [0m[49m  [0m[7m  [0m[7m  [0m[49m  [0m[7m  [0m[49m  [0m[7m  [0m[7m  [0m[7m  [0m[7m  [0m[7m  [0m[7m  [0m[7m  [0m[7m  [0m[7m  [0m[49m  [0m[7m  [0m
2026-02-28 22:00:18 [DEBUG] nexus.web.ssh_tunnel: [7m  [0m[49m  [0m[7m  [0m[49m  [0m[49m  [0m[49m  [0m[7m  [0m[49m  [0m[7m  [0m[7m  [0m[7m  [0m[49m  [0m[49m  [0m[49m  [0m[49m  [0m[49m  [0m[49m  [0m[49m  [0m[7m  [0m[7m  [0m[7m  [0m[7m  [0m[49m  [0m[49m  [0m[49m  [0m[7m  [0m[7m  [0m
2026-02-28 22:00:18 [DEBUG] nexus.web.ssh_tunnel: [7m  [0m[49m  [0m[7m  [0m[7m  [0m[7m  [0m[7m  [0m[7m  [0m[49m  [0m[7m  [0m[49m  [0m[49m  [0m[7m  [0m[49m  [0m[7m  [0m[49m  [0m[7m  [0m[7m  [0m[49m  [0m[49m  [0m[49m  [0m[7m  [0m[7m  [0m[49m  [0m[7m  [0m[49m  [0m[49m  [0m[7m  [0m
2026-02-28 22:00:18 [DEBUG] nexus.web.ssh_tunnel: [7m  [0m[49m  [0m[49m  [0m[49m  [0m[49m  [0m[49m  [0m[49m  [0m[49m  [0m[7m  [0m[49m  [0m[49m  [0m[7m  [0m[7m  [0m[49m  [0m[49m  [0m[7m  [0m[7m  [0m[7m  [0m[7m  [0m[7m  [0m[49m  [0m[49m  [0m[49m  [0m[7m  [0m[7m  [0m[49m  [0m[7m  [0m
2026-02-28 22:00:18 [DEBUG] nexus.web.ssh_tunnel: [7m  [0m[7m  [0m[7m  [0m[7m  [0m[7m  [0m[7m  [0m[7m  [0m[7m  [0m[7m  [0m[7m  [0m[7m  [0m[7m  [0m[7m  [0m[7m  [0m[7m  [0m[7m  [0m[7m  [0m[7m  [0m[7m  [0m[7m  [0m[7m  [0m[7m  [0m[7m  [0m[7m  [0m[7m  [0m[7m  [0m[7m  [0m
2026-02-28 22:00:18 [DEBUG] nexus.web.ssh_tunnel: 
2026-02-28 22:00:26 [DEBUG] nexus.loader: Reloaded 91 commands, 0 inline handlers, 1 callback handlers and 2 watchers
2026-02-28 22:25:11 [DEBUG] root: Got DB
2026-02-28 22:25:11 [DEBUG] root: Loading logging config...
2026-02-28 22:25:12 [DEBUG] nexus.loader: Loading nexus.modules.translations from filesystem
2026-02-28 22:25:12 [DEBUG] nexus.loader: Loading nexus.modules.quickstart from filesystem
2026-02-28 22:25:12 [DEBUG] nexus.loader: Loading nexus.modules.terminal from filesystem
2026-02-28 22:25:12 [DEBUG] nexus.loader: Loading nexus.modules.presets from filesystem
2026-02-28 22:25:12 [DEBUG] nexus.loader: Loading nexus.modules.updater from filesystem
2026-02-28 22:25:12 [DEBUG] nexus.types: Config value was None, so it was reset to False
2026-02-28 22:25:12 [DEBUG] nexus.loader: Loading nexus.modules.test from filesystem
2026-02-28 22:25:12 [DEBUG] nexus.types: Config value was None, so it was reset to 
2026-02-28 22:25:12 [DEBUG] nexus.types: Config value was None, so it was reset to 
2026-02-28 22:25:12 [DEBUG] nexus.loader: Loading nexus.modules.nexus_config from filesystem
2026-02-28 22:25:12 [DEBUG] nexus.loader: Loading nexus.modules.help from filesystem
2026-02-28 22:25:12 [DEBUG] nexus.loader: Loading nexus.modules.settings from filesystem
2026-02-28 22:25:12 [DEBUG] nexus.loader: Loading nexus.modules.nexus_security from filesystem
2026-02-28 22:25:12 [DEBUG] nexus.loader: Loading nexus.modules.nexus_info from filesystem
2026-02-28 22:25:12 [DEBUG] nexus.loader: Loading nexus.modules.inline_stuff from filesystem
2026-02-28 22:25:12 [DEBUG] nexus.loader: Loading nexus.modules.api_protection from filesystem
2026-02-28 22:25:12 [DEBUG] nexus.loader: Loading nexus.modules.nexus_web from filesystem
2026-02-28 22:25:12 [DEBUG] nexus.loader: Loading nexus.modules.nexus_settings from filesystem
2026-02-28 22:25:12 [DEBUG] nexus.loader: Loading nexus.modules.translate from filesystem
2026-02-28 22:25:12 [DEBUG] nexus.loader: Loading nexus.modules.executor from filesystem
2026-02-28 22:25:12 [DEBUG] nexus.loader: Loading nexus.modules.loader from filesystem
2026-02-28 22:25:12 [DEBUG] nexus.types: Config value was None, so it was reset to False
2026-02-28 22:25:12 [DEBUG] nexus.loader: Loading nexus.modules.eval from filesystem
2026-02-28 22:25:12 [DEBUG] nexus.loader: Loading nexus.modules.nexus_backup from filesystem
2026-02-28 22:25:12 [DEBUG] nexus.types: Config value was None, so it was reset to False
2026-02-28 22:25:12 [DEBUG] nexus.types: Config value was None, so it was reset to 
2026-02-28 22:25:12 [DEBUG] nexus.types: Config value was None, so it was reset to 
2026-02-28 22:25:12 [DEBUG] nexus.types: Config value was None, so it was reset to False
2026-02-28 22:25:13 [ERROR] nexus.loader: Failed to send mod init complete signal for <nexus.modules.updater.UpdaterMod object at 0x7f784caf9d30> due to Can't load due to repo init error, attempting unload
Traceback (most recent call last):
  File "<core nexus.modules.updater>", line 478, in client_ready
    git.Repo()
    ~~~~~~~~^^
  File "/var/data/python/lib/python3.13/site-packages/git/repo/base.py", line 224, in __init__
    self.working_dir: Optional[PathLike] = self._working_tree_dir or self.common_dir
                                                                     ^^^^^^^^^^^^^^^
  File "/var/data/python/lib/python3.13/site-packages/git/repo/base.py", line 307, in common_dir
    raise InvalidGitRepositoryError()
git.exc.InvalidGitRepositoryError

The above exception was the direct cause of the following exception:

Traceback (most recent call last):
  File "/home/donotweb/Рабочий стол/Nexus/nexus/loader.py", line 1047, in send_ready_one
    await mod.client_ready()
  File "<core nexus.modules.updater>", line 480, in client_ready
    raise loader.LoadError("Can't load due to repo init error") from e
nexus.types.LoadError: Can't load due to repo init error
2026-02-28 22:25:13 [ERROR] nexus.loader: Failed to send mod init complete signal due to Can't load due to repo init error
Traceback (most recent call last):
  File "<core nexus.modules.updater>", line 478, in client_ready
    git.Repo()
    ~~~~~~~~^^
  File "/var/data/python/lib/python3.13/site-packages/git/repo/base.py", line 224, in __init__
    self.working_dir: Optional[PathLike] = self._working_tree_dir or self.common_dir
                                                                     ^^^^^^^^^^^^^^^
  File "/var/data/python/lib/python3.13/site-packages/git/repo/base.py", line 307, in common_dir
    raise InvalidGitRepositoryError()
git.exc.InvalidGitRepositoryError

The above exception was the direct cause of the following exception:

Traceback (most recent call last):
  File "/home/donotweb/Рабочий стол/Nexus/nexus/loader.py", line 1014, in send_ready_one_wrapper
    await self.send_ready_one(*args, **kwargs)
  File "/home/donotweb/Рабочий стол/Nexus/nexus/loader.py", line 1047, in send_ready_one
    await mod.client_ready()
  File "<core nexus.modules.updater>", line 480, in client_ready
    raise loader.LoadError("Can't load due to repo init error") from e
nexus.types.LoadError: Can't load due to repo init error
2026-02-28 22:25:13 [DEBUG] nexus.modules.loader: Loading modules: {}
2026-02-28 22:25:13 [DEBUG] urllib3.connectionpool: Starting new HTTPS connection (1): raw.githubusercontent.com:443
2026-02-28 22:25:13 [DEBUG] urllib3.connectionpool: https://raw.githubusercontent.com:443 "GET /DoNotWeb/modules/main/full.txt HTTP/1.1" 404 14
2026-02-28 22:25:13 [DEBUG] nexus.modules.loader: Can't load repo https://raw.githubusercontent.com/DoNotWeb/modules/main contents because of 404 status code
2026-02-28 22:25:13 [DEBUG] nexus.modules.loader: Modules: []
2026-02-28 22:25:13 [DEBUG] nexus._local_storage: Preloading modules from remote storage.
2026-02-28 22:25:14 [DEBUG] nexus.tl_cache: Saved hashable_entity nexus_talks to cache
2026-02-28 22:25:14 [DEBUG] nexus.tl_cache: Saved resolved_entity id 2850178142 to cache
2026-02-28 22:25:14 [DEBUG] nexus.tl_cache: Saved resolved_entity username @Nexus_Talks to cache
2026-02-28 22:25:14 [DEBUG] nexus.tl_cache: Saved hashable_entity nexus_talks to cache
2026-02-28 22:25:14 [DEBUG] nexus.tl_cache: Saved resolved_entity id 2850178142 to cache
2026-02-28 22:25:14 [DEBUG] nexus.tl_cache: Saved resolved_entity username @Nexus_Talks to cache
2026-02-28 22:25:14 [DEBUG] nexus.modules.test: Bot logging installed for -1003791363882
2026-02-28 22:25:14 [DEBUG] nexus.loader: Started loop for method <function TestMod.watchdog at 0x7f784bf0b600>
2026-02-28 22:25:14 [DEBUG] nexus.loader: Added module <nexus.modules.test.TestMod object at 0x7f784cafa3c0> to method <nexus.loader.InfiniteLoop object at 0x7f784c98d450>
2026-02-28 22:25:14 [DEBUG] nexus.loader: Started loop for method <function NexusBackupMod.handler at 0x7f784bdedda0>
2026-02-28 22:25:14 [DEBUG] nexus.loader: Added module <nexus.modules.nexus_backup.NexusBackupMod object at 0x7f784be8aba0> to method <nexus.loader.InfiniteLoop object at 0x7f784bdf1480>
2026-02-28 22:25:15 [ERROR] nexus.loader: Failed to send mod init complete signal for <nexus.modules.quickstart.Quickstart object at 0x7f784cafb4d0> due to Telegram server says - Bad Request: wrong type of the web page content, attempting unload
Traceback (most recent call last):
  File "/home/donotweb/Рабочий стол/Nexus/nexus/loader.py", line 1047, in send_ready_one
    await mod.client_ready()
  File "<core nexus.modules.quickstart>", line 40, in client_ready
    await self.request_join(
    ...<2 lines>...
    )
  File "/home/donotweb/Рабочий стол/Nexus/nexus/types.py", line 399, in request_join
    await self.inline.bot.send_photo(
    ...<26 lines>...
    )
  File "/var/data/python/lib/python3.13/site-packages/aiogram/client/bot.py", line 2920, in send_photo
    return await self(call, request_timeout=request_timeout)
           ^^^^^^^^^^^^^^^^^^^^^^^^^^^^^^^^^^^^^^^^^^^^^^^^^
  File "/var/data/python/lib/python3.13/site-packages/aiogram/client/bot.py", line 478, in __call__
    return await self.session(self, method, timeout=request_timeout)
           ^^^^^^^^^^^^^^^^^^^^^^^^^^^^^^^^^^^^^^^^^^^^^^^^^^^^^^^^^
  File "/var/data/python/lib/python3.13/site-packages/aiogram/client/session/base.py", line 254, in __call__
    return cast(TelegramType, await middleware(bot, method))
                              ^^^^^^^^^^^^^^^^^^^^^^^^^^^^^
  File "/var/data/python/lib/python3.13/site-packages/aiogram/client/session/aiohttp.py", line 185, in make_request
    response = self.check_response(
        bot=bot, method=method, status_code=resp.status, content=raw_result
    )
  File "/var/data/python/lib/python3.13/site-packages/aiogram/client/session/base.py", line 120, in check_response
    raise TelegramBadRequest(method=method, message=description)
aiogram.exceptions.TelegramBadRequest: Telegram server says - Bad Request: wrong type of the web page content
2026-02-28 22:25:15 [ERROR] nexus.loader: Failed to send mod init complete signal due to Telegram server says - Bad Request: wrong type of the web page content
Traceback (most recent call last):
  File "/home/donotweb/Рабочий стол/Nexus/nexus/loader.py", line 1014, in send_ready_one_wrapper
    await self.send_ready_one(*args, **kwargs)
  File "/home/donotweb/Рабочий стол/Nexus/nexus/loader.py", line 1047, in send_ready_one
    await mod.client_ready()
  File "<core nexus.modules.quickstart>", line 40, in client_ready
    await self.request_join(
    ...<2 lines>...
    )
  File "/home/donotweb/Рабочий стол/Nexus/nexus/types.py", line 399, in request_join
    await self.inline.bot.send_photo(
    ...<26 lines>...
    )
  File "/var/data/python/lib/python3.13/site-packages/aiogram/client/bot.py", line 2920, in send_photo
    return await self(call, request_timeout=request_timeout)
           ^^^^^^^^^^^^^^^^^^^^^^^^^^^^^^^^^^^^^^^^^^^^^^^^^
  File "/var/data/python/lib/python3.13/site-packages/aiogram/client/bot.py", line 478, in __call__
    return await self.session(self, method, timeout=request_timeout)
           ^^^^^^^^^^^^^^^^^^^^^^^^^^^^^^^^^^^^^^^^^^^^^^^^^^^^^^^^^
  File "/var/data/python/lib/python3.13/site-packages/aiogram/client/session/base.py", line 254, in __call__
    return cast(TelegramType, await middleware(bot, method))
                              ^^^^^^^^^^^^^^^^^^^^^^^^^^^^^
  File "/var/data/python/lib/python3.13/site-packages/aiogram/client/session/aiohttp.py", line 185, in make_request
    response = self.check_response(
        bot=bot, method=method, status_code=resp.status, content=raw_result
    )
  File "/var/data/python/lib/python3.13/site-packages/aiogram/client/session/base.py", line 120, in check_response
    raise TelegramBadRequest(method=method, message=description)
aiogram.exceptions.TelegramBadRequest: Telegram server says - Bad Request: wrong type of the web page content
2026-02-28 22:25:15 [ERROR] root: Badge error
Traceback (most recent call last):
  File "/home/donotweb/Рабочий стол/Nexus/nexus/main.py", line 907, in _badge
    repo = git.Repo()
  File "/var/data/python/lib/python3.13/site-packages/git/repo/base.py", line 224, in __init__
    self.working_dir: Optional[PathLike] = self._working_tree_dir or self.common_dir
                                                                     ^^^^^^^^^^^^^^^
  File "/var/data/python/lib/python3.13/site-packages/git/repo/base.py", line 307, in common_dir
    raise InvalidGitRepositoryError()
git.exc.InvalidGitRepositoryError
2026-02-28 22:25:42 [DEBUG] nexus.loader: Reloaded 91 commands, 0 inline handlers, 1 callback handlers and 2 watchers
2026-02-28 22:25:43 [DEBUG] nexus.modules.api_protection: Successfully installed ratelimiter
2026-02-28 22:26:12 [DEBUG] nexus.loader: Reloaded 91 commands, 0 inline handlers, 1 callback handlers and 2 watchers
2026-02-28 22:26:42 [DEBUG] nexus.loader: Reloaded 91 commands, 0 inline handlers, 1 callback handlers and 2 watchers
2026-02-28 22:27:12 [DEBUG] nexus.loader: Reloaded 91 commands, 0 inline handlers, 1 callback handlers and 2 watchers
2026-02-28 22:27:42 [DEBUG] nexus.loader: Reloaded 91 commands, 0 inline handlers, 1 callback handlers and 2 watchers
2026-02-28 22:28:12 [DEBUG] nexus.loader: Reloaded 91 commands, 0 inline handlers, 1 callback handlers and 2 watchers
2026-02-28 22:28:42 [DEBUG] nexus.loader: Reloaded 91 commands, 0 inline handlers, 1 callback handlers and 2 watchers
2026-02-28 22:29:12 [DEBUG] nexus.loader: Reloaded 91 commands, 0 inline handlers, 1 callback handlers and 2 watchers
2026-02-28 22:29:42 [DEBUG] nexus.loader: Reloaded 91 commands, 0 inline handlers, 1 callback handlers and 2 watchers
2026-02-28 22:30:12 [DEBUG] nexus.loader: Reloaded 91 commands, 0 inline handlers, 1 callback handlers and 2 watchers
2026-02-28 22:30:42 [DEBUG] nexus.loader: Reloaded 91 commands, 0 inline handlers, 1 callback handlers and 2 watchers
2026-02-28 22:31:12 [DEBUG] nexus.loader: Reloaded 91 commands, 0 inline handlers, 1 callback handlers and 2 watchers
2026-02-28 22:31:42 [DEBUG] nexus.loader: Reloaded 91 commands, 0 inline handlers, 1 callback handlers and 2 watchers
2026-02-28 22:32:12 [DEBUG] nexus.loader: Reloaded 91 commands, 0 inline handlers, 1 callback handlers and 2 watchers
2026-02-28 22:32:42 [DEBUG] nexus.loader: Reloaded 91 commands, 0 inline handlers, 1 callback handlers and 2 watchers
2026-02-28 22:33:12 [DEBUG] nexus.loader: Reloaded 91 commands, 0 inline handlers, 1 callback handlers and 2 watchers
2026-02-28 22:33:42 [DEBUG] nexus.loader: Reloaded 91 commands, 0 inline handlers, 1 callback handlers and 2 watchers
2026-02-28 22:34:12 [DEBUG] nexus.loader: Reloaded 91 commands, 0 inline handlers, 1 callback handlers and 2 watchers
2026-02-28 22:34:42 [DEBUG] nexus.loader: Reloaded 91 commands, 0 inline handlers, 1 callback handlers and 2 watchers
2026-02-28 22:35:12 [DEBUG] nexus.loader: Reloaded 91 commands, 0 inline handlers, 1 callback handlers and 2 watchers
2026-02-28 22:35:42 [DEBUG] nexus.loader: Reloaded 91 commands, 0 inline handlers, 1 callback handlers and 2 watchers
2026-02-28 22:36:12 [DEBUG] nexus.loader: Reloaded 91 commands, 0 inline handlers, 1 callback handlers and 2 watchers
2026-02-28 22:36:42 [DEBUG] nexus.loader: Reloaded 91 commands, 0 inline handlers, 1 callback handlers and 2 watchers
2026-02-28 22:37:12 [DEBUG] nexus.loader: Reloaded 91 commands, 0 inline handlers, 1 callback handlers and 2 watchers
2026-03-01 11:23:32 [DEBUG] root: Got DB
2026-03-01 11:23:32 [DEBUG] root: Loading logging config...
2026-03-01 11:23:32 [DEBUG] nexus.loader: Loading nexus.modules.translations from filesystem
2026-03-01 11:23:32 [DEBUG] nexus.loader: Loading nexus.modules.quickstart from filesystem
2026-03-01 11:23:32 [DEBUG] nexus.loader: Loading nexus.modules.terminal from filesystem
2026-03-01 11:23:32 [DEBUG] nexus.loader: Loading nexus.modules.presets from filesystem
2026-03-01 11:23:32 [DEBUG] nexus.loader: Loading nexus.modules.updater from filesystem
2026-03-01 11:23:32 [DEBUG] nexus.types: Config value was None, so it was reset to False
2026-03-01 11:23:32 [DEBUG] nexus.loader: Loading nexus.modules.test from filesystem
2026-03-01 11:23:32 [DEBUG] nexus.types: Config value was None, so it was reset to 
2026-03-01 11:23:32 [DEBUG] nexus.types: Config value was None, so it was reset to 
2026-03-01 11:23:32 [DEBUG] nexus.loader: Loading nexus.modules.nexus_config from filesystem
2026-03-01 11:23:32 [DEBUG] nexus.loader: Loading nexus.modules.help from filesystem
2026-03-01 11:23:32 [DEBUG] nexus.loader: Loading nexus.modules.settings from filesystem
2026-03-01 11:23:32 [DEBUG] nexus.loader: Loading nexus.modules.nexus_security from filesystem
2026-03-01 11:23:32 [DEBUG] nexus.loader: Loading nexus.modules.nexus_info from filesystem
2026-03-01 11:23:32 [DEBUG] nexus.loader: Loading nexus.modules.inline_stuff from filesystem
2026-03-01 11:23:32 [DEBUG] nexus.loader: Loading nexus.modules.api_protection from filesystem
2026-03-01 11:23:32 [DEBUG] nexus.loader: Loading nexus.modules.nexus_web from filesystem
2026-03-01 11:23:32 [DEBUG] nexus.loader: Loading nexus.modules.nexus_settings from filesystem
2026-03-01 11:23:32 [DEBUG] nexus.loader: Loading nexus.modules.translate from filesystem
2026-03-01 11:23:32 [DEBUG] nexus.loader: Loading nexus.modules.executor from filesystem
2026-03-01 11:23:32 [DEBUG] nexus.loader: Loading nexus.modules.loader from filesystem
2026-03-01 11:23:32 [DEBUG] nexus.types: Config value was None, so it was reset to False
2026-03-01 11:23:32 [DEBUG] nexus.loader: Loading nexus.modules.eval from filesystem
2026-03-01 11:23:32 [DEBUG] nexus.loader: Loading nexus.modules.nexus_backup from filesystem
2026-03-01 11:23:32 [DEBUG] nexus.types: Config value was None, so it was reset to False
2026-03-01 11:23:32 [DEBUG] nexus.types: Config value was None, so it was reset to 
2026-03-01 11:23:32 [DEBUG] nexus.types: Config value was None, so it was reset to 
2026-03-01 11:23:32 [DEBUG] nexus.types: Config value was None, so it was reset to False
2026-03-01 11:23:33 [ERROR] nexus.loader: Failed to send mod init complete signal for <nexus.modules.updater.UpdaterMod object at 0x7f616adddd30> due to Can't load due to repo init error, attempting unload
Traceback (most recent call last):
  File "<core nexus.modules.updater>", line 478, in client_ready
    git.Repo()
    ~~~~~~~~^^
  File "/var/data/python/lib/python3.13/site-packages/git/repo/base.py", line 224, in __init__
    self.working_dir: Optional[PathLike] = self._working_tree_dir or self.common_dir
                                                                     ^^^^^^^^^^^^^^^
  File "/var/data/python/lib/python3.13/site-packages/git/repo/base.py", line 307, in common_dir
    raise InvalidGitRepositoryError()
git.exc.InvalidGitRepositoryError

The above exception was the direct cause of the following exception:

Traceback (most recent call last):
  File "/home/donotweb/Рабочий стол/Nexus/nexus/loader.py", line 1047, in send_ready_one
    await mod.client_ready()
  File "<core nexus.modules.updater>", line 480, in client_ready
    raise loader.LoadError("Can't load due to repo init error") from e
nexus.types.LoadError: Can't load due to repo init error
2026-03-01 11:23:33 [ERROR] nexus.loader: Failed to send mod init complete signal due to Can't load due to repo init error
Traceback (most recent call last):
  File "<core nexus.modules.updater>", line 478, in client_ready
    git.Repo()
    ~~~~~~~~^^
  File "/var/data/python/lib/python3.13/site-packages/git/repo/base.py", line 224, in __init__
    self.working_dir: Optional[PathLike] = self._working_tree_dir or self.common_dir
                                                                     ^^^^^^^^^^^^^^^
  File "/var/data/python/lib/python3.13/site-packages/git/repo/base.py", line 307, in common_dir
    raise InvalidGitRepositoryError()
git.exc.InvalidGitRepositoryError

The above exception was the direct cause of the following exception:

Traceback (most recent call last):
  File "/home/donotweb/Рабочий стол/Nexus/nexus/loader.py", line 1014, in send_ready_one_wrapper
    await self.send_ready_one(*args, **kwargs)
  File "/home/donotweb/Рабочий стол/Nexus/nexus/loader.py", line 1047, in send_ready_one
    await mod.client_ready()
  File "<core nexus.modules.updater>", line 480, in client_ready
    raise loader.LoadError("Can't load due to repo init error") from e
nexus.types.LoadError: Can't load due to repo init error
2026-03-01 11:23:33 [DEBUG] nexus.modules.loader: Loading modules: {}
2026-03-01 11:23:34 [DEBUG] urllib3.connectionpool: Starting new HTTPS connection (1): raw.githubusercontent.com:443
2026-03-01 11:23:34 [DEBUG] urllib3.connectionpool: https://raw.githubusercontent.com:443 "GET /DoNotWeb/modules/main/full.txt HTTP/1.1" 404 14
2026-03-01 11:23:34 [DEBUG] nexus.modules.loader: Can't load repo https://raw.githubusercontent.com/DoNotWeb/modules/main contents because of 404 status code
2026-03-01 11:23:34 [DEBUG] nexus.modules.loader: Modules: []
2026-03-01 11:23:34 [DEBUG] nexus._local_storage: Preloading modules from remote storage.
2026-03-01 11:23:34 [DEBUG] nexus.tl_cache: Saved hashable_entity nexus_talks to cache
2026-03-01 11:23:34 [DEBUG] nexus.tl_cache: Saved resolved_entity id 2850178142 to cache
2026-03-01 11:23:34 [DEBUG] nexus.tl_cache: Saved resolved_entity username @Nexus_Talks to cache
2026-03-01 11:23:35 [DEBUG] nexus.tl_cache: Saved hashable_entity nexus_talks to cache
2026-03-01 11:23:35 [DEBUG] nexus.tl_cache: Saved resolved_entity id 2850178142 to cache
2026-03-01 11:23:35 [DEBUG] nexus.tl_cache: Saved resolved_entity username @Nexus_Talks to cache
2026-03-01 11:23:35 [DEBUG] nexus.modules.test: Bot logging installed for -1003791363882
2026-03-01 11:23:35 [DEBUG] nexus.loader: Started loop for method <function TestMod.watchdog at 0x7f616a3d36a0>
2026-03-01 11:23:35 [DEBUG] nexus.loader: Added module <nexus.modules.test.TestMod object at 0x7f616adde3c0> to method <nexus.loader.InfiniteLoop object at 0x7f616a479090>
2026-03-01 11:23:35 [DEBUG] nexus.loader: Started loop for method <function NexusBackupMod.handler at 0x7f616a0e9e40>
2026-03-01 11:23:35 [DEBUG] nexus.loader: Added module <nexus.modules.nexus_backup.NexusBackupMod object at 0x7f616a176ba0> to method <nexus.loader.InfiniteLoop object at 0x7f616a0f55b0>
2026-03-01 11:23:36 [ERROR] nexus.loader: Failed to send mod init complete signal for <nexus.modules.quickstart.Quickstart object at 0x7f616addfa10> due to Telegram server says - Bad Request: wrong type of the web page content, attempting unload
Traceback (most recent call last):
  File "/home/donotweb/Рабочий стол/Nexus/nexus/loader.py", line 1047, in send_ready_one
    await mod.client_ready()
  File "<core nexus.modules.quickstart>", line 40, in client_ready
    await self.request_join(
    ...<2 lines>...
    )
  File "/home/donotweb/Рабочий стол/Nexus/nexus/types.py", line 399, in request_join
    await self.inline.bot.send_photo(
    ...<26 lines>...
    )
  File "/var/data/python/lib/python3.13/site-packages/aiogram/client/bot.py", line 2920, in send_photo
    return await self(call, request_timeout=request_timeout)
           ^^^^^^^^^^^^^^^^^^^^^^^^^^^^^^^^^^^^^^^^^^^^^^^^^
  File "/var/data/python/lib/python3.13/site-packages/aiogram/client/bot.py", line 478, in __call__
    return await self.session(self, method, timeout=request_timeout)
           ^^^^^^^^^^^^^^^^^^^^^^^^^^^^^^^^^^^^^^^^^^^^^^^^^^^^^^^^^
  File "/var/data/python/lib/python3.13/site-packages/aiogram/client/session/base.py", line 254, in __call__
    return cast(TelegramType, await middleware(bot, method))
                              ^^^^^^^^^^^^^^^^^^^^^^^^^^^^^
  File "/var/data/python/lib/python3.13/site-packages/aiogram/client/session/aiohttp.py", line 185, in make_request
    response = self.check_response(
        bot=bot, method=method, status_code=resp.status, content=raw_result
    )
  File "/var/data/python/lib/python3.13/site-packages/aiogram/client/session/base.py", line 120, in check_response
    raise TelegramBadRequest(method=method, message=description)
aiogram.exceptions.TelegramBadRequest: Telegram server says - Bad Request: wrong type of the web page content
2026-03-01 11:23:36 [ERROR] nexus.loader: Failed to send mod init complete signal due to Telegram server says - Bad Request: wrong type of the web page content
Traceback (most recent call last):
  File "/home/donotweb/Рабочий стол/Nexus/nexus/loader.py", line 1014, in send_ready_one_wrapper
    await self.send_ready_one(*args, **kwargs)
  File "/home/donotweb/Рабочий стол/Nexus/nexus/loader.py", line 1047, in send_ready_one
    await mod.client_ready()
  File "<core nexus.modules.quickstart>", line 40, in client_ready
    await self.request_join(
    ...<2 lines>...
    )
  File "/home/donotweb/Рабочий стол/Nexus/nexus/types.py", line 399, in request_join
    await self.inline.bot.send_photo(
    ...<26 lines>...
    )
  File "/var/data/python/lib/python3.13/site-packages/aiogram/client/bot.py", line 2920, in send_photo
    return await self(call, request_timeout=request_timeout)
           ^^^^^^^^^^^^^^^^^^^^^^^^^^^^^^^^^^^^^^^^^^^^^^^^^
  File "/var/data/python/lib/python3.13/site-packages/aiogram/client/bot.py", line 478, in __call__
    return await self.session(self, method, timeout=request_timeout)
           ^^^^^^^^^^^^^^^^^^^^^^^^^^^^^^^^^^^^^^^^^^^^^^^^^^^^^^^^^
  File "/var/data/python/lib/python3.13/site-packages/aiogram/client/session/base.py", line 254, in __call__
    return cast(TelegramType, await middleware(bot, method))
                              ^^^^^^^^^^^^^^^^^^^^^^^^^^^^^
  File "/var/data/python/lib/python3.13/site-packages/aiogram/client/session/aiohttp.py", line 185, in make_request
    response = self.check_response(
        bot=bot, method=method, status_code=resp.status, content=raw_result
    )
  File "/var/data/python/lib/python3.13/site-packages/aiogram/client/session/base.py", line 120, in check_response
    raise TelegramBadRequest(method=method, message=description)
aiogram.exceptions.TelegramBadRequest: Telegram server says - Bad Request: wrong type of the web page content
2026-03-01 11:23:36 [ERROR] root: Badge error
Traceback (most recent call last):
  File "/home/donotweb/Рабочий стол/Nexus/nexus/main.py", line 907, in _badge
    repo = git.Repo()
  File "/var/data/python/lib/python3.13/site-packages/git/repo/base.py", line 224, in __init__
    self.working_dir: Optional[PathLike] = self._working_tree_dir or self.common_dir
                                                                     ^^^^^^^^^^^^^^^
  File "/var/data/python/lib/python3.13/site-packages/git/repo/base.py", line 307, in common_dir
    raise InvalidGitRepositoryError()
git.exc.InvalidGitRepositoryError
2026-03-01 11:24:02 [DEBUG] nexus.loader: Reloaded 91 commands, 0 inline handlers, 1 callback handlers and 2 watchers
2026-03-01 11:24:03 [DEBUG] nexus.modules.api_protection: Successfully installed ratelimiter
2026-03-01 11:24:32 [DEBUG] nexus.loader: Reloaded 91 commands, 0 inline handlers, 1 callback handlers and 2 watchers
2026-03-01 11:24:52 [ERROR] nexus.dispatcher: Command failed
Traceback (most recent call last):
  File "/home/donotweb/Рабочий стол/Nexus/nexus/dispatcher.py", line 719, in future_dispatcher
    await func(message)
  File "<core nexus.modules.nexus_info>", line 320, in infocmd
    await utils.answer(
    ...<4 lines>...
    )
  File "/home/donotweb/Рабочий стол/Nexus/nexus/utils.py", line 613, in answer
    result = await (message.edit if edit else message.respond)(
             ^^^^^^^^^^^^^^^^^^^^^^^^^^^^^^^^^^^^^^^^^^^^^^^^^^
    ...<3 lines>...
    )
    ^
  File "/var/data/python/lib/python3.13/site-packages/herokutl/tl/custom/message.py", line 888, in edit
    return await self._client.edit_message(
           ^^^^^^^^^^^^^^^^^^^^^^^^^^^^^^^^
    ...<2 lines>...
    )
    ^
  File "/var/data/python/lib/python3.13/site-packages/herokutl/client/messages.py", line 1269, in edit_message
    msg = self._get_response_message(request, await self(request), entity)
                                              ^^^^^^^^^^^^^^^^^^^
  File "/var/data/python/lib/python3.13/site-packages/herokutl/client/users.py", line 30, in __call__
    return await self._call(self._sender, request, ordered=ordered)
           ^^^^^^^^^^^^^^^^^^^^^^^^^^^^^^^^^^^^^^^^^^^^^^^^^^^^^^^^
  File "<core nexus.modules.api_protection>", line 203, in new_call
    return await old_call(sender, request, ordered, flood_sleep_threshold)
           ^^^^^^^^^^^^^^^^^^^^^^^^^^^^^^^^^^^^^^^^^^^^^^^^^^^^^^^^^^^^^^^
  File "/home/donotweb/Рабочий стол/Nexus/nexus/tl_cache.py", line 722, in _call
    return await super()._call(
           ^^^^^^^^^^^^^^^^^^^^
    ...<4 lines>...
    )
    ^
  File "/var/data/python/lib/python3.13/site-packages/herokutl/client/users.py", line 92, in _call
    result = await future
             ^^^^^^^^^^^^
herokutl.errors.rpcerrorlist.WebpageMediaEmptyError: Webpage media empty (caused by EditMessageRequest)
2026-03-01 11:25:02 [DEBUG] nexus.loader: Reloaded 91 commands, 0 inline handlers, 1 callback handlers and 2 watchers
2026-03-01 11:25:32 [DEBUG] nexus.loader: Reloaded 91 commands, 0 inline handlers, 1 callback handlers and 2 watchers
2026-03-01 11:26:02 [DEBUG] nexus.loader: Reloaded 91 commands, 0 inline handlers, 1 callback handlers and 2 watchers
2026-03-01 11:29:37 [DEBUG] root: Got DB
2026-03-01 11:29:37 [DEBUG] root: Loading logging config...
2026-03-01 11:29:37 [DEBUG] nexus.loader: Loading nexus.modules.translations from filesystem
2026-03-01 11:29:37 [DEBUG] nexus.loader: Loading nexus.modules.quickstart from filesystem
2026-03-01 11:29:37 [DEBUG] nexus.loader: Loading nexus.modules.terminal from filesystem
2026-03-01 11:29:37 [DEBUG] nexus.loader: Loading nexus.modules.presets from filesystem
2026-03-01 11:29:37 [DEBUG] nexus.loader: Loading nexus.modules.updater from filesystem
2026-03-01 11:29:37 [DEBUG] nexus.types: Config value was None, so it was reset to False
2026-03-01 11:29:37 [DEBUG] nexus.loader: Loading nexus.modules.test from filesystem
2026-03-01 11:29:37 [DEBUG] nexus.types: Config value was None, so it was reset to 
2026-03-01 11:29:37 [DEBUG] nexus.types: Config value was None, so it was reset to 
2026-03-01 11:29:37 [DEBUG] nexus.loader: Loading nexus.modules.nexus_config from filesystem
2026-03-01 11:29:37 [DEBUG] nexus.loader: Loading nexus.modules.help from filesystem
2026-03-01 11:29:37 [DEBUG] nexus.loader: Loading nexus.modules.settings from filesystem
2026-03-01 11:29:37 [DEBUG] nexus.loader: Loading nexus.modules.nexus_security from filesystem
2026-03-01 11:29:37 [DEBUG] nexus.loader: Loading nexus.modules.nexus_info from filesystem
2026-03-01 11:29:37 [DEBUG] nexus.loader: Loading nexus.modules.inline_stuff from filesystem
2026-03-01 11:29:37 [DEBUG] nexus.loader: Loading nexus.modules.api_protection from filesystem
2026-03-01 11:29:37 [DEBUG] nexus.loader: Loading nexus.modules.nexus_web from filesystem
2026-03-01 11:29:37 [DEBUG] nexus.loader: Loading nexus.modules.nexus_settings from filesystem
2026-03-01 11:29:37 [DEBUG] nexus.loader: Loading nexus.modules.translate from filesystem
2026-03-01 11:29:37 [DEBUG] nexus.loader: Loading nexus.modules.executor from filesystem
2026-03-01 11:29:37 [DEBUG] nexus.loader: Loading nexus.modules.loader from filesystem
2026-03-01 11:29:37 [DEBUG] nexus.types: Config value was None, so it was reset to False
2026-03-01 11:29:37 [DEBUG] nexus.loader: Loading nexus.modules.eval from filesystem
2026-03-01 11:29:37 [DEBUG] nexus.loader: Loading nexus.modules.nexus_backup from filesystem
2026-03-01 11:29:37 [DEBUG] nexus.types: Config value was None, so it was reset to False
2026-03-01 11:29:37 [DEBUG] nexus.types: Config value was None, so it was reset to 
2026-03-01 11:29:37 [DEBUG] nexus.types: Config value was None, so it was reset to 
2026-03-01 11:29:37 [DEBUG] nexus.types: Config value was None, so it was reset to False
2026-03-01 11:29:43 [ERROR] nexus.loader: Failed to send mod init complete signal for <nexus.modules.updater.UpdaterMod object at 0x7f8c9bdecec0> due to Can't load due to repo init error, attempting unload
Traceback (most recent call last):
  File "<core nexus.modules.updater>", line 478, in client_ready
    git.Repo()
    ~~~~~~~~^^
  File "/var/data/python/lib/python3.13/site-packages/git/repo/base.py", line 224, in __init__
    self.working_dir: Optional[PathLike] = self._working_tree_dir or self.common_dir
                                                                     ^^^^^^^^^^^^^^^
  File "/var/data/python/lib/python3.13/site-packages/git/repo/base.py", line 307, in common_dir
    raise InvalidGitRepositoryError()
git.exc.InvalidGitRepositoryError

The above exception was the direct cause of the following exception:

Traceback (most recent call last):
  File "/home/donotweb/Рабочий стол/Nexus/nexus/loader.py", line 1047, in send_ready_one
    await mod.client_ready()
  File "<core nexus.modules.updater>", line 480, in client_ready
    raise loader.LoadError("Can't load due to repo init error") from e
nexus.types.LoadError: Can't load due to repo init error
2026-03-01 11:29:43 [ERROR] nexus.loader: Failed to send mod init complete signal due to Can't load due to repo init error
Traceback (most recent call last):
  File "<core nexus.modules.updater>", line 478, in client_ready
    git.Repo()
    ~~~~~~~~^^
  File "/var/data/python/lib/python3.13/site-packages/git/repo/base.py", line 224, in __init__
    self.working_dir: Optional[PathLike] = self._working_tree_dir or self.common_dir
                                                                     ^^^^^^^^^^^^^^^
  File "/var/data/python/lib/python3.13/site-packages/git/repo/base.py", line 307, in common_dir
    raise InvalidGitRepositoryError()
git.exc.InvalidGitRepositoryError

The above exception was the direct cause of the following exception:

Traceback (most recent call last):
  File "/home/donotweb/Рабочий стол/Nexus/nexus/loader.py", line 1014, in send_ready_one_wrapper
    await self.send_ready_one(*args, **kwargs)
  File "/home/donotweb/Рабочий стол/Nexus/nexus/loader.py", line 1047, in send_ready_one
    await mod.client_ready()
  File "<core nexus.modules.updater>", line 480, in client_ready
    raise loader.LoadError("Can't load due to repo init error") from e
nexus.types.LoadError: Can't load due to repo init error
2026-03-01 11:29:43 [DEBUG] nexus.modules.loader: Loading modules: {}
2026-03-01 11:29:44 [DEBUG] urllib3.connectionpool: Starting new HTTPS connection (1): raw.githubusercontent.com:443
2026-03-01 11:29:44 [DEBUG] urllib3.connectionpool: https://raw.githubusercontent.com:443 "GET /DoNotWeb/modules/main/full.txt HTTP/1.1" 404 14
2026-03-01 11:29:44 [DEBUG] nexus.modules.loader: Can't load repo https://raw.githubusercontent.com/DoNotWeb/modules/main contents because of 404 status code
2026-03-01 11:29:44 [DEBUG] nexus.modules.loader: Modules: []
2026-03-01 11:29:44 [DEBUG] nexus._local_storage: Preloading modules from remote storage.
2026-03-01 11:29:44 [DEBUG] nexus.tl_cache: Saved hashable_entity nexus_talks to cache
2026-03-01 11:29:44 [DEBUG] nexus.tl_cache: Saved resolved_entity id 2850178142 to cache
2026-03-01 11:29:44 [DEBUG] nexus.tl_cache: Saved resolved_entity username @Nexus_Talks to cache
2026-03-01 11:29:44 [DEBUG] nexus.tl_cache: Saved hashable_entity nexus_talks to cache
2026-03-01 11:29:44 [DEBUG] nexus.tl_cache: Saved resolved_entity id 2850178142 to cache
2026-03-01 11:29:44 [DEBUG] nexus.tl_cache: Saved resolved_entity username @Nexus_Talks to cache
2026-03-01 11:29:45 [ERROR] nexus.loader: Failed to send mod init complete signal for <nexus.modules.quickstart.Quickstart object at 0x7f8c9bdeef90> due to Telegram server says - Bad Request: wrong type of the web page content, attempting unload
Traceback (most recent call last):
  File "/home/donotweb/Рабочий стол/Nexus/nexus/loader.py", line 1047, in send_ready_one
    await mod.client_ready()
  File "<core nexus.modules.quickstart>", line 40, in client_ready
    await self.request_join(
    ...<2 lines>...
    )
  File "/home/donotweb/Рабочий стол/Nexus/nexus/types.py", line 399, in request_join
    await self.inline.bot.send_photo(
    ...<26 lines>...
    )
  File "/var/data/python/lib/python3.13/site-packages/aiogram/client/bot.py", line 2920, in send_photo
    return await self(call, request_timeout=request_timeout)
           ^^^^^^^^^^^^^^^^^^^^^^^^^^^^^^^^^^^^^^^^^^^^^^^^^
  File "/var/data/python/lib/python3.13/site-packages/aiogram/client/bot.py", line 478, in __call__
    return await self.session(self, method, timeout=request_timeout)
           ^^^^^^^^^^^^^^^^^^^^^^^^^^^^^^^^^^^^^^^^^^^^^^^^^^^^^^^^^
  File "/var/data/python/lib/python3.13/site-packages/aiogram/client/session/base.py", line 254, in __call__
    return cast(TelegramType, await middleware(bot, method))
                              ^^^^^^^^^^^^^^^^^^^^^^^^^^^^^
  File "/var/data/python/lib/python3.13/site-packages/aiogram/client/session/aiohttp.py", line 185, in make_request
    response = self.check_response(
        bot=bot, method=method, status_code=resp.status, content=raw_result
    )
  File "/var/data/python/lib/python3.13/site-packages/aiogram/client/session/base.py", line 120, in check_response
    raise TelegramBadRequest(method=method, message=description)
aiogram.exceptions.TelegramBadRequest: Telegram server says - Bad Request: wrong type of the web page content
2026-03-01 11:29:45 [ERROR] nexus.loader: Failed to send mod init complete signal due to Telegram server says - Bad Request: wrong type of the web page content
Traceback (most recent call last):
  File "/home/donotweb/Рабочий стол/Nexus/nexus/loader.py", line 1014, in send_ready_one_wrapper
    await self.send_ready_one(*args, **kwargs)
  File "/home/donotweb/Рабочий стол/Nexus/nexus/loader.py", line 1047, in send_ready_one
    await mod.client_ready()
  File "<core nexus.modules.quickstart>", line 40, in client_ready
    await self.request_join(
    ...<2 lines>...
    )
  File "/home/donotweb/Рабочий стол/Nexus/nexus/types.py", line 399, in request_join
    await self.inline.bot.send_photo(
    ...<26 lines>...
    )
  File "/var/data/python/lib/python3.13/site-packages/aiogram/client/bot.py", line 2920, in send_photo
    return await self(call, request_timeout=request_timeout)
           ^^^^^^^^^^^^^^^^^^^^^^^^^^^^^^^^^^^^^^^^^^^^^^^^^
  File "/var/data/python/lib/python3.13/site-packages/aiogram/client/bot.py", line 478, in __call__
    return await self.session(self, method, timeout=request_timeout)
           ^^^^^^^^^^^^^^^^^^^^^^^^^^^^^^^^^^^^^^^^^^^^^^^^^^^^^^^^^
  File "/var/data/python/lib/python3.13/site-packages/aiogram/client/session/base.py", line 254, in __call__
    return cast(TelegramType, await middleware(bot, method))
                              ^^^^^^^^^^^^^^^^^^^^^^^^^^^^^
  File "/var/data/python/lib/python3.13/site-packages/aiogram/client/session/aiohttp.py", line 185, in make_request
    response = self.check_response(
        bot=bot, method=method, status_code=resp.status, content=raw_result
    )
  File "/var/data/python/lib/python3.13/site-packages/aiogram/client/session/base.py", line 120, in check_response
    raise TelegramBadRequest(method=method, message=description)
aiogram.exceptions.TelegramBadRequest: Telegram server says - Bad Request: wrong type of the web page content
2026-03-01 11:29:45 [DEBUG] nexus.loader: Started loop for method <function NexusBackupMod.handler at 0x7f8c9b0e5c60>
2026-03-01 11:29:45 [DEBUG] nexus.loader: Added module <nexus.modules.nexus_backup.NexusBackupMod object at 0x7f8c9b17ea50> to method <nexus.loader.InfiniteLoop object at 0x7f8c9b0ed480>
2026-03-01 11:29:45 [DEBUG] nexus.modules.test: Bot logging installed for -1003791363882
2026-03-01 11:29:45 [DEBUG] nexus.loader: Started loop for method <function TestMod.watchdog at 0x7f8c9b23f4c0>
2026-03-01 11:29:45 [DEBUG] nexus.loader: Added module <nexus.modules.test.TestMod object at 0x7f8c9bded160> to method <nexus.loader.InfiniteLoop object at 0x7f8c9bc891d0>
2026-03-01 11:29:45 [ERROR] root: Badge error
Traceback (most recent call last):
  File "/home/donotweb/Рабочий стол/Nexus/nexus/main.py", line 907, in _badge
    repo = git.Repo()
  File "/var/data/python/lib/python3.13/site-packages/git/repo/base.py", line 224, in __init__
    self.working_dir: Optional[PathLike] = self._working_tree_dir or self.common_dir
                                                                     ^^^^^^^^^^^^^^^
  File "/var/data/python/lib/python3.13/site-packages/git/repo/base.py", line 307, in common_dir
    raise InvalidGitRepositoryError()
git.exc.InvalidGitRepositoryError
2026-03-01 11:30:07 [DEBUG] nexus.loader: Reloaded 91 commands, 0 inline handlers, 1 callback handlers and 2 watchers
2026-03-01 11:30:13 [DEBUG] nexus.modules.api_protection: Successfully installed ratelimiter
2026-03-01 11:30:19 [ERROR] nexus.dispatcher: Command failed
Traceback (most recent call last):
  File "/home/donotweb/Рабочий стол/Nexus/nexus/dispatcher.py", line 719, in future_dispatcher
    await func(message)
  File "<core nexus.modules.settings>", line 123, in nexuscmd
    await utils.answer(
    ...<18 lines>...
    )
  File "/home/donotweb/Рабочий стол/Nexus/nexus/utils.py", line 613, in answer
    result = await (message.edit if edit else message.respond)(
             ^^^^^^^^^^^^^^^^^^^^^^^^^^^^^^^^^^^^^^^^^^^^^^^^^^
    ...<3 lines>...
    )
    ^
  File "/var/data/python/lib/python3.13/site-packages/herokutl/tl/custom/message.py", line 888, in edit
    return await self._client.edit_message(
           ^^^^^^^^^^^^^^^^^^^^^^^^^^^^^^^^
    ...<2 lines>...
    )
    ^
  File "/var/data/python/lib/python3.13/site-packages/herokutl/client/messages.py", line 1269, in edit_message
    msg = self._get_response_message(request, await self(request), entity)
                                              ^^^^^^^^^^^^^^^^^^^
  File "/var/data/python/lib/python3.13/site-packages/herokutl/client/users.py", line 30, in __call__
    return await self._call(self._sender, request, ordered=ordered)
           ^^^^^^^^^^^^^^^^^^^^^^^^^^^^^^^^^^^^^^^^^^^^^^^^^^^^^^^^
  File "<core nexus.modules.api_protection>", line 203, in new_call
    return await old_call(sender, request, ordered, flood_sleep_threshold)
           ^^^^^^^^^^^^^^^^^^^^^^^^^^^^^^^^^^^^^^^^^^^^^^^^^^^^^^^^^^^^^^^
  File "/home/donotweb/Рабочий стол/Nexus/nexus/tl_cache.py", line 722, in _call
    return await super()._call(
           ^^^^^^^^^^^^^^^^^^^^
    ...<4 lines>...
    )
    ^
  File "/var/data/python/lib/python3.13/site-packages/herokutl/client/users.py", line 92, in _call
    result = await future
             ^^^^^^^^^^^^
herokutl.errors.rpcerrorlist.WebpageMediaEmptyError: Webpage media empty (caused by EditMessageRequest)
2026-03-01 11:30:23 [ERROR] nexus.dispatcher: Command failed
Traceback (most recent call last):
  File "/home/donotweb/Рабочий стол/Nexus/nexus/dispatcher.py", line 719, in future_dispatcher
    await func(message)
  File "<core nexus.modules.nexus_info>", line 320, in infocmd
    await utils.answer(
    ...<4 lines>...
    )
  File "/home/donotweb/Рабочий стол/Nexus/nexus/utils.py", line 613, in answer
    result = await (message.edit if edit else message.respond)(
             ^^^^^^^^^^^^^^^^^^^^^^^^^^^^^^^^^^^^^^^^^^^^^^^^^^
    ...<3 lines>...
    )
    ^
  File "/var/data/python/lib/python3.13/site-packages/herokutl/tl/custom/message.py", line 888, in edit
    return await self._client.edit_message(
           ^^^^^^^^^^^^^^^^^^^^^^^^^^^^^^^^
    ...<2 lines>...
    )
    ^
  File "/var/data/python/lib/python3.13/site-packages/herokutl/client/messages.py", line 1269, in edit_message
    msg = self._get_response_message(request, await self(request), entity)
                                              ^^^^^^^^^^^^^^^^^^^
  File "/var/data/python/lib/python3.13/site-packages/herokutl/client/users.py", line 30, in __call__
    return await self._call(self._sender, request, ordered=ordered)
           ^^^^^^^^^^^^^^^^^^^^^^^^^^^^^^^^^^^^^^^^^^^^^^^^^^^^^^^^
  File "<core nexus.modules.api_protection>", line 203, in new_call
    return await old_call(sender, request, ordered, flood_sleep_threshold)
           ^^^^^^^^^^^^^^^^^^^^^^^^^^^^^^^^^^^^^^^^^^^^^^^^^^^^^^^^^^^^^^^
  File "/home/donotweb/Рабочий стол/Nexus/nexus/tl_cache.py", line 722, in _call
    return await super()._call(
           ^^^^^^^^^^^^^^^^^^^^
    ...<4 lines>...
    )
    ^
  File "/var/data/python/lib/python3.13/site-packages/herokutl/client/users.py", line 92, in _call
    result = await future
             ^^^^^^^^^^^^
herokutl.errors.rpcerrorlist.WebpageMediaEmptyError: Webpage media empty (caused by EditMessageRequest)
2026-03-01 11:30:37 [DEBUG] nexus.loader: Reloaded 91 commands, 0 inline handlers, 1 callback handlers and 2 watchers
2026-03-01 11:31:07 [DEBUG] nexus.loader: Reloaded 91 commands, 0 inline handlers, 1 callback handlers and 2 watchers
2026-03-01 11:31:37 [DEBUG] nexus.loader: Reloaded 91 commands, 0 inline handlers, 1 callback handlers and 2 watchers
2026-03-01 11:31:40 [ERROR] root: Unexpected exception in main loop: Event loop stopped before Future completed.
Traceback (most recent call last):
  File "/home/donotweb/Рабочий стол/Nexus/nexus/main.py", line 1096, in main
    self.loop.run_until_complete(self._main())
    ~~~~~~~~~~~~~~~~~~~~~~~~~~~~^^^^^^^^^^^^^^
  File "/usr/lib/python3.13/asyncio/base_events.py", line 723, in run_until_complete
    raise RuntimeError('Event loop stopped before Future completed.')
RuntimeError: Event loop stopped before Future completed.
2026-03-01 11:31:40 [INFO] root: Bye!
2026-03-01 11:31:46 [DEBUG] root: Got DB
2026-03-01 11:31:46 [DEBUG] root: Loading logging config...
2026-03-01 11:31:47 [DEBUG] nexus.loader: Loading nexus.modules.translations from filesystem
2026-03-01 11:31:47 [DEBUG] nexus.loader: Loading nexus.modules.quickstart from filesystem
2026-03-01 11:31:47 [DEBUG] nexus.loader: Loading nexus.modules.terminal from filesystem
2026-03-01 11:31:47 [DEBUG] nexus.loader: Loading nexus.modules.presets from filesystem
2026-03-01 11:31:47 [DEBUG] nexus.loader: Loading nexus.modules.updater from filesystem
2026-03-01 11:31:47 [DEBUG] nexus.types: Config value was None, so it was reset to False
2026-03-01 11:31:47 [DEBUG] nexus.loader: Loading nexus.modules.test from filesystem
2026-03-01 11:31:47 [DEBUG] nexus.types: Config value was None, so it was reset to 
2026-03-01 11:31:47 [DEBUG] nexus.types: Config value was None, so it was reset to 
2026-03-01 11:31:47 [DEBUG] nexus.loader: Loading nexus.modules.nexus_config from filesystem
2026-03-01 11:31:47 [DEBUG] nexus.loader: Loading nexus.modules.help from filesystem
2026-03-01 11:31:47 [DEBUG] nexus.loader: Loading nexus.modules.settings from filesystem
2026-03-01 11:31:47 [DEBUG] nexus.loader: Loading nexus.modules.nexus_security from filesystem
2026-03-01 11:31:47 [DEBUG] nexus.loader: Loading nexus.modules.nexus_info from filesystem
2026-03-01 11:31:47 [DEBUG] nexus.loader: Loading nexus.modules.inline_stuff from filesystem
2026-03-01 11:31:47 [DEBUG] nexus.loader: Loading nexus.modules.api_protection from filesystem
2026-03-01 11:31:47 [DEBUG] nexus.loader: Loading nexus.modules.nexus_web from filesystem
2026-03-01 11:31:47 [DEBUG] nexus.loader: Loading nexus.modules.nexus_settings from filesystem
2026-03-01 11:31:47 [DEBUG] nexus.loader: Loading nexus.modules.translate from filesystem
2026-03-01 11:31:47 [DEBUG] nexus.loader: Loading nexus.modules.executor from filesystem
2026-03-01 11:31:47 [DEBUG] nexus.loader: Loading nexus.modules.loader from filesystem
2026-03-01 11:31:47 [DEBUG] nexus.types: Config value was None, so it was reset to False
2026-03-01 11:31:47 [DEBUG] nexus.loader: Loading nexus.modules.eval from filesystem
2026-03-01 11:31:47 [DEBUG] nexus.loader: Loading nexus.modules.nexus_backup from filesystem
2026-03-01 11:31:47 [DEBUG] nexus.types: Config value was None, so it was reset to False
2026-03-01 11:31:47 [DEBUG] nexus.types: Config value was None, so it was reset to 
2026-03-01 11:31:47 [DEBUG] nexus.types: Config value was None, so it was reset to 
2026-03-01 11:31:47 [DEBUG] nexus.types: Config value was None, so it was reset to False
2026-03-01 11:31:48 [ERROR] nexus.loader: Failed to send mod init complete signal for <nexus.modules.updater.UpdaterMod object at 0x7f2ea6ef6120> due to Can't load due to repo init error, attempting unload
Traceback (most recent call last):
  File "<core nexus.modules.updater>", line 478, in client_ready
    git.Repo()
    ~~~~~~~~^^
  File "/var/data/python/lib/python3.13/site-packages/git/repo/base.py", line 224, in __init__
    self.working_dir: Optional[PathLike] = self._working_tree_dir or self.common_dir
                                                                     ^^^^^^^^^^^^^^^
  File "/var/data/python/lib/python3.13/site-packages/git/repo/base.py", line 307, in common_dir
    raise InvalidGitRepositoryError()
git.exc.InvalidGitRepositoryError

The above exception was the direct cause of the following exception:

Traceback (most recent call last):
  File "/home/donotweb/Рабочий стол/Nexus/nexus/loader.py", line 1047, in send_ready_one
    await mod.client_ready()
  File "<core nexus.modules.updater>", line 480, in client_ready
    raise loader.LoadError("Can't load due to repo init error") from e
nexus.types.LoadError: Can't load due to repo init error
2026-03-01 11:31:48 [ERROR] nexus.loader: Failed to send mod init complete signal due to Can't load due to repo init error
Traceback (most recent call last):
  File "<core nexus.modules.updater>", line 478, in client_ready
    git.Repo()
    ~~~~~~~~^^
  File "/var/data/python/lib/python3.13/site-packages/git/repo/base.py", line 224, in __init__
    self.working_dir: Optional[PathLike] = self._working_tree_dir or self.common_dir
                                                                     ^^^^^^^^^^^^^^^
  File "/var/data/python/lib/python3.13/site-packages/git/repo/base.py", line 307, in common_dir
    raise InvalidGitRepositoryError()
git.exc.InvalidGitRepositoryError

The above exception was the direct cause of the following exception:

Traceback (most recent call last):
  File "/home/donotweb/Рабочий стол/Nexus/nexus/loader.py", line 1014, in send_ready_one_wrapper
    await self.send_ready_one(*args, **kwargs)
  File "/home/donotweb/Рабочий стол/Nexus/nexus/loader.py", line 1047, in send_ready_one
    await mod.client_ready()
  File "<core nexus.modules.updater>", line 480, in client_ready
    raise loader.LoadError("Can't load due to repo init error") from e
nexus.types.LoadError: Can't load due to repo init error
2026-03-01 11:31:48 [DEBUG] nexus.modules.loader: Loading modules: {}
2026-03-01 11:31:48 [DEBUG] urllib3.connectionpool: Starting new HTTPS connection (1): raw.githubusercontent.com:443
2026-03-01 11:31:48 [DEBUG] nexus.tl_cache: Saved hashable_entity nexus_talks to cache
2026-03-01 11:31:48 [DEBUG] nexus.tl_cache: Saved resolved_entity id 2850178142 to cache
2026-03-01 11:31:48 [DEBUG] nexus.tl_cache: Saved resolved_entity username @Nexus_Talks to cache
2026-03-01 11:31:48 [DEBUG] urllib3.connectionpool: https://raw.githubusercontent.com:443 "GET /DoNotWeb/modules/main/full.txt HTTP/1.1" 404 14
2026-03-01 11:31:48 [DEBUG] nexus.modules.loader: Can't load repo https://raw.githubusercontent.com/DoNotWeb/modules/main contents because of 404 status code
2026-03-01 11:31:48 [DEBUG] nexus.modules.loader: Modules: []
2026-03-01 11:31:48 [DEBUG] nexus._local_storage: Preloading modules from remote storage.
2026-03-01 11:31:48 [DEBUG] nexus.tl_cache: Saved hashable_entity nexus_talks to cache
2026-03-01 11:31:48 [DEBUG] nexus.tl_cache: Saved resolved_entity id 2850178142 to cache
2026-03-01 11:31:48 [DEBUG] nexus.tl_cache: Saved resolved_entity username @Nexus_Talks to cache
2026-03-01 11:31:49 [DEBUG] nexus.loader: Started loop for method <function NexusBackupMod.handler at 0x7f2ea61e9c60>
2026-03-01 11:31:49 [DEBUG] nexus.loader: Added module <nexus.modules.nexus_backup.NexusBackupMod object at 0x7f2ea6282ba0> to method <nexus.loader.InfiniteLoop object at 0x7f2ea61ed220>
2026-03-01 11:31:49 [DEBUG] nexus.modules.test: Bot logging installed for -1003791363882
2026-03-01 11:31:49 [DEBUG] nexus.loader: Started loop for method <function TestMod.watchdog at 0x7f2ea63474c0>
2026-03-01 11:31:49 [DEBUG] nexus.loader: Added module <nexus.modules.test.TestMod object at 0x7f2ea6ef5010> to method <nexus.loader.InfiniteLoop object at 0x7f2ea6d91310>
2026-03-01 11:31:50 [ERROR] nexus.loader: Failed to send mod init complete signal for <nexus.modules.quickstart.Quickstart object at 0x7f2ea6ef6e40> due to Telegram server says - Bad Request: wrong type of the web page content, attempting unload
Traceback (most recent call last):
  File "/home/donotweb/Рабочий стол/Nexus/nexus/loader.py", line 1047, in send_ready_one
    await mod.client_ready()
  File "<core nexus.modules.quickstart>", line 40, in client_ready
    await self.request_join(
    ...<2 lines>...
    )
  File "/home/donotweb/Рабочий стол/Nexus/nexus/types.py", line 399, in request_join
    await self.inline.bot.send_photo(
    ...<26 lines>...
    )
  File "/var/data/python/lib/python3.13/site-packages/aiogram/client/bot.py", line 2920, in send_photo
    return await self(call, request_timeout=request_timeout)
           ^^^^^^^^^^^^^^^^^^^^^^^^^^^^^^^^^^^^^^^^^^^^^^^^^
  File "/var/data/python/lib/python3.13/site-packages/aiogram/client/bot.py", line 478, in __call__
    return await self.session(self, method, timeout=request_timeout)
           ^^^^^^^^^^^^^^^^^^^^^^^^^^^^^^^^^^^^^^^^^^^^^^^^^^^^^^^^^
  File "/var/data/python/lib/python3.13/site-packages/aiogram/client/session/base.py", line 254, in __call__
    return cast(TelegramType, await middleware(bot, method))
                              ^^^^^^^^^^^^^^^^^^^^^^^^^^^^^
  File "/var/data/python/lib/python3.13/site-packages/aiogram/client/session/aiohttp.py", line 185, in make_request
    response = self.check_response(
        bot=bot, method=method, status_code=resp.status, content=raw_result
    )
  File "/var/data/python/lib/python3.13/site-packages/aiogram/client/session/base.py", line 120, in check_response
    raise TelegramBadRequest(method=method, message=description)
aiogram.exceptions.TelegramBadRequest: Telegram server says - Bad Request: wrong type of the web page content
2026-03-01 11:31:50 [ERROR] nexus.loader: Failed to send mod init complete signal due to Telegram server says - Bad Request: wrong type of the web page content
Traceback (most recent call last):
  File "/home/donotweb/Рабочий стол/Nexus/nexus/loader.py", line 1014, in send_ready_one_wrapper
    await self.send_ready_one(*args, **kwargs)
  File "/home/donotweb/Рабочий стол/Nexus/nexus/loader.py", line 1047, in send_ready_one
    await mod.client_ready()
  File "<core nexus.modules.quickstart>", line 40, in client_ready
    await self.request_join(
    ...<2 lines>...
    )
  File "/home/donotweb/Рабочий стол/Nexus/nexus/types.py", line 399, in request_join
    await self.inline.bot.send_photo(
    ...<26 lines>...
    )
  File "/var/data/python/lib/python3.13/site-packages/aiogram/client/bot.py", line 2920, in send_photo
    return await self(call, request_timeout=request_timeout)
           ^^^^^^^^^^^^^^^^^^^^^^^^^^^^^^^^^^^^^^^^^^^^^^^^^
  File "/var/data/python/lib/python3.13/site-packages/aiogram/client/bot.py", line 478, in __call__
    return await self.session(self, method, timeout=request_timeout)
           ^^^^^^^^^^^^^^^^^^^^^^^^^^^^^^^^^^^^^^^^^^^^^^^^^^^^^^^^^
  File "/var/data/python/lib/python3.13/site-packages/aiogram/client/session/base.py", line 254, in __call__
    return cast(TelegramType, await middleware(bot, method))
                              ^^^^^^^^^^^^^^^^^^^^^^^^^^^^^
  File "/var/data/python/lib/python3.13/site-packages/aiogram/client/session/aiohttp.py", line 185, in make_request
    response = self.check_response(
        bot=bot, method=method, status_code=resp.status, content=raw_result
    )
  File "/var/data/python/lib/python3.13/site-packages/aiogram/client/session/base.py", line 120, in check_response
    raise TelegramBadRequest(method=method, message=description)
aiogram.exceptions.TelegramBadRequest: Telegram server says - Bad Request: wrong type of the web page content
2026-03-01 11:31:50 [ERROR] root: Badge error
Traceback (most recent call last):
  File "/home/donotweb/Рабочий стол/Nexus/nexus/main.py", line 907, in _badge
    repo = git.Repo()
  File "/var/data/python/lib/python3.13/site-packages/git/repo/base.py", line 224, in __init__
    self.working_dir: Optional[PathLike] = self._working_tree_dir or self.common_dir
                                                                     ^^^^^^^^^^^^^^^
  File "/var/data/python/lib/python3.13/site-packages/git/repo/base.py", line 307, in common_dir
    raise InvalidGitRepositoryError()
git.exc.InvalidGitRepositoryError
2026-03-01 11:32:17 [DEBUG] nexus.loader: Reloaded 91 commands, 0 inline handlers, 1 callback handlers and 2 watchers
2026-03-01 11:32:18 [DEBUG] nexus.modules.api_protection: Successfully installed ratelimiter
2026-03-01 11:32:47 [DEBUG] nexus.loader: Reloaded 91 commands, 0 inline handlers, 1 callback handlers and 2 watchers
2026-03-01 11:33:17 [DEBUG] nexus.loader: Reloaded 91 commands, 0 inline handlers, 1 callback handlers and 2 watchers
